"exam_code","material_scope","material_group","source_repo_path","relative_path","original_filename","file_ext","size_bytes","sha256","last_ingested_utc"
"SHARED","(ebook) - david frey - the small business marketing bible 2003 (312 pages).pdf","shared","resources/source-material/shared/(Ebook) - David Frey - The Small Business Marketing Bible 2003 (312 Pages).pdf","(Ebook) - David Frey - The Small Business Marketing Bible 2003 (312 Pages).pdf","(Ebook) - David Frey - The Small Business Marketing Bible 2003 (312 Pages).pdf",".pdf","1414504","15AD5FEC8D1F560C357CD73412E22C9A44DDB17C1E4EAF56A352637E7C46C61D","2026-06-17T21:40:40Z"
"SHARED","(ebook) harper business - stock market wizards (jack schwager).pdf","shared","resources/source-material/shared/(Ebook) Harper Business - Stock Market Wizards (Jack Schwager).pdf","(Ebook) Harper Business - Stock Market Wizards (Jack Schwager).pdf","(Ebook) Harper Business - Stock Market Wizards (Jack Schwager).pdf",".pdf","4912005","4B66B16F291A8C6C8311B9E36E067EB271D00BC9B41442AE1B7A3E5ABBE615E5","2026-06-17T21:40:40Z"
"SHARED","(ebook-pdf) - mathematics - an introduction to cybernetics.pdf","shared","resources/source-material/shared/(ebook-pdf) - Mathematics - An Introduction to Cybernetics.pdf","(ebook-pdf) - Mathematics - An Introduction to Cybernetics.pdf","(ebook-pdf) - Mathematics - An Introduction to Cybernetics.pdf",".pdf","2116606","05BCC80967CE6C39CF233A3F35A10E565B2D199E7C0A37565C3CD0F2D900A336","2026-06-17T21:40:40Z"
"SHARED","(oxford) introduction to econometrics (2007).pdf","shared","resources/source-material/shared/(Oxford) Introduction to Econometrics (2007).pdf","(Oxford) Introduction to Econometrics (2007).pdf","(Oxford) Introduction to Econometrics (2007).pdf",".pdf","2942558","12A130352EFFE79A50C438C9F25CEBC69EB2C026E96E8244FE4E6C512311E0E3","2026-06-17T21:40:40Z"
"SHARED","(palgrave texts in econometrics) kerry patterson-a primer for unit root testing (palgrave texts in econometrics)-palgrave macmillan (2010).pdf","shared","resources/source-material/shared/(Palgrave Texts in Econometrics) Kerry Patterson-A Primer for Unit Root Testing (Palgrave Texts in Econometrics)-Palgrave Macmillan (2010).pdf","(Palgrave Texts in Econometrics) Kerry Patterson-A Primer for Unit Root Testing (Palgrave Texts in Econometrics)-Palgrave Macmillan (2010).pdf","(Palgrave Texts in Econometrics) Kerry Patterson-A Primer for Unit Root Testing (Palgrave Texts in Econometrics)-Palgrave Macmillan (2010).pdf",".pdf","1988113","8145CBD39E871830A1BECD8D798F81BF20F12C24BDAD8A0731782D99F65BC796","2026-06-17T21:40:40Z"
"SHARED","(springerbriefs in regional science) j. paul elhorst (auth.)-spatial econometrics_ from cross-sectional data to spatial panels-springer-verlag berlin heidelberg (2014).pdf","shared","resources/source-material/shared/(SpringerBriefs in Regional Science) J. Paul Elhorst (auth.)-Spatial Econometrics_ From Cross-Sectional Data to Spatial Panels-Springer-Verlag Berlin Heidelberg (2014).pdf","(SpringerBriefs in Regional Science) J. Paul Elhorst (auth.)-Spatial Econometrics_ From Cross-Sectional Data to Spatial Panels-Springer-Verlag Berlin Heidelberg (2014).pdf","(SpringerBriefs in Regional Science) J. Paul Elhorst (auth.)-Spatial Econometrics_ From Cross-Sectional Data to Spatial Panels-Springer-Verlag Berlin Heidelberg (2014).pdf",".pdf","1634706","2ADB753BEF02860F53308EA1AE3F479DB8DBA84543F08DA8EBD0A099ECE1BF2A","2026-06-17T21:40:40Z"
"SHARED","[ebook] how to write a business plan - nolo.pdf","shared","resources/source-material/shared/[eBook] How To Write A Business Plan - Nolo.pdf","[eBook] How To Write A Business Plan - Nolo.pdf","[eBook] How To Write A Business Plan - Nolo.pdf",".pdf","10798105","F0A7FD87FD9BDBB0B607BF774F4B11342581F3DA99F48B04908CC426EDE9FF24","2026-06-17T21:41:50Z"
"SHARED","[instructor solutions manual] microeconomics analysis (varian 1992) (53 pages)[1].pdf","shared","resources/source-material/shared/[Instructor Solutions Manual] Microeconomics Analysis (Varian 1992) (53 pages)[1].pdf","[Instructor Solutions Manual] Microeconomics Analysis (Varian 1992) (53 pages)[1].pdf","[Instructor Solutions Manual] Microeconomics Analysis (Varian 1992) (53 pages)[1].pdf",".pdf","614360","930D2AC97792E0842332B4D4AA6D18D85CFB172B287AD2A59070675EA3017948","2026-06-17T21:41:50Z"
"SHARED","10th edition micro theory.pdf","shared","resources/source-material/shared/10th edition micro theory.pdf","10th edition micro theory.pdf","10th edition micro theory.pdf",".pdf","4924139","37B81F07C63D3D096676A6939EB4C850E10F47C096FA5892395C94698BAD012F","2026-06-17T21:40:40Z"
"SHARED","119067440-schaum-s-outline-operations-research.pdf","shared","resources/source-material/shared/119067440-Schaum-s-Outline-Operations-Research.pdf","119067440-Schaum-s-Outline-Operations-Research.pdf","119067440-Schaum-s-Outline-Operations-Research.pdf",".pdf","37882821","5417A3BA5D8E868D87BAE39E164973F3AD6E0CF8AB053CAF658FACDC0A260406","2026-06-17T21:40:40Z"
"SHARED","19410414.epub","shared","resources/source-material/shared/19410414.epub","19410414.epub","19410414.epub",".epub","14594141","C1C1CEE3897C7918D53713BB5457247D86ADFFA0841C2266A4C42D298EE45091","2026-06-17T21:40:40Z"
"SHARED","2014_book_pythonprogrammingfundamentals.pdf","shared","resources/source-material/shared/2014_Book_PythonProgrammingFundamentals.pdf","2014_Book_PythonProgrammingFundamentals.pdf","2014_Book_PythonProgrammingFundamentals.pdf",".pdf","5314418","24CAA2EFBFF08D7C5A3796EE5C7BBB386ACDE31F258C232E8DCFE2CC22BE428F","2026-06-17T21:40:40Z"
"SHARED","2014_book_thepythonworkbook.pdf","shared","resources/source-material/shared/2014_Book_ThePythonWorkbook.pdf","2014_Book_ThePythonWorkbook.pdf","2014_Book_ThePythonWorkbook.pdf",".pdf","11035836","AA58D687C562E6C14B38AD106F80112278AA5DC4C973BC8ADA8E64B0CA141F35","2026-06-17T21:40:40Z"
"SHARED","2015_book_datastructuresandalgorithmswit.pdf","shared","resources/source-material/shared/2015_Book_DataStructuresAndAlgorithmsWit.pdf","2015_Book_DataStructuresAndAlgorithmsWit.pdf","2015_Book_DataStructuresAndAlgorithmsWit.pdf",".pdf","9220221","9A70863C71ECFECCC6CEC146B8DEBBE1A24EBC50A9F57B2AD8106EE54A2DFDA0","2026-06-17T21:40:40Z"
"SHARED","27621693-schaum-laplace-transforms.pdf","shared","resources/source-material/shared/27621693-Schaum-Laplace-Transforms.pdf","27621693-Schaum-Laplace-Transforms.pdf","27621693-Schaum-Laplace-Transforms.pdf",".pdf","17654856","F2BB86DAD44BF56C27168633909B90FED54FAC68A7FCDDC95AB7D575A2B88B9D","2026-06-17T21:40:40Z"
"SHARED","29046215-schaum-vector-analysis.pdf","shared","resources/source-material/shared/29046215-Schaum-Vector-Analysis.pdf","29046215-Schaum-Vector-Analysis.pdf","29046215-Schaum-Vector-Analysis.pdf",".pdf","16605999","1ACAA1DC853E58185DED14618997C8F477B30C5609A8175C1FF4D184197DE13E","2026-06-17T21:40:40Z"
"SHARED","50 economics ideas you really n - edmund conway.epub","shared","resources/source-material/shared/50 Economics Ideas You Really N - Edmund Conway.epub","50 Economics Ideas You Really N - Edmund Conway.epub","50 Economics Ideas You Really N - Edmund Conway.epub",".epub","492609","15A95181F963009093E8A676CBFF0C2AA7AE7A9BAF36AD6E11CA2C9FBD672053","2026-06-17T21:40:40Z"
"SHARED","7habitstrader.pdf","shared","resources/source-material/shared/7HabitsTrader.pdf","7HabitsTrader.pdf","7HabitsTrader.pdf",".pdf","2619419","D62E1E478D236561B565930133CE697681617E07F4BE6CA10B55DEEC6D2558E4","2026-06-17T21:40:40Z"
"SHARED","7hiddenpsychological.pdf","shared","resources/source-material/shared/7HiddenPsychological.pdf","7HiddenPsychological.pdf","7HiddenPsychological.pdf",".pdf","2222678","D8D97C3C87A80D795140442C561CB899494C8B567B3C8FF0CF9AFF0C1156A4C2","2026-06-17T21:40:40Z"
"SHARED","82911780-schaum-s-partial-differential-equations-250.pdf","shared","resources/source-material/shared/82911780-Schaum-s-Partial-Differential-Equations-250.pdf","82911780-Schaum-s-Partial-Differential-Equations-250.pdf","82911780-Schaum-s-Partial-Differential-Equations-250.pdf",".pdf","9923086","57BF343807DF8464F246FD2EE1CF4FD26D7F1D956738514684182BB49CD98B04","2026-06-17T21:40:41Z"
"SHARED","a course in game theory - martin j. osborne.pdf","shared","resources/source-material/shared/A Course in Game Theory - Martin J. Osborne.pdf","A Course in Game Theory - Martin J. Osborne.pdf","A Course in Game Theory - Martin J. Osborne.pdf",".pdf","4610808","FFB9EECB5C1A2E7341704C833CBE063925993A76B9E3A492B10051087F9962DA","2026-06-17T21:40:41Z"
"SHARED","a course in game theory solution manual - martin j. osborne.pdf","shared","resources/source-material/shared/A Course in Game Theory Solution Manual - Martin J. Osborne.pdf","A Course in Game Theory Solution Manual - Martin J. Osborne.pdf","A Course in Game Theory Solution Manual - Martin J. Osborne.pdf",".pdf","540958","673356906EE21E34093859FE8F61B6515BBEA4A010AF4215DB157CB6A489176A","2026-06-17T21:40:41Z"
"SHARED","a first course in probability 8th.pdf","shared","resources/source-material/shared/A FIRST COURSE IN PROBABILITY 8th.pdf","A FIRST COURSE IN PROBABILITY 8th.pdf","A FIRST COURSE IN PROBABILITY 8th.pdf",".pdf","3643660","522F5174714837748818E931F3E7205D3746B54BF1631012552EBCCCE2B26ADC","2026-06-17T21:40:41Z"
"SHARED","a first course in stochastic models - h. c. tijms.pdf","shared","resources/source-material/shared/A First Course In Stochastic Models - H. C. Tijms.pdf","A First Course In Stochastic Models - H. C. Tijms.pdf","A First Course In Stochastic Models - H. C. Tijms.pdf",".pdf","2526095","0252141A6CDEB049EA540127778E51DA586F8870EEBFD26BF990863683FA7257","2026-06-17T21:40:41Z"
"SHARED","a game as old as empire_ the secret world of economic hit men and the web of global corruption.pdf","shared","resources/source-material/shared/A Game as Old as Empire_ The Secret World of Economic Hit Men and the Web of Global Corruption.pdf","A Game as Old as Empire_ The Secret World of Economic Hit Men and the Web of Global Corruption.pdf","A Game as Old as Empire_ The Secret World of Economic Hit Men and the Web of Global Corruption.pdf",".pdf","1991674","C915246BD61A1A24E9C451E53AB9ED5572E2B4B4BD1345DB8F8229E2A3DB6CB7","2026-06-17T21:40:41Z"
"SHARED","a study of the emergence of management accounting system ethos and its influence on perceived system success.pdf","shared","resources/source-material/shared/A study of the emergence of management accounting system ethos and its influence on perceived system success.pdf","A study of the emergence of management accounting system ethos and its influence on perceived system success.pdf","A study of the emergence of management accounting system ethos and its influence on perceived system success.pdf",".pdf","249799","9DEBD80D1EFC0464F9C2D5E737ADF2EC325470EADA6B2950ACDF530E6FEA9CF6","2026-06-17T21:40:41Z"
"SHARED","a supply chain management guide to business continuity.pdf","shared","resources/source-material/shared/A Supply Chain Management Guide to Business Continuity.pdf","A Supply Chain Management Guide to Business Continuity.pdf","A Supply Chain Management Guide to Business Continuity.pdf",".pdf","1753884","D42071054C7F232B24269C14506EBB54A925589AB6F8B7590759FD2BAA538D61","2026-06-17T21:40:41Z"
"SHARED","aalbers (ed.) - subprime cities_ the political economy of mortgage markets (2012).pdf","shared","resources/source-material/shared/Aalbers (Ed.) - Subprime Cities_ the Political Economy of Mortgage Markets (2012).pdf","Aalbers (Ed.) - Subprime Cities_ the Political Economy of Mortgage Markets (2012).pdf","Aalbers (Ed.) - Subprime Cities_ the Political Economy of Mortgage Markets (2012).pdf",".pdf","3520462","7E79CE6D39786009997C155403264A8157E5F8784E6C2F56B8762726F280B76F","2026-06-17T21:40:41Z"
"SHARED","abbing h. why are artists poor (amsterdam, 2004)(isbn 9053565655)(o)(369s)_gpop_.pdf","shared","resources/source-material/shared/Abbing H. Why are artists poor (Amsterdam, 2004)(ISBN 9053565655)(O)(369s)_GPop_.pdf","Abbing H. Why are artists poor (Amsterdam, 2004)(ISBN 9053565655)(O)(369s)_GPop_.pdf","Abbing H. Why are artists poor (Amsterdam, 2004)(ISBN 9053565655)(O)(369s)_GPop_.pdf",".pdf","1684206","8A3E5A9B28F3D286E5556D6D4BAC86A25D4448C2B304F59C2736B0A4E33A4953","2026-06-17T21:40:41Z"
"SHARED","abcs of political economy modern primer robin hahnel.pdf","shared","resources/source-material/shared/ABCs of Political Economy Modern Primer Robin Hahnel.pdf","ABCs of Political Economy Modern Primer Robin Hahnel.pdf","ABCs of Political Economy Modern Primer Robin Hahnel.pdf",".pdf","2567148","201F5E9C0AAACC0AA8A404D67D06E9E0D1C203BC4CC6FF2F6EEE1ED3B6A5442C","2026-06-17T21:40:41Z"
"SHARED","abdelnour - economic warfare_ secrets of wealth creation in the age of welfare politics (2012).pdf","shared","resources/source-material/shared/Abdelnour - Economic Warfare_ Secrets of Wealth Creation in the Age of Welfare Politics (2012).pdf","Abdelnour - Economic Warfare_ Secrets of Wealth Creation in the Age of Welfare Politics (2012).pdf","Abdelnour - Economic Warfare_ Secrets of Wealth Creation in the Age of Welfare Politics (2012).pdf",".pdf","1719099","9A702F6758B85AA87BB5F93580F12788D79AF9859511023FE8B284FB43CBC74A","2026-06-17T21:40:41Z"
"SHARED","abramson - digital phoenix_ why the information economy collapsed and how it will rise again (2005).pdf","shared","resources/source-material/shared/Abramson - Digital Phoenix_ Why the Information Economy Collapsed and How It Will Rise Again (2005).pdf","Abramson - Digital Phoenix_ Why the Information Economy Collapsed and How It Will Rise Again (2005).pdf","Abramson - Digital Phoenix_ Why the Information Economy Collapsed and How It Will Rise Again (2005).pdf",".pdf","11990395","1862242B7391DEF1031005218D501ED59210C6AA42A6329DBDCD35E64F75C2B9","2026-06-17T21:40:41Z"
"SHARED","accounting - asset valuation, profit measurement & the underlying accounting concepts.pdf","shared","resources/source-material/shared/Accounting - Asset Valuation, Profit Measurement & The Underlying Accounting Concepts.pdf","Accounting - Asset Valuation, Profit Measurement & The Underlying Accounting Concepts.pdf","Accounting - Asset Valuation, Profit Measurement & The Underlying Accounting Concepts.pdf",".pdf","466287","2B357568746A268053FBB4721D93A35502E7FC356F70CCCD534B8DCA6EAE6B04","2026-06-17T21:40:41Z"
"SHARED","accounting - what is cost accounting.pdf","shared","resources/source-material/shared/Accounting - What is Cost Accounting.pdf","Accounting - What is Cost Accounting.pdf","Accounting - What is Cost Accounting.pdf",".pdf","154085","5A825CB4AE93C501559EB67EC9E05142F34D050828A6427F869047647A2D3957","2026-06-17T21:40:41Z"
"SHARED","accounting book.pdf","shared","resources/source-material/shared/Accounting Book.pdf","Accounting Book.pdf","Accounting Book.pdf",".pdf","34867320","310791643AC8C2E0C7A351FD4E6EE26067A831125CD45A42F1942DFF78F8889A","2026-06-17T21:40:41Z"
"SHARED","accounting for payroll.pdf","shared","resources/source-material/shared/Accounting For Payroll.pdf","Accounting For Payroll.pdf","Accounting For Payroll.pdf",".pdf","3729284","5D398F5BC2B8038426F6A5A856D39BEF0FCD90061A7D8427E728E788003E2C70","2026-06-17T21:40:41Z"
"SHARED","accounting information book.pdf","shared","resources/source-material/shared/Accounting Information Book.PDF","Accounting Information Book.PDF","Accounting Information Book.PDF",".pdf","67611426","7E019628E1624B9C3D63498FECA71C721178F35444DDE90844CB018E3B99A8DD","2026-06-17T21:40:41Z"
"SHARED","accounting patterns fowler.pdf","shared","resources/source-material/shared/Accounting Patterns Fowler.pdf","Accounting Patterns Fowler.pdf","Accounting Patterns Fowler.pdf",".pdf","1203980","CA49F4C2B28581C505C87BDCD61DD8BE0FBCA9FFC4691548C640A1BD5C02B4DB","2026-06-17T21:40:41Z"
"SHARED","accounting theory and the large corporation.pdf","shared","resources/source-material/shared/Accounting Theory And The Large Corporation.pdf","Accounting Theory And The Large Corporation.pdf","Accounting Theory And The Large Corporation.pdf",".pdf","1212905","29A3B152419340D59A196CBA6818E689A0F4E0B3147380F55B736DFE4D55CF8F","2026-06-17T21:40:41Z"
"SHARED","accounting_for_managers_-_interpreting_accounting_information_for_decision_making_(wiley-2003).pdf","shared","resources/source-material/shared/Accounting_for_Managers_-_Interpreting_Accounting_Information_for_Decision_Making_(Wiley-2003).pdf","Accounting_for_Managers_-_Interpreting_Accounting_Information_for_Decision_Making_(Wiley-2003).pdf","Accounting_for_Managers_-_Interpreting_Accounting_Information_for_Decision_Making_(Wiley-2003).pdf",".pdf","2217574","67EABC6FBE8AA7A4F384B7D28CA693663F461F4478FED19D79FA2E9DE06DC218","2026-06-17T21:40:41Z"
"SHARED","acharya - guaranteed to fail_ fannie mae, freddie mac and the debacle of mortgage finance (2011).pdf","shared","resources/source-material/shared/Acharya - Guaranteed to Fail_ Fannie Mae, Freddie Mac and the Debacle of Mortgage Finance (2011).pdf","Acharya - Guaranteed to Fail_ Fannie Mae, Freddie Mac and the Debacle of Mortgage Finance (2011).pdf","Acharya - Guaranteed to Fail_ Fannie Mae, Freddie Mac and the Debacle of Mortgage Finance (2011).pdf",".pdf","30638519","12D9D0509C67119C14DB6D8048E77EA9F213DCC778E77525A95D273E3065B609","2026-06-17T21:40:41Z"
"SHARED","actuarial mathematics.pdf","shared","resources/source-material/shared/Actuarial Mathematics.pdf","Actuarial Mathematics.pdf","Actuarial Mathematics.pdf",".pdf","34295526","C4D45765127B794E09D775906A72D9FF21D11DE9CCAC0842E05967823516464B","2026-06-17T21:40:41Z"
"SHARED","advanced macroeconomics - beyond islm - derek leslie. ch.1. p.10-11..pdf","shared","resources/source-material/shared/Advanced Macroeconomics - Beyond ISLM - Derek Leslie. CH.1. p.10-11..pdf","Advanced Macroeconomics - Beyond ISLM - Derek Leslie. CH.1. p.10-11..pdf","Advanced Macroeconomics - Beyond ISLM - Derek Leslie. CH.1. p.10-11..pdf",".pdf","132869","CA234DDBE28EEEAFCDB5E1B7F073A910CAF3F92A469EA36DB3F8C93E3B807905","2026-06-17T21:40:42Z"
"SHARED","advanced macroeconomics - beyond islm - derek leslie_2c ch.1. p.1-31.pdf","shared","resources/source-material/shared/Advanced Macroeconomics - Beyond ISLM - Derek Leslie_2c CH.1. p.1-31.pdf","Advanced Macroeconomics - Beyond ISLM - Derek Leslie_2c CH.1. p.1-31.pdf","Advanced Macroeconomics - Beyond ISLM - Derek Leslie_2c CH.1. p.1-31.pdf",".pdf","1626248","CBC7DC6CA7076C920AA3C7EB7AE2D5AA447CAAD9A1E4733807FD534DBE3BAB13","2026-06-17T21:40:42Z"
"SHARED","advanced macroeconomics by david romer 1996 edition (550 pages).pdf","shared","resources/source-material/shared/Advanced Macroeconomics by David Romer 1996 edition (550 pages).pdf","Advanced Macroeconomics by David Romer 1996 edition (550 pages).pdf","Advanced Macroeconomics by David Romer 1996 edition (550 pages).pdf",".pdf","27681605","F686F4CE028614EACE5E786A077F2C68D39ED6C49F3B31B0D9253F51EA83B460","2026-06-17T21:40:42Z"
"SHARED","advanced macroeconomics by david romer_solutions 1996 edition (138 pages).pdf","shared","resources/source-material/shared/Advanced Macroeconomics by David Romer_Solutions 1996 edition (138 pages).pdf","Advanced Macroeconomics by David Romer_Solutions 1996 edition (138 pages).pdf","Advanced Macroeconomics by David Romer_Solutions 1996 edition (138 pages).pdf",".pdf","10890758","82CA250EEB78B1BEC88BC36559B196E5405CF2C5268AC849540B9F9A46A7F5DD","2026-06-17T21:40:42Z"
"SHARED","advanced.engineering.mathematics.10th.edition.bd.pdf","shared","resources/source-material/shared/Advanced.Engineering.Mathematics.10th.Edition.BD.pdf","Advanced.Engineering.Mathematics.10th.Edition.BD.pdf","Advanced.Engineering.Mathematics.10th.Edition.BD.pdf",".pdf","22524929","401967F23CEB4E8E46D53E121C9A20EB0DCC4177937C964E299811A5141F0F53","2026-06-17T21:40:42Z"
"SHARED","advances in genomic sequence analysi.pdf","shared","resources/source-material/shared/advances in genomic sequence analysi.pdf","advances in genomic sequence analysi.pdf","advances in genomic sequence analysi.pdf",".pdf","3199073","A4BDF91E8F6677435C0D745C2D9B179DE8B9C0C1F241E81529FAC3257EB1F914","2026-06-17T21:40:42Z"
"SHARED","agarwal & naik - hedge funds (2005).pdf","shared","resources/source-material/shared/Agarwal & Naik - Hedge Funds (2005).pdf","Agarwal & Naik - Hedge Funds (2005).pdf","Agarwal & Naik - Hedge Funds (2005).pdf",".pdf","1085064","F613353D87687C65EE4920902A42BADCFF946F28C7E760090418F25654032C86","2026-06-17T21:40:42Z"
"SHARED","aghion p., banerjee a. volatility and growth (oup, 2005)(isbn 0199248613)(o)(159s)_gk_.pdf","shared","resources/source-material/shared/Aghion P., Banerjee A. Volatility and growth (OUP, 2005)(ISBN 0199248613)(O)(159s)_GK_.pdf","Aghion P., Banerjee A. Volatility and growth (OUP, 2005)(ISBN 0199248613)(O)(159s)_GK_.pdf","Aghion P., Banerjee A. Volatility and growth (OUP, 2005)(ISBN 0199248613)(O)(159s)_GK_.pdf",".pdf","803313","FECF6A581D7F612A7BFCBA78EC37F43AB33200E4ABD6186005E912E0EB561345","2026-06-17T21:40:42Z"
"SHARED","ahamed - lords of finance_ the bankers who broke the world (2009).epub","shared","resources/source-material/shared/Ahamed - Lords of Finance_ The Bankers Who Broke the World (2009).epub","Ahamed - Lords of Finance_ The Bankers Who Broke the World (2009).epub","Ahamed - Lords of Finance_ The Bankers Who Broke the World (2009).epub",".epub","1383249","AB5245D35FCDAC39B7EE81AB24770923DC52BB7C16BC531BBFC14BFE9946D0D2","2026-06-17T21:40:42Z"
"SHARED","ahiakpor j.c.w. classical macroeconomics (routledge, 2003)(isbn 0203413520)(273s)_gk_.pdf","shared","resources/source-material/shared/Ahiakpor J.C.W. Classical macroeconomics (Routledge, 2003)(ISBN 0203413520)(273s)_GK_.pdf","Ahiakpor J.C.W. Classical macroeconomics (Routledge, 2003)(ISBN 0203413520)(273s)_GK_.pdf","Ahiakpor J.C.W. Classical macroeconomics (Routledge, 2003)(ISBN 0203413520)(273s)_GK_.pdf",".pdf","1489807","A0BA5AE9201748A1F70ACCD4B887C9C568DDA48C42B959171197A8B544029785","2026-06-17T21:40:42Z"
"SHARED","ajamie & kelly - financial serial killers_ inside the world of wall street money hustlers, swindlers, and con men (2010).epub","shared","resources/source-material/shared/Ajamie & Kelly - Financial Serial Killers_ Inside the World of Wall Street Money Hustlers, Swindlers, and Con Men (2010).epub","Ajamie & Kelly - Financial Serial Killers_ Inside the World of Wall Street Money Hustlers, Swindlers, and Con Men (2010).epub","Ajamie & Kelly - Financial Serial Killers_ Inside the World of Wall Street Money Hustlers, Swindlers, and Con Men (2010).epub",".epub","494939","1B11458E71C9E1BE5B4FF03D55E62F66B5953605EC1C7E2E87795E905C3AAED8","2026-06-17T21:40:42Z"
"SHARED","ajmani v. applied econometrics using the sas system (wiley, 2009)(isbn 0470129492)(o)(322s)_gl_.pdf","shared","resources/source-material/shared/Ajmani V. Applied Econometrics Using the SAS System (Wiley, 2009)(ISBN 0470129492)(O)(322s)_GL_.pdf","Ajmani V. Applied Econometrics Using the SAS System (Wiley, 2009)(ISBN 0470129492)(O)(322s)_GL_.pdf","Ajmani V. Applied Econometrics Using the SAS System (Wiley, 2009)(ISBN 0470129492)(O)(322s)_GL_.pdf",".pdf","4004354","BC4F3779C493DEFF0FBB3C5AEED1B92F5CBC0AC958AB2689B4CE0199E8B1F640","2026-06-17T21:40:43Z"
"SHARED","akerlof a.g. explorations in modern economics.. selected papers (oup, 2003)(isbn 0199253919)(525s)_gg_.pdf","shared","resources/source-material/shared/Akerlof A.G. Explorations in modern economics.. Selected papers (OUP, 2003)(ISBN 0199253919)(525s)_GG_.pdf","Akerlof A.G. Explorations in modern economics.. Selected papers (OUP, 2003)(ISBN 0199253919)(525s)_GG_.pdf","Akerlof A.G. Explorations in modern economics.. Selected papers (OUP, 2003)(ISBN 0199253919)(525s)_GG_.pdf",".pdf","2508953","85E920DCE18412B1969BF016EF4A3F17F32CF76C0A768A112B462B69B6F09BC7","2026-06-17T21:40:43Z"
"SHARED","alan b. krueger - what makes a terrorist [2008][a].pdf","shared","resources/source-material/shared/Alan B. Krueger - What Makes a Terrorist [2008][A].pdf","Alan B. Krueger - What Makes a Terrorist [2008][A].pdf","Alan B. Krueger - What Makes a Terrorist [2008][A].pdf",".pdf","3261157","B137073ACD46B664B4459179F1C54A6BD2CD22ABB2637C2F42AC394C4DEE5282","2026-06-17T21:40:43Z"
"SHARED","albo - in and out of crisis_ the global financial meltdown and left alternatives (2010).pdf","shared","resources/source-material/shared/Albo - In and Out of Crisis_ The Global Financial Meltdown and Left Alternatives (2010).pdf","Albo - In and Out of Crisis_ The Global Financial Meltdown and Left Alternatives (2010).pdf","Albo - In and Out of Crisis_ The Global Financial Meltdown and Left Alternatives (2010).pdf",".pdf","4277655","91802EE8D60FAFBCEE1E68EBCFD5FD55383B5BCA1A57BE8E1E2F88C4FB0308BB","2026-06-17T21:40:43Z"
"SHARED","algebra in the stone-čech compactifi.pdf","shared","resources/source-material/shared/Algebra in the Stone-Čech Compactifi.pdf","Algebra in the Stone-Čech Compactifi.pdf","Algebra in the Stone-Čech Compactifi.pdf",".pdf","4536193","1938D931848880D6C69A60FF984F8E5F4E9EA76B3CC0769F16DD00314E040D5C","2026-06-17T21:40:43Z"
"SHARED","algebra know-it-all beginner to advanced, and everything in between.pdf","shared","resources/source-material/shared/Algebra Know-It-ALL Beginner to Advanced, and Everything in Between.pdf","Algebra Know-It-ALL Beginner to Advanced, and Everything in Between.pdf","Algebra Know-It-ALL Beginner to Advanced, and Everything in Between.pdf",".pdf","2282836","7C2E93E132386736FF7BAAEF57D1EBC3696BF18FD0B1CC6E57A2A5AB9CFC728D","2026-06-17T21:40:43Z"
"SHARED","allen - fixing the housing market_ financial innovations for the future (2012).pdf","shared","resources/source-material/shared/Allen - Fixing the Housing Market_ Financial Innovations for the Future (2012).pdf","Allen - Fixing the Housing Market_ Financial Innovations for the Future (2012).pdf","Allen - Fixing the Housing Market_ Financial Innovations for the Future (2012).pdf",".pdf","4460597","E18C6D6D4E2C645B4AC70A6CF1E790B967C91F7FF4D17249E9C5C97C4231696E","2026-06-17T21:40:43Z"
"SHARED","allen f., gale d. understanding financial crises (oup, 2007)(isbn 019925141x)(o)(314s)_gk_.pdf","shared","resources/source-material/shared/Allen F., Gale D. Understanding financial crises (OUP, 2007)(ISBN 019925141X)(O)(314s)_GK_.pdf","Allen F., Gale D. Understanding financial crises (OUP, 2007)(ISBN 019925141X)(O)(314s)_GK_.pdf","Allen F., Gale D. Understanding financial crises (OUP, 2007)(ISBN 019925141X)(O)(314s)_GK_.pdf",".pdf","1422170","FD3F94B9F661D709BB760C0A293A1296DEC43706A7D8A80D0306C0E28A7D96E1","2026-06-17T21:40:43Z"
"SHARED","altman & hotchkiss - corporate financial distress and bankruptcy, 3e (2006).pdf","shared","resources/source-material/shared/Altman & Hotchkiss - Corporate Financial Distress and Bankruptcy, 3e (2006).pdf","Altman & Hotchkiss - Corporate Financial Distress and Bankruptcy, 3e (2006).pdf","Altman & Hotchkiss - Corporate Financial Distress and Bankruptcy, 3e (2006).pdf",".pdf","3212173","F01C0B4B930763F83181D2C98334B3FAE6B3EDAB5D5E3A1569A01D7C2B9FC8B9","2026-06-17T21:40:43Z"
"SHARED","altucher - supercash_ the new hedge fund capitalism (2006).pdf","shared","resources/source-material/shared/Altucher - SuperCash_ The New Hedge Fund Capitalism (2006).pdf","Altucher - SuperCash_ The New Hedge Fund Capitalism (2006).pdf","Altucher - SuperCash_ The New Hedge Fund Capitalism (2006).pdf",".pdf","10798357","827CC06DBBCFE4B4F4DFB371A78C32103CC8A0AC5B66895442CF156607FAE99E","2026-06-17T21:40:43Z"
"SHARED","amacom - accounting demystified.pdf","shared","resources/source-material/shared/Amacom - Accounting Demystified.pdf","Amacom - Accounting Demystified.pdf","Amacom - Accounting Demystified.pdf",".pdf","773107","F9D75CCE6EB33C9F62E71E5F66AD74596241E785DDF7DB78919667EAB08FCAEB","2026-06-17T21:40:43Z"
"SHARED","america the possible_ manifesto - speth, james gustave.epub","shared","resources/source-material/shared/America the Possible_ Manifesto - Speth, James Gustave.epub","America the Possible_ Manifesto - Speth, James Gustave.epub","America the Possible_ Manifesto - Speth, James Gustave.epub",".epub","381497","873FAC64DE9D59660FE5DF4F4BCE6670712518E47E9BD09E6B8A25C48B63DE08","2026-06-17T21:40:43Z"
"SHARED","amihud et al - market liquidity_ asset pricing, risk, and crises (2013).pdf","shared","resources/source-material/shared/Amihud et al - Market Liquidity_ Asset Pricing, Risk, and Crises (2013).pdf","Amihud et al - Market Liquidity_ Asset Pricing, Risk, and Crises (2013).pdf","Amihud et al - Market Liquidity_ Asset Pricing, Risk, and Crises (2013).pdf",".pdf","1434793","0870BC9FF9CE411B1ECD4685F4926E7D2E98AB146D617B8F3DB457AD76A11163","2026-06-17T21:40:43Z"
"SHARED","amin.the implosion of contemporary capitalism (2013).pdf","shared","resources/source-material/shared/Amin.The Implosion of Contemporary Capitalism (2013).pdf","Amin.The Implosion of Contemporary Capitalism (2013).pdf","Amin.The Implosion of Contemporary Capitalism (2013).pdf",".pdf","3642037","6AF292D02243D8BA5FEEEDEF393F435392F43BC754841861E19A6FF87CBE4B34","2026-06-17T21:40:43Z"
"SHARED","an introduction to dynamic games lctn - a. haurie.pdf","shared","resources/source-material/shared/An Introduction to Dynamic Games Lctn - A. Haurie.pdf","An Introduction to Dynamic Games Lctn - A. Haurie.pdf","An Introduction to Dynamic Games Lctn - A. Haurie.pdf",".pdf","715056","64C206954E39F3F2F125C7336395541C03CE5AEC91D8BF72E79F80EBEE536E01","2026-06-17T21:40:43Z"
"SHARED","an introduction to game theory - eric rasmusen.pdf","shared","resources/source-material/shared/An Introduction to Game Theory - Eric Rasmusen.pdf","An Introduction to Game Theory - Eric Rasmusen.pdf","An Introduction to Game Theory - Eric Rasmusen.pdf",".pdf","7325457","6CC10F1C889F8ABBFF112B4851E6AF7EBB9097563D60B221A3729F93BACB5ACF","2026-06-17T21:40:43Z"
"SHARED","an introduction to mathematics for economics.pdf","shared","resources/source-material/shared/An Introduction to Mathematics for Economics.pdf","An Introduction to Mathematics for Economics.pdf","An Introduction to Mathematics for Economics.pdf",".pdf","3863787","462016FD9D16370EE241A3CAAF42273622FF355398410E5BE831F07B2F069427","2026-06-17T21:40:43Z"
"SHARED","an introduction to statistical learn.pdf","shared","resources/source-material/shared/An Introduction to Statistical Learn.pdf","An Introduction to Statistical Learn.pdf","An Introduction to Statistical Learn.pdf",".pdf","9591073","75A41E7E5CD1146B630D36A6C6F7E6706D279BE55B002DDB6F9550CA63C0DE61","2026-06-17T21:40:43Z"
"SHARED","an introduction to statistical signal processing.pdf","shared","resources/source-material/shared/An Introduction To Statistical Signal Processing.pdf","An Introduction To Statistical Signal Processing.pdf","An Introduction To Statistical Signal Processing.pdf",".pdf","1808384","FB9E1875CEC209C84B15E3B75E7029E25B3F8B83925F24808751BD6943B9C84A","2026-06-17T21:40:43Z"
"SHARED","an introduction to stochastic processes in physics, containing on the theory of brownian notion - lemons d.n..pdf","shared","resources/source-material/shared/An introduction to stochastic processes in physics, containing On the theory of Brownian notion - Lemons D.N..pdf","An introduction to stochastic processes in physics, containing On the theory of Brownian notion - Lemons D.N..pdf","An introduction to stochastic processes in physics, containing On the theory of Brownian notion - Lemons D.N..pdf",".pdf","417043","FBEC71F58BC09958EC624EC55A0F0AA51C79C23782B3A7588689935CFA8F81A0","2026-06-17T21:40:43Z"
"SHARED","an introduction to the financial der.pdf","shared","resources/source-material/shared/An Introduction to the Financial Der.pdf","An Introduction to the Financial Der.pdf","An Introduction to the Financial Der.pdf",".pdf","12409644","DB529E803BA3B9BC298C652BF65F43C679D7E66908F54F487D0AB1E7BCE303C4","2026-06-17T21:40:43Z"
"SHARED","an introduction to the financial derivatives.pdf","shared","resources/source-material/shared/An Introduction to the Financial Derivatives.pdf","An Introduction to the Financial Derivatives.pdf","An Introduction to the Financial Derivatives.pdf",".pdf","15541105","778B4DC0448966952081E0D8C446FFC2CFA8663638803359C6813B2B3546C133","2026-06-17T21:40:43Z"
"SHARED","an introduction to the mathematics of financial derivatives solution manual_neftci.pdf","shared","resources/source-material/shared/An Introduction to the Mathematics of Financial Derivatives Solution Manual_Neftci.pdf","An Introduction to the Mathematics of Financial Derivatives Solution Manual_Neftci.pdf","An Introduction to the Mathematics of Financial Derivatives Solution Manual_Neftci.pdf",".pdf","862850","E10C089D112AE299D9C8BB83E583038C2E8C938862CC0BE07FCD113C8A3D11CE","2026-06-17T21:40:43Z"
"SHARED","anagnost et al (eds.) - global futures in east asia_ youth, nation, and the new economy in uncertain times (2013).pdf","shared","resources/source-material/shared/Anagnost et al (Eds.) - Global Futures in East Asia_ Youth, Nation, and the New Economy in Uncertain Times (2013).pdf","Anagnost et al (Eds.) - Global Futures in East Asia_ Youth, Nation, and the New Economy in Uncertain Times (2013).pdf","Anagnost et al (Eds.) - Global Futures in East Asia_ Youth, Nation, and the New Economy in Uncertain Times (2013).pdf",".pdf","4625857","6B607C37B23331A4A8DB5661C1FA596254997BC393A44C8556F1744AA24AFEF8","2026-06-17T21:40:43Z"
"SHARED","analog estimation of econometric models.pdf","shared","resources/source-material/shared/Analog Estimation of Econometric Models.PDF","Analog Estimation of Econometric Models.PDF","Analog Estimation of Econometric Models.PDF",".pdf","1267971","6BFD4E68F27545E6FAEC61F0642E62DDF2854E54ADA7A28FEF32CD321D236D57","2026-06-17T21:40:43Z"
"SHARED","analysis and numerics of partial dif.pdf","shared","resources/source-material/shared/Analysis and Numerics of Partial Dif.pdf","Analysis and Numerics of Partial Dif.pdf","Analysis and Numerics of Partial Dif.pdf",".pdf","4676493","F8CC18763C5401A4A9E6918A890D9AF8EC6B61A94920CF1D0718592103FA0AA2","2026-06-17T21:40:43Z"
"SHARED","anderton c.h., carter j.r. principles of conflict economics (cup, 2009)(isbn 0521875579)(o)(345s)_gg_.pdf","shared","resources/source-material/shared/Anderton C.H., Carter J.R. Principles of conflict economics (CUP, 2009)(ISBN 0521875579)(O)(345s)_GG_.pdf","Anderton C.H., Carter J.R. Principles of conflict economics (CUP, 2009)(ISBN 0521875579)(O)(345s)_GG_.pdf","Anderton C.H., Carter J.R. Principles of conflict economics (CUP, 2009)(ISBN 0521875579)(O)(345s)_GG_.pdf",".pdf","1846124","D4FAE507A54709656D8299E22D47C70B2EC08572F301E20419D16DF3FC77F85E","2026-06-17T21:40:43Z"
"SHARED","angrist j.d., pischke j.-s. mostly harmless econometrics (pup, 2008)(isbn 069112034x)(o)(290s)_gl_.pdf","shared","resources/source-material/shared/Angrist J.D., Pischke J.-S. Mostly Harmless Econometrics (PUP, 2008)(ISBN 069112034X)(O)(290s)_GL_.pdf","Angrist J.D., Pischke J.-S. Mostly Harmless Econometrics (PUP, 2008)(ISBN 069112034X)(O)(290s)_GL_.pdf","Angrist J.D., Pischke J.-S. Mostly Harmless Econometrics (PUP, 2008)(ISBN 069112034X)(O)(290s)_GL_.pdf",".pdf","2054581","123C36941271AFFA1A91AE1DCBB5B6B4F4E856DCA59807BF974A9D737A8E8941","2026-06-17T21:40:43Z"
"SHARED","animal spirits (george a. akerlof, robert j. shiller).epub","shared","resources/source-material/shared/Animal Spirits (George A. Akerlof, Robert J. Shiller).epub","Animal Spirits (George A. Akerlof, Robert J. Shiller).epub","Animal Spirits (George A. Akerlof, Robert J. Shiller).epub",".epub","532035","40AEED02A1C6EEA932E2DC2A1201DA96F69AD5A645C4C35183EE2DF97E6651E2","2026-06-17T21:40:43Z"
"SHARED","anonymous - diary of a very bad year_ confessions of an anonymous hedge fund manager (2010).epub","shared","resources/source-material/shared/Anonymous - Diary of a Very Bad Year_ Confessions of an Anonymous Hedge Fund Manager (2010).epub","Anonymous - Diary of a Very Bad Year_ Confessions of an Anonymous Hedge Fund Manager (2010).epub","Anonymous - Diary of a Very Bad Year_ Confessions of an Anonymous Hedge Fund Manager (2010).epub",".epub","386698","CF1D1C2D0D2222634E79CAD044E2C83FE94D83F01681A1BFF7F68978EEB38A19","2026-06-17T21:40:43Z"
"SHARED","applied economics - thinking beyond stage one.pdf","shared","resources/source-material/shared/Applied Economics - Thinking Beyond Stage One.pdf","Applied Economics - Thinking Beyond Stage One.pdf","Applied Economics - Thinking Beyond Stage One.pdf",".pdf","10329317","2670FB4313FF5032AC25257D347C1234A595B0062623C516BC2E1148B5E4A4F2","2026-06-17T21:40:43Z"
"SHARED","applied mathematics olver p.j.c.2004.pdf","shared","resources/source-material/shared/Applied Mathematics Olver P.J.C.2004.pdf","Applied Mathematics Olver P.J.C.2004.pdf","Applied Mathematics Olver P.J.C.2004.pdf",".pdf","9236367","DAEB14870F2AD37538A508FC0AC4E18FEE0BCBC6C3B3E028FE3B75E472A1349D","2026-06-17T21:40:44Z"
"SHARED","applied nonparametric methods.pdf","shared","resources/source-material/shared/Applied Nonparametric Methods.PDF","Applied Nonparametric Methods.PDF","Applied Nonparametric Methods.PDF",".pdf","2407745","13D8481C826D7681CE7CD287891DBEAB9689E4936787C7C707FFD24111361456","2026-06-17T21:40:44Z"
"SHARED","applied predictive analytics - dean abbott.pdf","shared","resources/source-material/shared/Applied Predictive Analytics - Dean Abbott.pdf","Applied Predictive Analytics - Dean Abbott.pdf","Applied Predictive Analytics - Dean Abbott.pdf",".pdf","12454854","9DDB18B747D707846DAAB32C59FF16DC1F212DABE10E43868FB798A5D09D1852","2026-06-17T21:40:44Z"
"SHARED","applied probability and stochastic processes - w lodzimierz bryc.pdf","shared","resources/source-material/shared/Applied Probability And Stochastic Processes - W lodzimierz Bryc.pdf","Applied Probability And Stochastic Processes - W lodzimierz Bryc.pdf","Applied Probability And Stochastic Processes - W lodzimierz Bryc.pdf",".pdf","1104778","7D0B18B6C298FE053B528E5374894BAA6C8FD75A7EA673FF330AA44589096083","2026-06-17T21:40:44Z"
"SHARED","applied quantitative finance.pdf","shared","resources/source-material/shared/Applied Quantitative Finance.pdf","Applied Quantitative Finance.pdf","Applied Quantitative Finance.pdf",".pdf","4071090","05CF2745ECFC8871A99EA58F2AFD113F7A97C2FB4AAB1A8C693ABE0E2CA1BF30","2026-06-17T21:40:44Z"
"SHARED","applied_calculus_for_business__economics__and_finance.pdf","shared","resources/source-material/shared/Applied_Calculus_For_Business__Economics__And_Finance.pdf","Applied_Calculus_For_Business__Economics__And_Finance.pdf","Applied_Calculus_For_Business__Economics__And_Finance.pdf",".pdf","42767979","E31E0DC6A9ADD23B962C219E026D0A57B552F474E2F71292C2AF217742F6BC1C","2026-06-17T21:40:44Z"
"SHARED","approximating the distributions of econometric estimators and test statistics.pdf","shared","resources/source-material/shared/Approximating the Distributions of Econometric Estimators and Test Statistics.PDF","Approximating the Distributions of Econometric Estimators and Test Statistics.PDF","Approximating the Distributions of Econometric Estimators and Test Statistics.PDF",".pdf","3415322","A922E2CD1370E9CF40CFD738F82C0739BD58A321E8E947D20C6603CA5C95E02E","2026-06-17T21:40:44Z"
"SHARED","arbia g. spatial econometrics (springer, 2006)(isbn 354032304x)(219s)_gl_.pdf","shared","resources/source-material/shared/Arbia G. Spatial Econometrics (Springer, 2006)(ISBN 354032304X)(219s)_GL_.pdf","Arbia G. Spatial Econometrics (Springer, 2006)(ISBN 354032304X)(219s)_GL_.pdf","Arbia G. Spatial Econometrics (Springer, 2006)(ISBN 354032304X)(219s)_GL_.pdf",".pdf","1750979","2F4025A3CD08525F7DAF253A773D1EEDCA75629A8E3172416D85BDDF51ED6C4E","2026-06-17T21:40:44Z"
"SHARED","arbitrage theory in continuous time-bjoerk.pdf","shared","resources/source-material/shared/Arbitrage Theory in Continuous Time-Bjoerk.pdf","Arbitrage Theory in Continuous Time-Bjoerk.pdf","Arbitrage Theory in Continuous Time-Bjoerk.pdf",".pdf","13290389","B8FA46BDB58AD6894EE337F7486B3787B2156ED1B8F718A4BD2925BFB87ED32B","2026-06-17T21:40:44Z"
"SHARED","arch models.pdf","shared","resources/source-material/shared/ARCH Models.PDF","ARCH Models.PDF","ARCH Models.PDF",".pdf","4916183","DF5DF476100E0438BCE0AD5FA5852790EFB04EFF26DFC69635A6D8A6145B48AF","2026-06-17T21:40:44Z"
"SHARED","arnuk & saluzzi - broken markets_ how high frequency trading and predatory practices on wall street are destroying investor confidence (2012).pdf","shared","resources/source-material/shared/Arnuk & Saluzzi - Broken Markets_ How High Frequency Trading and Predatory Practices on Wall Street are Destroying Investor Confidence (2012).pdf","Arnuk & Saluzzi - Broken Markets_ How High Frequency Trading and Predatory Practices on Wall Street are Destroying Investor Confidence (2012).pdf","Arnuk & Saluzzi - Broken Markets_ How High Frequency Trading and Predatory Practices on Wall Street are Destroying Investor Confidence (2012).pdf",".pdf","5184736","7B682A6D087524FFAF5D34975AB3E5AC063170EAA718246D5E2D0B74F704D34A","2026-06-17T21:40:44Z"
"SHARED","aronowitz - just around the corner_ the paradox of the jobless recovery (2005).pdf","shared","resources/source-material/shared/Aronowitz - Just Around the Corner_ the Paradox of the Jobless Recovery (2005).pdf","Aronowitz - Just Around the Corner_ the Paradox of the Jobless Recovery (2005).pdf","Aronowitz - Just Around the Corner_ the Paradox of the Jobless Recovery (2005).pdf",".pdf","5581249","3FAEEF975E3057C931646BDEE5F073EB5D672CB3D91061B6BD0F56CF91FA3614","2026-06-17T21:40:44Z"
"SHARED","aslund - russia after the global economic crisis (2010).pdf","shared","resources/source-material/shared/Aslund - Russia after the Global Economic Crisis (2010).PDF","Aslund - Russia after the Global Economic Crisis (2010).PDF","Aslund - Russia after the Global Economic Crisis (2010).PDF",".pdf","6182810","292B3E3CCE02362B7BDCDE4CBC4525E17DCD116E9640A1B07EB451CCBE7F559D","2026-06-17T21:40:44Z"
"SHARED","aspects of modelling nonlinear time series.pdf","shared","resources/source-material/shared/Aspects of Modelling Nonlinear Time Series.PDF","Aspects of Modelling Nonlinear Time Series.PDF","Aspects of Modelling Nonlinear Time Series.PDF",".pdf","2642106","C4476FAF6546FC146E131665C36BDA654468DB3150ACBFE81FD959FCDA0E6691","2026-06-17T21:40:44Z"
"SHARED","atwood - payback_ debt and the shadow side of wealth (2008).pdf","shared","resources/source-material/shared/Atwood - Payback_ Debt and the Shadow Side of Wealth (2008).pdf","Atwood - Payback_ Debt and the Shadow Side of Wealth (2008).pdf","Atwood - Payback_ Debt and the Shadow Side of Wealth (2008).pdf",".pdf","1288793","ABAF9251388B3FE3E14299B795BC9967418213118B5FE92A94BD355A87101F9F","2026-06-17T21:40:44Z"
"SHARED","augar - the greed merchants_ how the investment banks played the free market game (2005).epub","shared","resources/source-material/shared/Augar - The Greed Merchants_ How the Investment Banks Played the Free Market Game (2005).epub","Augar - The Greed Merchants_ How the Investment Banks Played the Free Market Game (2005).epub","Augar - The Greed Merchants_ How the Investment Banks Played the Free Market Game (2005).epub",".epub","1865552","5339BD93607580696F20F441066BD03276518CEA3B225E25DCD9C2FEB122B426","2026-06-17T21:40:44Z"
"SHARED","auletta - the streets were paved with gold (1980).epub","shared","resources/source-material/shared/Auletta - The Streets Were Paved with Gold (1980).epub","Auletta - The Streets Were Paved with Gold (1980).epub","Auletta - The Streets Were Paved with Gold (1980).epub",".epub","2100137","F4BAA6B547D6CC6C4ED8841CB155A33EC41464100C23B54B7DFF4BCFBE064626","2026-06-17T21:40:44Z"
"SHARED","aupha.press.healthcare.finance.an.introduction.to.accounting.and.financial.management.3rd.ed.ebook-yyepg.pdf","shared","resources/source-material/shared/Aupha.Press.Healthcare.Finance.an.Introduction.to.Accounting.and.Financial.Management.3Rd.Ed.eBook-YYePG.pdf","Aupha.Press.Healthcare.Finance.an.Introduction.to.Accounting.and.Financial.Management.3Rd.Ed.eBook-YYePG.pdf","Aupha.Press.Healthcare.Finance.an.Introduction.to.Accounting.and.Financial.Management.3Rd.Ed.eBook-YYePG.pdf",".pdf","8164122","E89FD6D430A954C173A25EB1935936DB9A9875CB284BAC30B5AD47C7103C23CD","2026-06-17T21:40:45Z"
"SHARED","authers - the fearful rise of markets (2010).pdf","shared","resources/source-material/shared/Authers - The Fearful Rise of Markets (2010).pdf","Authers - The Fearful Rise of Markets (2010).pdf","Authers - The Fearful Rise of Markets (2010).pdf",".pdf","3227845","21FD4AD297216130C04280AA93D9616B8516535D0D22AC006A11FC6814284C5A","2026-06-17T21:40:45Z"
"SHARED","authers - the fearful rise of markets_ global bubbles, synchronized meltdowns, and how to prevent them (2010).pdf","shared","resources/source-material/shared/Authers - The Fearful Rise of Markets_ Global Bubbles, Synchronized Meltdowns, and How to Prevent Them (2010).pdf","Authers - The Fearful Rise of Markets_ Global Bubbles, Synchronized Meltdowns, and How to Prevent Them (2010).pdf","Authers - The Fearful Rise of Markets_ Global Bubbles, Synchronized Meltdowns, and How to Prevent Them (2010).pdf",".pdf","3227845","21FD4AD297216130C04280AA93D9616B8516535D0D22AC006A11FC6814284C5A","2026-06-17T21:40:45Z"
"SHARED","axilrod s.h. inside the fed (mit, 2009)(isbn 0262012499)(215s)_gh_.pdf","shared","resources/source-material/shared/Axilrod S.H. Inside the Fed (MIT, 2009)(ISBN 0262012499)(215s)_GH_.pdf","Axilrod S.H. Inside the Fed (MIT, 2009)(ISBN 0262012499)(215s)_GH_.pdf","Axilrod S.H. Inside the Fed (MIT, 2009)(ISBN 0262012499)(215s)_GH_.pdf",".pdf","1146081","B2129814EE0CE931B28E454E6AE662ADAD851DDFE52F59031683F7FDF0F839DE","2026-06-17T21:40:45Z"
"SHARED","axler s. linear algebra done right (2ed, springer,1997)(isbn 0387982590)(261s)_mal_.pdf","shared","resources/source-material/shared/Axler S. Linear Algebra Done Right (2ed, Springer,1997)(ISBN 0387982590)(261s)_MAl_.pdf","Axler S. Linear Algebra Done Right (2ed, Springer,1997)(ISBN 0387982590)(261s)_MAl_.pdf","Axler S. Linear Algebra Done Right (2ed, Springer,1997)(ISBN 0387982590)(261s)_MAl_.pdf",".pdf","1177700","884BCAF70E9ED4DEB09251C422FA67911FC1F9993C665CF5385D1AC8D3D8363C","2026-06-17T21:40:45Z"
"SHARED","backman - asia future shock_ business crisis and opportunity in the coming years (2008).pdf","shared","resources/source-material/shared/Backman - Asia Future Shock_ Business Crisis and Opportunity in the Coming Years (2008).pdf","Backman - Asia Future Shock_ Business Crisis and Opportunity in the Coming Years (2008).pdf","Backman - Asia Future Shock_ Business Crisis and Opportunity in the Coming Years (2008).pdf",".pdf","894676","F05115FA095D00D28AF1A771072D8D154BFCA502AD779287BF024D6432CC2B69","2026-06-17T21:40:45Z"
"SHARED","baer & gensler - the great mutual fund trap_ an investment recovery plan (2002).pdf","shared","resources/source-material/shared/Baer & Gensler - The Great Mutual Fund Trap_ an Investment Recovery Plan (2002).pdf","Baer & Gensler - The Great Mutual Fund Trap_ an Investment Recovery Plan (2002).pdf","Baer & Gensler - The Great Mutual Fund Trap_ an Investment Recovery Plan (2002).pdf",".pdf","1051758","F352114B8B3EF50B1DB5670B1C113B252B47C891EB8CDC8ACB961A01E92E6DF7","2026-06-17T21:40:45Z"
"SHARED","bagus - the tragedy of the euro (2010).pdf","shared","resources/source-material/shared/Bagus - The Tragedy of the Euro (2010).pdf","Bagus - The Tragedy of the Euro (2010).pdf","Bagus - The Tragedy of the Euro (2010).pdf",".pdf","2653579","D1521A97D0B2332238920F88A14AB279CDDC5C03A6AFA72C1A942DDE8A6565D2","2026-06-17T21:40:45Z"
"SHARED","bajo & roelants - capital and the debt trap_ learning from cooperatives in the global crisis (2011).pdf","shared","resources/source-material/shared/Bajo & Roelants - Capital and the Debt Trap_ Learning from Cooperatives in the Global Crisis (2011).pdf","Bajo & Roelants - Capital and the Debt Trap_ Learning from Cooperatives in the Global Crisis (2011).pdf","Bajo & Roelants - Capital and the Debt Trap_ Learning from Cooperatives in the Global Crisis (2011).pdf",".pdf","2396346","BBE83325315DC0550ACDAE8833AF7751C2CCABD472F3BFB56108EF4359BB8E38","2026-06-17T21:40:45Z"
"SHARED","bakan - the corporation_ the pathological pursuit of profit and power (2004).djvu","shared","resources/source-material/shared/Bakan - The Corporation_ the Pathological Pursuit of Profit and Power (2004).djvu","Bakan - The Corporation_ the Pathological Pursuit of Profit and Power (2004).djvu","Bakan - The Corporation_ the Pathological Pursuit of Profit and Power (2004).djvu",".djvu","1527948","31AC988A2404ED590C4E3F8754CAA49A373A905CCC44410BB1FC532CF2B175D8","2026-06-17T21:40:45Z"
"SHARED","baker - false profits_ recovering from the bubble economy (2010).pdf","shared","resources/source-material/shared/Baker - False Profits_ Recovering from the Bubble Economy (2010).pdf","Baker - False Profits_ Recovering from the Bubble Economy (2010).pdf","Baker - False Profits_ Recovering from the Bubble Economy (2010).pdf",".pdf","1100037","079B38E083C59848B31CF54E6345F6553CE30BE0A6FE9E22965D94CCE1B16D80","2026-06-17T21:40:45Z"
"SHARED","baltagi b.h. econometrics (springer, 2008)(isbn 3540765158)(403s)_gl_.pdf","shared","resources/source-material/shared/Baltagi B.H. Econometrics (Springer, 2008)(ISBN 3540765158)(403s)_GL_.pdf","Baltagi B.H. Econometrics (Springer, 2008)(ISBN 3540765158)(403s)_GL_.pdf","Baltagi B.H. Econometrics (Springer, 2008)(ISBN 3540765158)(403s)_GL_.pdf",".pdf","4321759","F19DBD12621524D022BECB8D38D961FF171628694692B20F72FA9D23C22DFD31","2026-06-17T21:40:45Z"
"SHARED","banks - risk and financial catastrophe (2009).pdf","shared","resources/source-material/shared/Banks - Risk and Financial Catastrophe (2009).pdf","Banks - Risk and Financial Catastrophe (2009).pdf","Banks - Risk and Financial Catastrophe (2009).pdf",".pdf","1529888","87F3C2E0D175374CE936C42388A25A50CE26B37309B6F85452B7EE279F2E47B9","2026-06-17T21:40:46Z"
"SHARED","bardhan p., udry c. development microeconomics (oup, 1999)(isbn 0198773706)(251s)_gc_.pdf","shared","resources/source-material/shared/Bardhan P., Udry C. Development microeconomics (OUP, 1999)(ISBN 0198773706)(251s)_GC_.pdf","Bardhan P., Udry C. Development microeconomics (OUP, 1999)(ISBN 0198773706)(251s)_GC_.pdf","Bardhan P., Udry C. Development microeconomics (OUP, 1999)(ISBN 0198773706)(251s)_GC_.pdf",".pdf","2606898","085D0267BFDEAC9E1B29386FE0EEEDD8699FC9414A73354122692B8D40D90D97","2026-06-17T21:40:46Z"
"SHARED","bardsen g., eitrheim o., jansen e.s., nymoen r. the econometrics of macroeconomic modelling (oup, 2005)(isbn 0199246505)(361s)_gl_.pdf","shared","resources/source-material/shared/Bardsen G., Eitrheim O., Jansen E.S., Nymoen R. The econometrics of macroeconomic modelling (OUP, 2005)(ISBN 0199246505)(361s)_GL_.pdf","Bardsen G., Eitrheim O., Jansen E.S., Nymoen R. The econometrics of macroeconomic modelling (OUP, 2005)(ISBN 0199246505)(361s)_GL_.pdf","Bardsen G., Eitrheim O., Jansen E.S., Nymoen R. The econometrics of macroeconomic modelling (OUP, 2005)(ISBN 0199246505)(361s)_GL_.pdf",".pdf","2566328","67C5D6969646E3CD259420A4699CCFE51A917FFD076368EC32D1E33F06338993","2026-06-17T21:40:46Z"
"SHARED","bargaining and markets - martin j. osborne.pdf","shared","resources/source-material/shared/Bargaining and Markets - Martin J. Osborne.pdf","Bargaining and Markets - Martin J. Osborne.pdf","Bargaining and Markets - Martin J. Osborne.pdf",".pdf","1610343","969CB3E8046EEA3D47D762476288B1408B6965A5E4143CCF7303B19CC739107A","2026-06-17T21:40:46Z"
"SHARED","bargaining and markets.pdf","shared","resources/source-material/shared/Bargaining and Markets.pdf","Bargaining and Markets.pdf","Bargaining and Markets.pdf",".pdf","1215144","F9EAED68A7B64B77DB7277F6F9EEBBC44EE1D780FA0D68B0B65F996352714A04","2026-06-17T21:40:46Z"
"SHARED","barnett - getting it wrong_ how faulty monetary statistics undermine the fed, the financial system, and the economy (2012).pdf","shared","resources/source-material/shared/Barnett - Getting It Wrong_ How Faulty Monetary Statistics Undermine the Fed, the Financial System, and the Economy (2012).pdf","Barnett - Getting It Wrong_ How Faulty Monetary Statistics Undermine the Fed, the Financial System, and the Economy (2012).pdf","Barnett - Getting It Wrong_ How Faulty Monetary Statistics Undermine the Fed, the Financial System, and the Economy (2012).pdf",".pdf","1653046","2CA6F4917FAE21F6C8B9B6BF8921DF6484C321B74DDDF77076B60421A2E8D4BD","2026-06-17T21:40:46Z"
"SHARED","barrera - market complicity and christian ethics (2011).pdf","shared","resources/source-material/shared/Barrera - Market Complicity and Christian Ethics (2011).pdf","Barrera - Market Complicity and Christian Ethics (2011).pdf","Barrera - Market Complicity and Christian Ethics (2011).pdf",".pdf","3700036","AFF3522EB82505C31168CF368CDD0D25457A734E1F48947EC562A24AE3DDF182","2026-06-17T21:40:46Z"
"SHARED","barreto h., howland f. introductory econometrics.. using monte carlo simulation with microsoft excel (cup, 2006)(isbn 0521843197)(800s)_gl_.pdf","shared","resources/source-material/shared/Barreto H., Howland F. Introductory econometrics.. Using Monte Carlo simulation with Microsoft Excel (CUP, 2006)(ISBN 0521843197)(800s)_GL_.pdf","Barreto H., Howland F. Introductory econometrics.. Using Monte Carlo simulation with Microsoft Excel (CUP, 2006)(ISBN 0521843197)(800s)_GL_.pdf","Barreto H., Howland F. Introductory econometrics.. Using Monte Carlo simulation with Microsoft Excel (CUP, 2006)(ISBN 0521843197)(800s)_GL_.pdf",".pdf","10086154","C215C97970E4163EEBE6AADE21AA0FB412D52574426AFAB9249C6BD6FD9A443E","2026-06-17T21:40:47Z"
"SHARED","barro r.j., sala-i-martin x. economic growth (2ed., mit press, 2004)(isbn 0262025531)(673s)_gk_.pdf","shared","resources/source-material/shared/Barro R.J., Sala-i-Martin X. Economic growth (2ed., MIT Press, 2004)(ISBN 0262025531)(673s)_GK_.pdf","Barro R.J., Sala-i-Martin X. Economic growth (2ed., MIT Press, 2004)(ISBN 0262025531)(673s)_GK_.pdf","Barro R.J., Sala-i-Martin X. Economic growth (2ed., MIT Press, 2004)(ISBN 0262025531)(673s)_GK_.pdf",".pdf","5882523","1F20B98225E252C4253AB33B79F9F198B43CE6584B8DC3F6B2915AFA830861A7","2026-06-17T21:40:47Z"
"SHARED","barron j.m., ewing b.t., lynch g.j. understanding macroeconomic theory (routledge, 2006)(isbn 0415701953)(o)(241s)_gk_.pdf","shared","resources/source-material/shared/Barron J.M., Ewing B.T., Lynch G.J. Understanding macroeconomic theory (Routledge, 2006)(ISBN 0415701953)(O)(241s)_GK_.pdf","Barron J.M., Ewing B.T., Lynch G.J. Understanding macroeconomic theory (Routledge, 2006)(ISBN 0415701953)(O)(241s)_GK_.pdf","Barron J.M., Ewing B.T., Lynch G.J. Understanding macroeconomic theory (Routledge, 2006)(ISBN 0415701953)(O)(241s)_GK_.pdf",".pdf","1144871","50FCCEB9E384E374040F361E1011A6B1CD49B05673F9FAE414E0013F1DBAC615","2026-06-17T21:40:47Z"
"SHARED","barth et al (eds.) - the savings and loan crisis_ lessons from a regulatory failure (2004).pdf","shared","resources/source-material/shared/Barth et al (Eds.) - The Savings and Loan Crisis_ Lessons from a Regulatory Failure (2004).pdf","Barth et al (Eds.) - The Savings and Loan Crisis_ Lessons from a Regulatory Failure (2004).pdf","Barth et al (Eds.) - The Savings and Loan Crisis_ Lessons from a Regulatory Failure (2004).pdf",".pdf","4948362","99244DE91A4F98595B4F50A13B65CBACA6C85CFAD2F29EB6546DD2D0573C8215","2026-06-17T21:40:47Z"
"SHARED","barth j. the rise and fall of the us mortgage and credit markets (wiley, 2009)(isbn 0470477245)(o)(563s)_gh_.pdf","shared","resources/source-material/shared/Barth J. The Rise and Fall of the US Mortgage and Credit Markets (Wiley, 2009)(ISBN 0470477245)(O)(563s)_GH_.pdf","Barth J. The Rise and Fall of the US Mortgage and Credit Markets (Wiley, 2009)(ISBN 0470477245)(O)(563s)_GH_.pdf","Barth J. The Rise and Fall of the US Mortgage and Credit Markets (Wiley, 2009)(ISBN 0470477245)(O)(563s)_GH_.pdf",".pdf","7481679","B525232776077F35FC78C635D2E63521A43456CDB2F7D0F209ED360DC5F4C699","2026-06-17T21:40:47Z"
"SHARED","bartiromo - the weekend that changed wall street_ and how the fallout is still impacting the world (2011).epub","shared","resources/source-material/shared/Bartiromo - The Weekend that Changed Wall Street_ and How the Fallout is Still Impacting the World (2011).epub","Bartiromo - The Weekend that Changed Wall Street_ and How the Fallout is Still Impacting the World (2011).epub","Bartiromo - The Weekend that Changed Wall Street_ and How the Fallout is Still Impacting the World (2011).epub",".epub","362173","4B79D65AAAEE969F35D93EF545425322F781F6058354ACE683606018C214AA9E","2026-06-17T21:40:47Z"
"SHARED","basic books - paulos - a mathematician plays the stock market (basic books, 2003).pdf","shared","resources/source-material/shared/Basic Books - Paulos - A Mathematician Plays the Stock Market (Basic Books, 2003).pdf","Basic Books - Paulos - A Mathematician Plays the Stock Market (Basic Books, 2003).pdf","Basic Books - Paulos - A Mathematician Plays the Stock Market (Basic Books, 2003).pdf",".pdf","9656001","8D5A500C9210EE55915389D7496EC26AA6985030E07936176685EFC0F6D5215D","2026-06-17T21:40:47Z"
"SHARED","basic books applied economics thinking beyond stage one.pdf","shared","resources/source-material/shared/Basic Books Applied Economics Thinking Beyond Stage One.pdf","Basic Books Applied Economics Thinking Beyond Stage One.pdf","Basic Books Applied Economics Thinking Beyond Stage One.pdf",".pdf","11276336","C870AC90D0966F034D3A67F514AA85ECE2D8FA47FD17FAA423DE74A688BD0EE0","2026-06-17T21:40:47Z"
"SHARED","basic_engineering_mathematics__fifth_edition.pdf","shared","resources/source-material/shared/basic_engineering_mathematics__fifth_edition.pdf","basic_engineering_mathematics__fifth_edition.pdf","basic_engineering_mathematics__fifth_edition.pdf",".pdf","3511707","8356196988C9A8AD9D5E1390E44CF23BEB48B05A522B56E3D1856659194A712B","2026-06-17T21:40:47Z"
"SHARED","basics of financial mathematics.pdf","shared","resources/source-material/shared/Basics of Financial Mathematics.pdf","Basics of Financial Mathematics.pdf","Basics of Financial Mathematics.pdf",".pdf","497926","676822F5BE4614480532FF482B2D2AEF341580B0D596BAC9AE4329FD07C7E83C","2026-06-17T21:40:47Z"
"SHARED","baumol w.j., litan r.e., schramm c.j. good capitalism, bad capitalism, and the economics of growth and prosperity (yup, 2007)(isbn 0300109415)(334s)_gk_.pdf","shared","resources/source-material/shared/Baumol W.J., Litan R.E., Schramm C.J. Good capitalism, bad capitalism, and the economics of growth and prosperity (YUP, 2007)(ISBN 0300109415)(334s)_GK_.pdf","Baumol W.J., Litan R.E., Schramm C.J. Good capitalism, bad capitalism, and the economics of growth and prosperity (YUP, 2007)(ISBN 0300109415)(334s)_GK_.pdf","Baumol W.J., Litan R.E., Schramm C.J. Good capitalism, bad capitalism, and the economics of growth and prosperity (YUP, 2007)(ISBN 0300109415)(334s)_GK_.pdf",".pdf","2231750","1731B8B3EB5526B3BC7BC4056815D110AAF873474E5A5FD6895E1DA888EAC19C","2026-06-17T21:40:47Z"
"SHARED","baur - eliminated! now what_ finding your way from job-loss crisis to career resilience (2011).pdf","shared","resources/source-material/shared/Baur - Eliminated! Now what_ Finding your Way from Job-Loss Crisis to Career Resilience (2011).pdf","Baur - Eliminated! Now what_ Finding your Way from Job-Loss Crisis to Career Resilience (2011).pdf","Baur - Eliminated! Now what_ Finding your Way from Job-Loss Crisis to Career Resilience (2011).pdf",".pdf","3240016","651B6CCFF40A0BDDA82A48AA3D12210D64E8DFF6BCCC8CCCAD20E08BFA62060D","2026-06-17T21:40:47Z"
"SHARED","bayesian analysis of simultaneous equation systems.pdf","shared","resources/source-material/shared/Bayesian Analysis of Simultaneous Equation Systems.PDF","Bayesian Analysis of Simultaneous Equation Systems.PDF","Bayesian Analysis of Simultaneous Equation Systems.PDF",".pdf","3999465","3D6B143E9BB1AEAF6F637B2C32A97C582D57195819BAFD53720AE9DA73CA9397","2026-06-17T21:40:47Z"
"SHARED","bayesian methods in finance.pdf","shared","resources/source-material/shared/Bayesian Methods in Finance.pdf","Bayesian Methods in Finance.pdf","Bayesian Methods in Finance.pdf",".pdf","2843155","A19BA2423F3FE1A29201C6FEF99419654ED2C77A7719AE6B3D6134D67058F495","2026-06-17T21:40:47Z"
"SHARED","bayesian methods, a general introduction.pdf","shared","resources/source-material/shared/Bayesian Methods, A General Introduction.pdf","Bayesian Methods, A General Introduction.pdf","Bayesian Methods, A General Introduction.pdf",".pdf","229851","5901B2FDA59D0EA6F8D6B6FDADE766CA12664F3B096467D76F40F673ABCFD7F8","2026-06-17T21:40:47Z"
"SHARED","bayesian modeling of economies and data requirements.pdf","shared","resources/source-material/shared/Bayesian Modeling of Economies and Data Requirements.pdf","Bayesian Modeling of Economies and Data Requirements.pdf","Bayesian Modeling of Economies and Data Requirements.pdf",".pdf","457794","4C9B39232B1AF4B74555BAF53DAF0EEF549959D7C2CC9BB9A3F12C8D5647E979","2026-06-17T21:40:47Z"
"SHARED","bebchuk & fried - pay without performance_ the unfulfilled promise of executive compensation (2004).pdf","shared","resources/source-material/shared/Bebchuk & Fried - Pay without Performance_ the Unfulfilled Promise of Executive Compensation (2004).pdf","Bebchuk & Fried - Pay without Performance_ the Unfulfilled Promise of Executive Compensation (2004).pdf","Bebchuk & Fried - Pay without Performance_ the Unfulfilled Promise of Executive Compensation (2004).pdf",".pdf","1288462","74EFE274530A5A146F41B0A3244274029E9F10AAAF116F520330F0F6074FA5B9","2026-06-17T21:40:47Z"
"SHARED","beckerman & solimano (eds.) - crisis and dollarization in ecuador_ stability, growth, and social equity (2002).pdf","shared","resources/source-material/shared/Beckerman & Solimano (eds.) - Crisis and Dollarization in Ecuador_ Stability, Growth, and Social Equity (2002).pdf","Beckerman & Solimano (eds.) - Crisis and Dollarization in Ecuador_ Stability, Growth, and Social Equity (2002).pdf","Beckerman & Solimano (eds.) - Crisis and Dollarization in Ecuador_ Stability, Growth, and Social Equity (2002).pdf",".pdf","1251752","2D741CFA089E9962F6F96C25894080FED6382728EFEE5BB26172222D2D8E9E06","2026-06-17T21:40:47Z"
"SHARED","beckert j. beyond the market.. the social foundations of economic efficiency (pup, 2002)(isbn 0691049076)(o)(376s)_gg_.pdf","shared","resources/source-material/shared/Beckert J. Beyond the market.. The social foundations of economic efficiency (PUP, 2002)(ISBN 0691049076)(O)(376s)_GG_.pdf","Beckert J. Beyond the market.. The social foundations of economic efficiency (PUP, 2002)(ISBN 0691049076)(O)(376s)_GG_.pdf","Beckert J. Beyond the market.. The social foundations of economic efficiency (PUP, 2002)(ISBN 0691049076)(O)(376s)_GG_.pdf",".pdf","1661181","AFFF81EAF03223BB48EF5F5003E0A5153BFB63F91326B442372D1710D9BE4A5D","2026-06-17T21:40:47Z"
"SHARED","behavioral economics - edward cartwright.pdf","shared","resources/source-material/shared/Behavioral Economics - Edward Cartwright.pdf","Behavioral Economics - Edward Cartwright.pdf","Behavioral Economics - Edward Cartwright.pdf",".pdf","5607918","E9B5322C024826DEA6801DE7E0EFF93A67F3C5CE63845A780428C24EC41E44E4","2026-06-17T21:40:47Z"
"SHARED","behavioral game theorythinking, learning, and teaching lctn - colin f. camerer.pdf","shared","resources/source-material/shared/Behavioral Game TheoryThinking, Learning, and Teaching Lctn - Colin F. Camerer.pdf","Behavioral Game TheoryThinking, Learning, and Teaching Lctn - Colin F. Camerer.pdf","Behavioral Game TheoryThinking, Learning, and Teaching Lctn - Colin F. Camerer.pdf",".pdf","1016492","BD19B0B4D150AEF0AA4D20B50D1AA4BD7E27270E52932B9146A6465E9CFE02C1","2026-06-17T21:40:47Z"
"SHARED","beinhocker - the origin of wealth_ evolution, complexity, and the radical remaking of economics (2006).pdf","shared","resources/source-material/shared/Beinhocker - The Origin of Wealth_ Evolution, Complexity, and the Radical Remaking of Economics (2006).pdf","Beinhocker - The Origin of Wealth_ Evolution, Complexity, and the Radical Remaking of Economics (2006).pdf","Beinhocker - The Origin of Wealth_ Evolution, Complexity, and the Radical Remaking of Economics (2006).pdf",".pdf","12029902","5BE2361E20DDFC1C2933A2B634F6C5C79EE5526CF67C535CC55494940EBDBE0B","2026-06-17T21:40:47Z"
"SHARED","bemholz - monetary regimes and inflation (2003).pdf","shared","resources/source-material/shared/Bemholz - Monetary Regimes and Inflation (2003).pdf","Bemholz - Monetary Regimes and Inflation (2003).pdf","Bemholz - Monetary Regimes and Inflation (2003).pdf",".pdf","5757077","B3268DE49BC7DA18B60DCB6FED7E7EF0805C15A86CAE35A886808F504ED8DC3D","2026-06-17T21:40:47Z"
"SHARED","benjamin graham - the intelligent investor_investing_+_found_at_redsamara.com.pdf","shared","resources/source-material/shared/Benjamin Graham - The Intelligent Investor_investing_+_found_at_redsamara.com.pdf","Benjamin Graham - The Intelligent Investor_investing_+_found_at_redsamara.com.pdf","Benjamin Graham - The Intelligent Investor_investing_+_found_at_redsamara.com.pdf",".pdf","5603424","DED5EAA378DCE9A2F8F173DB8C7A1019404B8A515C4497442FD1C07C102E3706","2026-06-17T21:40:47Z"
"SHARED","benston et al - following the money_ the enron failure and the state of the corporate disclosure (2003).pdf","shared","resources/source-material/shared/Benston et al - Following the Money_ the Enron Failure and the State of the Corporate Disclosure (2003).pdf","Benston et al - Following the Money_ the Enron Failure and the State of the Corporate Disclosure (2003).pdf","Benston et al - Following the Money_ the Enron Failure and the State of the Corporate Disclosure (2003).pdf",".pdf","1100095","A939366F40C26A4AAE65B6AFBB1C19463B6D65463519B701AE3305DE723C3988","2026-06-17T21:40:47Z"
"SHARED","berend -europe in crisis_ bolt from the blue (2013).pdf","shared","resources/source-material/shared/Berend -Europe in Crisis_ Bolt from the Blue (2013).pdf","Berend -Europe in Crisis_ Bolt from the Blue (2013).pdf","Berend -Europe in Crisis_ Bolt from the Blue (2013).pdf",".pdf","6214105","6270AEA301EBA9A7005E67D37150A92AECCEB95CA269D8F6CBBFE872BECDCB09","2026-06-17T21:40:47Z"
"SHARED","bergsten & williamson - dollar overvaluation and the world economy (2003).pdf","shared","resources/source-material/shared/Bergsten & Williamson - Dollar Overvaluation and the World Economy (2003).pdf","Bergsten & Williamson - Dollar Overvaluation and the World Economy (2003).pdf","Bergsten & Williamson - Dollar Overvaluation and the World Economy (2003).pdf",".pdf","3996104","E8B4CB8939AD1C66CC75B195DCC568F92BA58DF18C2B28B9EF63018B29F8283B","2026-06-17T21:40:47Z"
"SHARED","berlatsky (ed.) - the global financial crisis (2010).pdf","shared","resources/source-material/shared/Berlatsky (ed.) - The Global Financial Crisis (2010).pdf","Berlatsky (ed.) - The Global Financial Crisis (2010).pdf","Berlatsky (ed.) - The Global Financial Crisis (2010).pdf",".pdf","6717759","72F97E32C1FA6AFEC266F9F9209F3A4C7747E41A27635E19199A41A1D1E701B4","2026-06-17T21:40:47Z"
"SHARED","berlinski - menace in europe_ why the continent’s crisis is america’s too (2007).epub","shared","resources/source-material/shared/Berlinski - Menace in Europe_ Why the Continent’s Crisis Is America’s Too (2007).epub","Berlinski - Menace in Europe_ Why the Continent’s Crisis Is America’s Too (2007).epub","Berlinski - Menace in Europe_ Why the Continent’s Crisis Is America’s Too (2007).epub",".epub","852973","609EE1EE8D51BB8D15FC5A8AD091B1FE80B34A15A4ABC51ABCBE45E88CB678ED","2026-06-17T21:40:47Z"
"SHARED","bernanke b.s. (ed.) essays on the great depression (pup, 2000)(isbn 0691016984)(o)(321s)_gh_.pdf","shared","resources/source-material/shared/Bernanke B.S. (ed.) Essays on the great depression (PUP, 2000)(ISBN 0691016984)(O)(321s)_GH_.pdf","Bernanke B.S. (ed.) Essays on the great depression (PUP, 2000)(ISBN 0691016984)(O)(321s)_GH_.pdf","Bernanke B.S. (ed.) Essays on the great depression (PUP, 2000)(ISBN 0691016984)(O)(321s)_GH_.pdf",".pdf","2052794","9C76DDAA25B8EF0D51BEBE15A04AE712F2A57B2C0DBD76B1F8BFB625BACDFC86","2026-06-17T21:40:47Z"
"SHARED","bernanke b.s., woodford m. (eds.) the inflation-targeting debate (ucp, 2005)(isbn 0226044718)(o)(468s)_gk_.pdf","shared","resources/source-material/shared/Bernanke B.S., Woodford M. (eds.) The inflation-targeting debate (UCP, 2005)(ISBN 0226044718)(O)(468s)_GK_.pdf","Bernanke B.S., Woodford M. (eds.) The inflation-targeting debate (UCP, 2005)(ISBN 0226044718)(O)(468s)_GK_.pdf","Bernanke B.S., Woodford M. (eds.) The inflation-targeting debate (UCP, 2005)(ISBN 0226044718)(O)(468s)_GK_.pdf",".pdf","1773231","544E50832F7B5BFF091C5821C0F3BDAEBF86F91FC012AE9822976E065B48D58B","2026-06-17T21:40:47Z"
"SHARED","bernstein - economist on wall street (2008).pdf","shared","resources/source-material/shared/Bernstein - Economist on Wall Street (2008).pdf","Bernstein - Economist on Wall Street (2008).pdf","Bernstein - Economist on Wall Street (2008).pdf",".pdf","1075349","CE7397FA25697368FAA3377525C6E7508124D3114167AB3427A20D673357DA18","2026-06-17T21:40:47Z"
"SHARED","bewley t.f. general equilibrium, overlapping generations models, and optimal growth theory (hup, 2007)(isbn 0674022882)(615s)_gk_.pdf","shared","resources/source-material/shared/Bewley T.F. General equilibrium, overlapping generations models, and optimal growth theory (HUP, 2007)(ISBN 0674022882)(615s)_GK_.pdf","Bewley T.F. General equilibrium, overlapping generations models, and optimal growth theory (HUP, 2007)(ISBN 0674022882)(615s)_GK_.pdf","Bewley T.F. General equilibrium, overlapping generations models, and optimal growth theory (HUP, 2007)(ISBN 0674022882)(615s)_GK_.pdf",".pdf","2724135","D4499BFBE97E20FF50076AECCD22935ED70455A30F1492E68275A2AD8371604E","2026-06-17T21:40:48Z"
"SHARED","biased estimation.pdf","shared","resources/source-material/shared/Biased Estimation.PDF","Biased Estimation.PDF","Biased Estimation.PDF",".pdf","2758068","E9804C3B7BEC34B9F7FF07A5B565DF249B0201AF5053E387095ACAEFADB87E25","2026-06-17T21:40:48Z"
"SHARED","bierens h.j. introduction to the foundations of econometrics (ln, psu, 2003)(434s)_gl_.pdf","shared","resources/source-material/shared/Bierens H.J. Introduction to the Foundations of Econometrics (LN, PSU, 2003)(434s)_GL_.pdf","Bierens H.J. Introduction to the Foundations of Econometrics (LN, PSU, 2003)(434s)_GL_.pdf","Bierens H.J. Introduction to the Foundations of Econometrics (LN, PSU, 2003)(434s)_GL_.pdf",".pdf","2059673","023DB8D5E67DDE24129F3F44C7BC1F85CDEB51C7F48C865268EB22CD4EBA9B23","2026-06-17T21:40:48Z"
"SHARED","bierman - beating the bear_ lessons from the 1929 crash applied to today’s world (2010).pdf","shared","resources/source-material/shared/Bierman - Beating the Bear_ Lessons from the 1929 Crash Applied to today’s World (2010).pdf","Bierman - Beating the Bear_ Lessons from the 1929 Crash Applied to today’s World (2010).pdf","Bierman - Beating the Bear_ Lessons from the 1929 Crash Applied to today’s World (2010).pdf",".pdf","2056230","0B64D53B9509A8B5FB45B28E2B2673412093F5AC73EC3BDF1EC81B43B1460416","2026-06-17T21:40:48Z"
"SHARED","big data - new tricks for econometrics.pdf","shared","resources/source-material/shared/Big Data - New Tricks for Econometrics.pdf","Big Data - New Tricks for Econometrics.pdf","Big Data - New Tricks for Econometrics.pdf",".pdf","1470713","3A5156AB7889C0794393F8E5F3CBE01E2B19F8F122E9306293C8A1D92ED0B1B3","2026-06-17T21:40:48Z"
"SHARED","big_data_new_tricks_for_econom_-_hal_r.epub","shared","resources/source-material/shared/Big_Data_New_Tricks_for_Econom_-_Hal_R.epub","Big_Data_New_Tricks_for_Econom_-_Hal_R.epub","Big_Data_New_Tricks_for_Econom_-_Hal_R.epub",".epub","54752","BC7475C861ABE78F29B44124CCAC480298FC34EA9BB7992AE459B220A02471CE","2026-06-17T21:40:48Z"
"SHARED","biggs - diary of a hedgehog (2012).pdf","shared","resources/source-material/shared/Biggs - Diary of a Hedgehog (2012).pdf","Biggs - Diary of a Hedgehog (2012).pdf","Biggs - Diary of a Hedgehog (2012).pdf",".pdf","3368339","9A95AFB41EF4B3E20674BFAAC9FCCF8D554EA947A4880D341419A181DB853670","2026-06-17T21:40:48Z"
"SHARED","binomial models in finance.pdf","shared","resources/source-material/shared/Binomial Models in Finance.pdf","Binomial Models in Finance.pdf","Binomial Models in Finance.pdf",".pdf","1687645","D0A6D2EC5473DB771E267CC2D63FC73FD56C572E94C6FE587B1480923DF7CE4C","2026-06-17T21:40:48Z"
"SHARED","bishop m. essential economics (bloomberg, 2004)(isbn 1861975805)(289s)_gpop_.pdf","shared","resources/source-material/shared/Bishop M. Essential Economics (Bloomberg, 2004)(ISBN 1861975805)(289s)_GPop_.pdf","Bishop M. Essential Economics (Bloomberg, 2004)(ISBN 1861975805)(289s)_GPop_.pdf","Bishop M. Essential Economics (Bloomberg, 2004)(ISBN 1861975805)(289s)_GPop_.pdf",".pdf","865685","724D823DBCC7FCA70D054E3AB66A91AECE91C9EF28B90BD8DC7F174C9201E4B5","2026-06-17T21:40:48Z"
"SHARED","bitros & karayiannis - creative crisis in democracy and economy (2013).pdf","shared","resources/source-material/shared/Bitros & Karayiannis - Creative Crisis in Democracy and Economy (2013).pdf","Bitros & Karayiannis - Creative Crisis in Democracy and Economy (2013).pdf","Bitros & Karayiannis - Creative Crisis in Democracy and Economy (2013).pdf",".pdf","4213894","1D572DDE12A443D06F92C41FD8C7D0868AD16FFC70A5EF1E78B444BBC30EA70F","2026-06-17T21:40:48Z"
"SHARED","bittle & johnson - your guided tour to the federal budget crisis (2008).pdf","shared","resources/source-material/shared/Bittle & Johnson - Your Guided Tour to the Federal Budget Crisis (2008).pdf","Bittle & Johnson - Your Guided Tour to the Federal Budget Crisis (2008).pdf","Bittle & Johnson - Your Guided Tour to the Federal Budget Crisis (2008).pdf",".pdf","4239411","16CE79B7F699CF58BBDFE428A47599D7893C64FEE500F7BB80F32FEF0B35BDD7","2026-06-17T21:40:48Z"
"SHARED","black - the best way to rob a bank is to own one_ how corporate executives and politicians looted the s&l industry (2005).epub","shared","resources/source-material/shared/Black - The Best Way to Rob a Bank Is to Own One_ How Corporate Executives and Politicians Looted the S&L Industry (2005).epub","Black - The Best Way to Rob a Bank Is to Own One_ How Corporate Executives and Politicians Looted the S&L Industry (2005).epub","Black - The Best Way to Rob a Bank Is to Own One_ How Corporate Executives and Politicians Looted the S&L Industry (2005).epub",".epub","3335477","527294B887B92E16EE7B0E471E459DD41DA4023198061EC20D52F35FD5F7788C","2026-06-17T21:40:48Z"
"SHARED","blanchard_o_-_macroeconomics__nova__-third_edition.pdf","shared","resources/source-material/shared/blanchard_o_-_macroeconomics__nova__-third_edition.pdf","blanchard_o_-_macroeconomics__nova__-third_edition.pdf","blanchard_o_-_macroeconomics__nova__-third_edition.pdf",".pdf","20738865","DD242D093F39F5DF5185BBD2422916D9F8F3FEFF9ADF7B2755A247357EAB5064","2026-06-17T21:40:48Z"
"SHARED","bliss & kaufman - financial institutions and markets, the financial crisis_ an early retrospective (2010).pdf","shared","resources/source-material/shared/Bliss & Kaufman - Financial Institutions and Markets, The Financial Crisis_ An Early Retrospective (2010).pdf","Bliss & Kaufman - Financial Institutions and Markets, The Financial Crisis_ An Early Retrospective (2010).pdf","Bliss & Kaufman - Financial Institutions and Markets, The Financial Crisis_ An Early Retrospective (2010).pdf",".pdf","4222671","5033AF405C70F22C3E0B92CEC7FF3FDAB807B7C9C8E67D7FCF93AE1F04E23F90","2026-06-17T21:40:48Z"
"SHARED","block - the origins of international economic disorder (1977).pdf","shared","resources/source-material/shared/Block - The Origins of International Economic Disorder (1977).pdf","Block - The Origins of International Economic Disorder (1977).pdf","Block - The Origins of International Economic Disorder (1977).pdf",".pdf","17515059","02EEBB9E0601B89083DCE50D1707FC469E04A3468E023F55275604987491FAA0","2026-06-17T21:40:48Z"
"SHARED","boldrin.levine.against intellectual monopoly.pdf","shared","resources/source-material/shared/Boldrin.Levine.Against Intellectual Monopoly.pdf","Boldrin.Levine.Against Intellectual Monopoly.pdf","Boldrin.Levine.Against Intellectual Monopoly.pdf",".pdf","4283327","BC8011DE3D9B5CAB5E7530D5BDE7BD29184F26EC5EEBD45343A9D9E9E1C9CD47","2026-06-17T21:40:48Z"
"SHARED","bolten - stock market cycles_ a practical explanation (2000).pdf","shared","resources/source-material/shared/Bolten - Stock Market Cycles_ A Practical Explanation (2000).pdf","Bolten - Stock Market Cycles_ A Practical Explanation (2000).pdf","Bolten - Stock Market Cycles_ A Practical Explanation (2000).pdf",".pdf","1544632","93EF843A1794D3952AFB7B523B728CC57118F5228F446DCD1E6E3C5D93E0B075","2026-06-17T21:40:48Z"
"SHARED","bonner - dice have no memory_ big bets & bad economics from paris to pampas (2011).pdf","shared","resources/source-material/shared/Bonner - Dice Have No Memory_ Big Bets & Bad Economics from Paris to Pampas (2011).pdf","Bonner - Dice Have No Memory_ Big Bets & Bad Economics from Paris to Pampas (2011).pdf","Bonner - Dice Have No Memory_ Big Bets & Bad Economics from Paris to Pampas (2011).pdf",".pdf","2405426","C0C714A54053FBCFD35C297756C9AB90D4FDCDC2B50105DC065E951CB2F48929","2026-06-17T21:40:48Z"
"SHARED","bonner - dice have no memory_ bit bets & bad economics from paris to the pampas (2011).epub","shared","resources/source-material/shared/Bonner - Dice Have No Memory_ Bit Bets & Bad Economics from Paris to the Pampas (2011).epub","Bonner - Dice Have No Memory_ Bit Bets & Bad Economics from Paris to the Pampas (2011).epub","Bonner - Dice Have No Memory_ Bit Bets & Bad Economics from Paris to the Pampas (2011).epub",".epub","1384227","4DC692EA411AE947A440013A7CBD4F3118EE1DC28A4C892B5E05ACD1854ED460","2026-06-17T21:40:48Z"
"SHARED","bonner & rajiva - mobs, messiahs and markets (2007).pdf","shared","resources/source-material/shared/Bonner & Rajiva - Mobs, Messiahs and Markets (2007).pdf","Bonner & Rajiva - Mobs, Messiahs and Markets (2007).pdf","Bonner & Rajiva - Mobs, Messiahs and Markets (2007).pdf",".pdf","5023931","805795D2BB749976CBFD4FEF2A7F2180F1CA5AB83F383807B43AADF15FE9CE54","2026-06-17T21:40:48Z"
"SHARED","book - manual - getting started guide for peachtree complete accounting 7.0.pdf","shared","resources/source-material/shared/Book - Manual - Getting Started Guide For Peachtree Complete Accounting 7.0.pdf","Book - Manual - Getting Started Guide For Peachtree Complete Accounting 7.0.pdf","Book - Manual - Getting Started Guide For Peachtree Complete Accounting 7.0.pdf",".pdf","2948894","8F72453F5A58939D6CF8704723454066317E3E9D0DED53A28BCE197B679837D8","2026-06-17T21:40:48Z"
"SHARED","bootstrap methods for markov processes.pdf","shared","resources/source-material/shared/Bootstrap Methods for Markov Processes.pdf","Bootstrap Methods for Markov Processes.pdf","Bootstrap Methods for Markov Processes.pdf",".pdf","864201","FB92D037FECDC8C227CB1121F45DE4EEED2DFB5B1AC9AC2F0AC4774B47CFFA38","2026-06-17T21:40:48Z"
"SHARED","bowles s. microeconomics.. behavior, institutions, and evolution (pup, 2006)(isbn 0691126380)(599s)_gc_.pdf","shared","resources/source-material/shared/Bowles S. Microeconomics.. Behavior, Institutions, and Evolution (PUP, 2006)(ISBN 0691126380)(599s)_GC_.pdf","Bowles S. Microeconomics.. Behavior, Institutions, and Evolution (PUP, 2006)(ISBN 0691126380)(599s)_GC_.pdf","Bowles S. Microeconomics.. Behavior, Institutions, and Evolution (PUP, 2006)(ISBN 0691126380)(599s)_GC_.pdf",".pdf","2049604","0A70FBC5870FFB114432CA119F0D9EA6C387F1A3A821855387E80DF2CB8C231C","2026-06-17T21:40:48Z"
"SHARED","boyd - fatal risk_ a cautionary tale of aig’s corporate suicide (2011).epub","shared","resources/source-material/shared/Boyd - Fatal Risk_ a Cautionary Tale of AIG’s Corporate Suicide (2011).epub","Boyd - Fatal Risk_ a Cautionary Tale of AIG’s Corporate Suicide (2011).epub","Boyd - Fatal Risk_ a Cautionary Tale of AIG’s Corporate Suicide (2011).epub",".epub","699272","E78094946C4B073FA6A53B80822E898E79298AEE4788ABA8BD894F45A5F197B1","2026-06-17T21:40:48Z"
"SHARED","boyle - 2014_ how to survive the next world crisis (2010).pdf","shared","resources/source-material/shared/Boyle - 2014_ How to Survive the Next World Crisis (2010).pdf","Boyle - 2014_ How to Survive the Next World Crisis (2010).pdf","Boyle - 2014_ How to Survive the Next World Crisis (2010).pdf",".pdf","4123918","3D7485A21A865C36356FEEB5AD0A21C26048CA812F88C4E2008F62742E7ED461","2026-06-17T21:40:48Z"
"SHARED","brainard l., martinez-diaz l. (eds.) brazil as an economic superpower (brookings institution press, 2009)(isbn 0815702965)(o)(305s)_gi_.pdf","shared","resources/source-material/shared/Brainard L., Martinez-diaz L. (eds.) Brazil As an Economic Superpower (Brookings Institution Press, 2009)(ISBN 0815702965)(O)(305s)_GI_.pdf","Brainard L., Martinez-diaz L. (eds.) Brazil As an Economic Superpower (Brookings Institution Press, 2009)(ISBN 0815702965)(O)(305s)_GI_.pdf","Brainard L., Martinez-diaz L. (eds.) Brazil As an Economic Superpower (Brookings Institution Press, 2009)(ISBN 0815702965)(O)(305s)_GI_.pdf",".pdf","3255106","74D9A24313F0C5F9744F62251B07F520B056C79B85B625FA17B82B062676D539","2026-06-17T21:40:48Z"
"SHARED","brakman et al.nations_and_firms_in_the_global_economy.pdf","shared","resources/source-material/shared/Brakman et al.Nations_and_Firms_in_the_Global_Economy.pdf","Brakman et al.Nations_and_Firms_in_the_Global_Economy.pdf","Brakman et al.Nations_and_Firms_in_the_Global_Economy.pdf",".pdf","10220980","56BBB4B5CA7F925BF4028166A8D92A8615EA343C2AC1EC3AFA5B9BA0B1C4D255","2026-06-17T21:40:48Z"
"SHARED","brands.that.rock.what.business.leaders.can.learn.from.the.world.of.rock.and.roll.ebook-een.pdf","shared","resources/source-material/shared/Brands.That.Rock.What.Business.Leaders.Can.Learn.from.the.World.of.Rock.and.Roll.eBook-EEn.pdf","Brands.That.Rock.What.Business.Leaders.Can.Learn.from.the.World.of.Rock.and.Roll.eBook-EEn.pdf","Brands.That.Rock.What.Business.Leaders.Can.Learn.from.the.World.of.Rock.and.Roll.eBook-EEn.pdf",".pdf","2389863","6E8F754A5892A532DF4DFD03495ECDCCE7FFC7B3F9E433C4726BCAD53C71D391","2026-06-17T21:40:48Z"
"SHARED","brealey & myers - fundamentals corporate finance - 3rd ed.pdf","shared","resources/source-material/shared/Brealey & Myers - Fundamentals Corporate Finance - 3rd Ed.pdf","Brealey & Myers - Fundamentals Corporate Finance - 3rd Ed.pdf","Brealey & Myers - Fundamentals Corporate Finance - 3rd Ed.pdf",".pdf","3934669","2EA9096A6D4DE85397DC3D792B72775454D942058BBAC8BB223573FE96B01255","2026-06-17T21:40:48Z"
"SHARED","breit w., hirsch b. (eds.) lives of the laureates. eighteen nobel economists (4ed., mit, 2004)(isbn 0262025620)(368s)_gpop_.pdf","shared","resources/source-material/shared/Breit W., Hirsch B. (eds.) Lives of the laureates. Eighteen Nobel economists (4ed., MIT, 2004)(ISBN 0262025620)(368s)_GPop_.pdf","Breit W., Hirsch B. (eds.) Lives of the laureates. Eighteen Nobel economists (4ed., MIT, 2004)(ISBN 0262025620)(368s)_GPop_.pdf","Breit W., Hirsch B. (eds.) Lives of the laureates. Eighteen Nobel economists (4ed., MIT, 2004)(ISBN 0262025620)(368s)_GPop_.pdf",".pdf","1299667","9A4964704C1ED7DE77FE5EF85C21F777AA890118908E70B09AF5315552B7589E","2026-06-17T21:40:48Z"
"SHARED","bremmer - every nation for itself_ winners and losers in a g-zero world (2012).epub","shared","resources/source-material/shared/Bremmer - Every Nation for Itself_ Winners and Losers in a G-Zero World (2012).epub","Bremmer - Every Nation for Itself_ Winners and Losers in a G-Zero World (2012).epub","Bremmer - Every Nation for Itself_ Winners and Losers in a G-Zero World (2012).epub",".epub","351161","466360A05E8CB185738F9C009BFDD7FEEBD1DD55F96003BF69A9517204EB70F3","2026-06-17T21:40:48Z"
"SHARED","brewster - unaccountable_ how the accounting profession forfeited a public trust (2003).pdf","shared","resources/source-material/shared/Brewster - Unaccountable_ How the Accounting Profession Forfeited a Public Trust (2003).pdf","Brewster - Unaccountable_ How the Accounting Profession Forfeited a Public Trust (2003).pdf","Brewster - Unaccountable_ How the Accounting Profession Forfeited a Public Trust (2003).pdf",".pdf","1389265","A601FC1582DFA2F6FA2EFB8CA4A52A703A8FB00EA46809B54F0F0FF80DF84981","2026-06-17T21:40:49Z"
"SHARED","brian tracy - the fast forward mba in finance, 2nd ed (wiley, 2002).pdf","shared","resources/source-material/shared/Brian Tracy - The Fast Forward Mba In Finance, 2Nd Ed (Wiley, 2002).pdf","Brian Tracy - The Fast Forward Mba In Finance, 2Nd Ed (Wiley, 2002).pdf","Brian Tracy - The Fast Forward Mba In Finance, 2Nd Ed (Wiley, 2002).pdf",".pdf","2114922","AD23BA5B140474F584CDA8560ACC4C8BBAE0507F7D0FEDB1E869A62B2959A5C5","2026-06-17T21:40:49Z"
"SHARED","brockwell p.j., davis r.a. introduction to time series and forecasting (2ed., springer, 2002)(isbn 0387953515)(o)(449s)_gl_.pdf","shared","resources/source-material/shared/Brockwell P.J., Davis R.A. Introduction to time series and forecasting (2ed., Springer, 2002)(ISBN 0387953515)(O)(449s)_GL_.pdf","Brockwell P.J., Davis R.A. Introduction to time series and forecasting (2ed., Springer, 2002)(ISBN 0387953515)(O)(449s)_GL_.pdf","Brockwell P.J., Davis R.A. Introduction to time series and forecasting (2ed., Springer, 2002)(ISBN 0387953515)(O)(449s)_GL_.pdf",".pdf","2344435","73A586EACA3DD975BD2950808C1534DE69DA8F13A2F6F94D7D8608E95F3E152F","2026-06-17T21:40:49Z"
"SHARED","broersen p.m. automatic autocorrelation and spectral analysis (springer, 2006)(isbn 1846283280)(300s)_gl_.pdf","shared","resources/source-material/shared/Broersen P.M. Automatic Autocorrelation and Spectral Analysis (Springer, 2006)(ISBN 1846283280)(300s)_GL_.pdf","Broersen P.M. Automatic Autocorrelation and Spectral Analysis (Springer, 2006)(ISBN 1846283280)(300s)_GL_.pdf","Broersen P.M. Automatic Autocorrelation and Spectral Analysis (Springer, 2006)(ISBN 1846283280)(300s)_GL_.pdf",".pdf","2879659","16B712CCA9B5677A28B72FF191462CA8C46CF86A2127157ACB2CD0D0A56405A0","2026-06-17T21:40:49Z"
"SHARED","brown - euro crash_ the exit route from monetary failure in europe, 2e (2012).pdf","shared","resources/source-material/shared/Brown - Euro Crash_ the Exit Route from Monetary Failure in Europe, 2e (2012).pdf","Brown - Euro Crash_ the Exit Route from Monetary Failure in Europe, 2e (2012).pdf","Brown - Euro Crash_ the Exit Route from Monetary Failure in Europe, 2e (2012).pdf",".pdf","873151","8F35113AEC36FE519A81C5DDF481811C317F4D99EC9F52BE714608DEF62EBA43","2026-06-17T21:40:49Z"
"SHARED","brown - euro crash_ the implications of monetary failure in europe (2010).pdf","shared","resources/source-material/shared/Brown - Euro Crash_ The Implications of Monetary Failure in Europe (2010).pdf","Brown - Euro Crash_ The Implications of Monetary Failure in Europe (2010).pdf","Brown - Euro Crash_ The Implications of Monetary Failure in Europe (2010).pdf",".pdf","1128428","519E582B218B19066ECFB3BC7DB531CCFBFE7EACC98776012E828F797A592DCD","2026-06-17T21:40:49Z"
"SHARED","brown - red-blooded risk_ the secret history of wall street (2012).pdf","shared","resources/source-material/shared/Brown - Red-Blooded Risk_ the Secret History of Wall Street (2012).pdf","Brown - Red-Blooded Risk_ the Secret History of Wall Street (2012).pdf","Brown - Red-Blooded Risk_ the Secret History of Wall Street (2012).pdf",".pdf","14510836","7640BDF10CBF37EACCB20096D340A7FCD7E69493A257D524B1E12E4E39526DEF","2026-06-17T21:40:49Z"
"SHARED","brown - the global auction_ the broken promises of education, jobs, and incomes (2011).pdf","shared","resources/source-material/shared/Brown - The Global Auction_ The Broken Promises of Education, Jobs, and Incomes (2011).pdf","Brown - The Global Auction_ The Broken Promises of Education, Jobs, and Incomes (2011).pdf","Brown - The Global Auction_ The Broken Promises of Education, Jobs, and Incomes (2011).pdf",".pdf","1118480","335FAB8893158D6C3339CDBF35ECEA305081E2F740BBD5B42FB533D2809E2556","2026-06-17T21:40:49Z"
"SHARED","brown - the poker face of wall street (2006).epub","shared","resources/source-material/shared/Brown - The Poker Face of Wall Street (2006).epub","Brown - The Poker Face of Wall Street (2006).epub","Brown - The Poker Face of Wall Street (2006).epub",".epub","8020870","288D870D8898B35FDAB58056F05EA4C3D01058C1D09F77301BB9CCA159F2C3D9","2026-06-17T21:40:49Z"
"SHARED","brown - world on the edge_ how to prevent environmental and economic collapse (2011).pdf","shared","resources/source-material/shared/Brown - World on the Edge_ How to Prevent Environmental and Economic Collapse (2011).pdf","Brown - World on the Edge_ How to Prevent Environmental and Economic Collapse (2011).pdf","Brown - World on the Edge_ How to Prevent Environmental and Economic Collapse (2011).pdf",".pdf","635328","3924D4DB1452ACE8BF2FDED8C10F481457576451BB4E940675067547FF5A2334","2026-06-17T21:40:49Z"
"SHARED","brown b. economists and the financial markets (routledge, 1996)(isbn 0415067219)(209s)_gk_.pdf","shared","resources/source-material/shared/Brown B. Economists and the financial markets (Routledge, 1996)(ISBN 0415067219)(209s)_GK_.pdf","Brown B. Economists and the financial markets (Routledge, 1996)(ISBN 0415067219)(209s)_GK_.pdf","Brown B. Economists and the financial markets (Routledge, 1996)(ISBN 0415067219)(209s)_GK_.pdf",".pdf","1802191","4CB804C3245298049F0EB67A6E843E2AECE4724839FA43E5D2E76683B6A81314","2026-06-17T21:40:49Z"
"SHARED","bryce - pipe dreams_ greed, ego and the death of enron (2003).pdf","shared","resources/source-material/shared/Bryce - Pipe Dreams_ Greed, Ego and the Death of Enron (2003).pdf","Bryce - Pipe Dreams_ Greed, Ego and the Death of Enron (2003).pdf","Bryce - Pipe Dreams_ Greed, Ego and the Death of Enron (2003).pdf",".pdf","20942993","CE3844C0FEE33977E0C1392FC82574C728A6D45AC1BA8A17825222D850A0157D","2026-06-17T21:40:49Z"
"SHARED","buckley (ed.) - debt-for-development exchanges_ history and new applications (2011).pdf","shared","resources/source-material/shared/Buckley (ed.) - Debt-for-Development Exchanges_ History and New Applications (2011).pdf","Buckley (ed.) - Debt-for-Development Exchanges_ History and New Applications (2011).pdf","Buckley (ed.) - Debt-for-Development Exchanges_ History and New Applications (2011).pdf",".pdf","4749362","AB354BC59D7A14F9F35A0D6394886B5EE7AB29A1E8CC0905A955470A1C074B82","2026-06-17T21:40:49Z"
"SHARED","burg d.f. a world history of tax rebellions (routledge, 2004)(isbn 0415924987)(528s)_gh_.pdf","shared","resources/source-material/shared/Burg D.F. A world history of tax rebellions (Routledge, 2004)(ISBN 0415924987)(528s)_GH_.pdf","Burg D.F. A world history of tax rebellions (Routledge, 2004)(ISBN 0415924987)(528s)_GH_.pdf","Burg D.F. A world history of tax rebellions (Routledge, 2004)(ISBN 0415924987)(528s)_GH_.pdf",".pdf","6159388","3EF629855E664A53A83F87A369B8E47CD756D87F150D3AF32FF11DF72CA73D6B","2026-06-17T21:40:49Z"
"SHARED","burton - out of the present crisis_ rediscovering improvement in the new economy (2012).pdf","shared","resources/source-material/shared/Burton - Out of the Present Crisis_ Rediscovering Improvement in the New Economy (2012).pdf","Burton - Out of the Present Crisis_ Rediscovering Improvement in the New Economy (2012).pdf","Burton - Out of the Present Crisis_ Rediscovering Improvement in the New Economy (2012).pdf",".pdf","42499133","65297AFE64F6A808DBEE99F0D1962F6B97B5CCEF41CFCC30504591BCAAF12B9E","2026-06-17T21:40:50Z"
"SHARED","business finance - excellence in financial management - evaluating financial performance.pdf","shared","resources/source-material/shared/Business Finance - Excellence in Financial Management - Evaluating Financial Performance.pdf","Business Finance - Excellence in Financial Management - Evaluating Financial Performance.pdf","Business Finance - Excellence in Financial Management - Evaluating Financial Performance.pdf",".pdf","62283","38B04CA8DE59CC1E344F64778941174E6933FA8581676AF1F88BEF96A83819CD","2026-06-17T21:40:50Z"
"SHARED","bussing-burks - deficit_ why should i care (2011).pdf","shared","resources/source-material/shared/Bussing-Burks - Deficit_ Why Should I Care (2011).pdf","Bussing-Burks - Deficit_ Why Should I Care (2011).pdf","Bussing-Burks - Deficit_ Why Should I Care (2011).pdf",".pdf","4855270","F4439145A6E9DA57016235ABFDDCE6CD19EB9D8B4AE1F09BFA77E99DEBC1C6A9","2026-06-17T21:40:50Z"
"SHARED","calberg - unemployment and inflation in economic crises (2012).pdf","shared","resources/source-material/shared/Calberg - Unemployment and Inflation in Economic Crises (2012).pdf","Calberg - Unemployment and Inflation in Economic Crises (2012).pdf","Calberg - Unemployment and Inflation in Economic Crises (2012).pdf",".pdf","15423014","7D518F2C164371512DDDD8221988C98EBF8CC7E8EFF02AF2CEC8C005CCDDCB8C","2026-06-17T21:40:50Z"
"SHARED","calculus know-it-all beginner to advanced, and everything in between.pdf","shared","resources/source-material/shared/Calculus Know-It-ALL Beginner to Advanced, and Everything in Between.pdf","Calculus Know-It-ALL Beginner to Advanced, and Everything in Between.pdf","Calculus Know-It-ALL Beginner to Advanced, and Everything in Between.pdf",".pdf","3307085","26C66989565B3676FA31F9FA12CF53C33082870276DBF977061B1CC23DE8DE78","2026-06-17T21:40:50Z"
"SHARED","calder l. financing the american dream (pup, 1999)(isbn 069105827x)(o)(393s)_gh_.pdf","shared","resources/source-material/shared/Calder L. Financing the American dream (PUP, 1999)(ISBN 069105827X)(O)(393s)_GH_.pdf","Calder L. Financing the American dream (PUP, 1999)(ISBN 069105827X)(O)(393s)_GH_.pdf","Calder L. Financing the American dream (PUP, 1999)(ISBN 069105827X)(O)(393s)_GH_.pdf",".pdf","3607663","7FAD3FD91C90476145A07CC54EA507C016B456BC1FDB92BAC37F158E35452B26","2026-06-17T21:40:50Z"
"SHARED","calhoun & derluguian (eds.) - aftermath_ a new global economic order (2011).pdf","shared","resources/source-material/shared/Calhoun & Derluguian (Eds.) - Aftermath_ a New Global Economic Order (2011).pdf","Calhoun & Derluguian (Eds.) - Aftermath_ a New Global Economic Order (2011).pdf","Calhoun & Derluguian (Eds.) - Aftermath_ a New Global Economic Order (2011).pdf",".pdf","1541859","F9E853C50FC2B01B53832C972BEA5561AC4EE4B66076A8AEB76084F7F323CB11","2026-06-17T21:40:50Z"
"SHARED","calibratio_tcm77-235255.pdf","shared","resources/source-material/shared/calibratio_tcm77-235255.pdf","calibratio_tcm77-235255.pdf","calibratio_tcm77-235255.pdf",".pdf","44028","C44317880C0CDACB64ADDCDEB1D3803ADD0645E7047AE63ED32B45DE0DC1C3E9","2026-06-17T21:40:50Z"
"SHARED","caliyurt & idowu (eds.) - emerging fraud_ fraud cases from emerging economies (2012).pdf","shared","resources/source-material/shared/Caliyurt & Idowu (Eds.) - Emerging Fraud_ Fraud Cases from Emerging Economies (2012).pdf","Caliyurt & Idowu (Eds.) - Emerging Fraud_ Fraud Cases from Emerging Economies (2012).pdf","Caliyurt & Idowu (Eds.) - Emerging Fraud_ Fraud Cases from Emerging Economies (2012).pdf",".pdf","11144761","5697518D73F511AD38CE6D6507C4676E27BA81A08A19063E1DB169A0CE00EAAC","2026-06-17T21:40:50Z"
"SHARED","cambridge university press - the wealth of ideas - a history of economic thought.pdf","shared","resources/source-material/shared/Cambridge University Press - The Wealth of Ideas - A History of Economic Thought.pdf","Cambridge University Press - The Wealth of Ideas - A History of Economic Thought.pdf","Cambridge University Press - The Wealth of Ideas - A History of Economic Thought.pdf",".pdf","6607111","CA23B440AAC9C28EE7D33F3FF53B30AA66B58C88BEC8D360A76BAF0ADBFE6AD2","2026-06-17T21:40:50Z"
"SHARED","cambridge.university.press.-.the.economics.of.john.kenneth.galbraith.2011.pdf","shared","resources/source-material/shared/Cambridge.University.Press.-.The.Economics.of.John.Kenneth.Galbraith.2011.pdf","Cambridge.University.Press.-.The.Economics.of.John.Kenneth.Galbraith.2011.pdf","Cambridge.University.Press.-.The.Economics.of.John.Kenneth.Galbraith.2011.pdf",".pdf","3019371","44B95E46E720375D148F73D79C03CD2426BE16655963C9A034ECB04D7D3631BA","2026-06-17T21:40:50Z"
"SHARED","cambridge_university_press_the_economics_of_contracts_theories_and_applications.pdf","shared","resources/source-material/shared/Cambridge_University_Press_The_Economics_of_Contracts_Theories_and_Applications.pdf","Cambridge_University_Press_The_Economics_of_Contracts_Theories_and_Applications.pdf","Cambridge_University_Press_The_Economics_of_Contracts_Theories_and_Applications.pdf",".pdf","4164052","5EC378248F5005D7684DDF9B7ECF9CDB5EA0363B0C14383E09035A0A3AC4B1DA","2026-06-17T21:40:50Z"
"SHARED","cameron & trivedi (2009) - microeconometrics using stata.pdf","shared","resources/source-material/shared/CAMERON & TRIVEDI (2009) - Microeconometrics using Stata.pdf","CAMERON & TRIVEDI (2009) - Microeconometrics using Stata.pdf","CAMERON & TRIVEDI (2009) - Microeconometrics using Stata.pdf",".pdf","34011824","021F627184EA6EF634B601DF4883590C24AE5CACE23A8AA221EE1A79DDB7B607","2026-06-17T21:40:50Z"
"SHARED","cameron c., trivedi p. microeconometrics. methods and applications (cup, 2005)(isbn 0521848059)(o)(1058s)_gl_.pdf","shared","resources/source-material/shared/Cameron C., Trivedi P. Microeconometrics. Methods and applications (CUP, 2005)(ISBN 0521848059)(O)(1058s)_GL_.pdf","Cameron C., Trivedi P. Microeconometrics. Methods and applications (CUP, 2005)(ISBN 0521848059)(O)(1058s)_GL_.pdf","Cameron C., Trivedi P. Microeconometrics. Methods and applications (CUP, 2005)(ISBN 0521848059)(O)(1058s)_GL_.pdf",".pdf","5772397","2EE10336722161F0C15638C8DCF0392D6C580E18C96C23C46C70A9D4077E9630","2026-06-17T21:40:50Z"
"SHARED","canova f. methods for applied macroeconomic research (pup, 2007)(isbn 0691115044)(o)(493s)_gl_.pdf","shared","resources/source-material/shared/Canova F. Methods for applied macroeconomic research (PUP, 2007)(ISBN 0691115044)(O)(493s)_GL_.pdf","Canova F. Methods for applied macroeconomic research (PUP, 2007)(ISBN 0691115044)(O)(493s)_GL_.pdf","Canova F. Methods for applied macroeconomic research (PUP, 2007)(ISBN 0691115044)(O)(493s)_GL_.pdf",".pdf","5788513","A28111F513030E18EBD1851E939C15EFAC21A9A4B0863FAF14AC81229C9FEDB9","2026-06-17T21:40:50Z"
"SHARED","canterbery - a brief history of economics_ artful approaches to the dismal science (2001).pdf","shared","resources/source-material/shared/Canterbery - A Brief History of Economics_ Artful Approaches to the Dismal Science (2001).pdf","Canterbery - A Brief History of Economics_ Artful Approaches to the Dismal Science (2001).pdf","Canterbery - A Brief History of Economics_ Artful Approaches to the Dismal Science (2001).pdf",".pdf","26822292","85C4944AFAF91A52F1072F5E6C1E523B04BA65805FA863B3EC4D766270F272B7","2026-06-17T21:40:50Z"
"SHARED","capital asset pricing model.pdf","shared","resources/source-material/shared/Capital Asset Pricing Model.pdf","Capital Asset Pricing Model.pdf","Capital Asset Pricing Model.pdf",".pdf","134834","C4315FFCA5FD964BC36BB39243FB4BFA6EA3DE0287A90284213D9217545EEA63","2026-06-17T21:40:50Z"
"SHARED","capitalism_ a treatise on econo - george reisman.epub","shared","resources/source-material/shared/Capitalism_ A Treatise on Econo - George Reisman.epub","Capitalism_ A Treatise on Econo - George Reisman.epub","Capitalism_ A Treatise on Econo - George Reisman.epub",".epub","4402162","B84865666B5FB3C95779D6A04D5DA14E552E7294BA890AEEE75C7BA1527A1CAF","2026-06-17T21:40:50Z"
"SHARED","capm summary.pdf","shared","resources/source-material/shared/CAPM Summary.pdf","CAPM Summary.pdf","CAPM Summary.pdf",".pdf","880039","27C7CC9F69B8F7ACF50C0365E2B1FAFAC2D7C1097937493D01B79E71235D8C8F","2026-06-17T21:40:50Z"
"SHARED","capstone global finance (2002).pdf","shared","resources/source-material/shared/Capstone Global Finance (2002).pdf","Capstone Global Finance (2002).pdf","Capstone Global Finance (2002).pdf",".pdf","1609918","FF498FDAAF6E83C6C9E506209AA2F4AC4AA1F9061684C446E5990C647BD7F9B6","2026-06-17T21:40:50Z"
"SHARED","carey & morris - king of capital_ the remarkable rise and rise again of steve schwarzman and blackstone (2010).epub","shared","resources/source-material/shared/Carey & Morris - King of Capital_ the Remarkable Rise and Rise Again of Steve Schwarzman and Blackstone (2010).epub","Carey & Morris - King of Capital_ the Remarkable Rise and Rise Again of Steve Schwarzman and Blackstone (2010).epub","Carey & Morris - King of Capital_ the Remarkable Rise and Rise Again of Steve Schwarzman and Blackstone (2010).epub",".epub","2034245","7E1CDCCB3D1F1F8D9C425DA5C652E248B161EA8D3E1FC1E43FAA2B46D68ED4F5","2026-06-17T21:40:50Z"
"SHARED","carrier j.g. (ed.) a handbook of economic anthropology (elgar, 2005)(isbn 1845429524)(602s)_gpop_.pdf","shared","resources/source-material/shared/Carrier J.G. (ed.) A handbook of economic anthropology (Elgar, 2005)(ISBN 1845429524)(602s)_GPop_.pdf","Carrier J.G. (ed.) A handbook of economic anthropology (Elgar, 2005)(ISBN 1845429524)(602s)_GPop_.pdf","Carrier J.G. (ed.) A handbook of economic anthropology (Elgar, 2005)(ISBN 1845429524)(602s)_GPop_.pdf",".pdf","2570124","45AF58C270669D6441A26ED84C46A1C95EB4B27AAC5951893FA1AEFB12443AA6","2026-06-17T21:40:51Z"
"SHARED","carruthers b.g. city of capital.. politics and markets in the english financial revolution (pup, 1996)(isbn 0691044554)(o)(317s)_gh_.pdf","shared","resources/source-material/shared/Carruthers B.G. City of capital.. Politics and markets in the English financial revolution (PUP, 1996)(ISBN 0691044554)(O)(317s)_GH_.pdf","Carruthers B.G. City of capital.. Politics and markets in the English financial revolution (PUP, 1996)(ISBN 0691044554)(O)(317s)_GH_.pdf","Carruthers B.G. City of capital.. Politics and markets in the English financial revolution (PUP, 1996)(ISBN 0691044554)(O)(317s)_GH_.pdf",".pdf","1840134","5E10F5552DCCE81897781D5AA6160827EF5DD439264EC5F7F3D14087284601D4","2026-06-17T21:40:51Z"
"SHARED","casey (ed.) - the legacy of the crash_ how the financial crisis changed america and britain (2011).pdf","shared","resources/source-material/shared/Casey (ed.) - The Legacy of the Crash_ How the Financial Crisis Changed America and Britain (2011).pdf","Casey (ed.) - The Legacy of the Crash_ How the Financial Crisis Changed America and Britain (2011).pdf","Casey (ed.) - The Legacy of the Crash_ How the Financial Crisis Changed America and Britain (2011).pdf",".pdf","1264830","A6158D37EF853F7C6A495C0F19653FA4540953419B204164D9405F5C245C6DC5","2026-06-17T21:40:51Z"
"SHARED","cassidy - how markets fail_ the logic of economic calamities (2009).epub","shared","resources/source-material/shared/Cassidy - How Markets Fail_ the Logic of Economic Calamities (2009).epub","Cassidy - How Markets Fail_ the Logic of Economic Calamities (2009).epub","Cassidy - How Markets Fail_ the Logic of Economic Calamities (2009).epub",".epub","466458","0962D4612410D455EE36D734C6C6B358E3FCB2A3F86428651F8EBF2C04584ABF","2026-06-17T21:40:51Z"
"SHARED","cato - green economics (2009).pdf","shared","resources/source-material/shared/Cato - Green Economics (2009).pdf","Cato - Green Economics (2009).pdf","Cato - Green Economics (2009).pdf",".pdf","3497756","8A611BF609F129D0F0B7904DCC9BE4291DBC38685D0184D2C7405D81F09AF600","2026-06-17T21:40:51Z"
"SHARED","ch1returns.pdf","shared","resources/source-material/shared/Ch1returns.pdf","Ch1returns.pdf","Ch1returns.pdf",".pdf","186424","C6039C64750032248D0C47B49C433C12E3C0349D77F7F39A69B6C3740EC8894B","2026-06-17T21:40:51Z"
"SHARED","ch2probrev.pdf","shared","resources/source-material/shared/Ch2probrev.pdf","Ch2probrev.pdf","Ch2probrev.pdf",".pdf","340850","0557549540080D5AACA1927904BC4C7EB6DE6F645C4D316421CBE7EFE2882CC3","2026-06-17T21:40:51Z"
"SHARED","ch3cermodel.pdf","shared","resources/source-material/shared/Ch3cermodel.pdf","Ch3cermodel.pdf","Ch3cermodel.pdf",".pdf","160033","E354AEE6057BD50790F236947CC0CD8274138D6FECA70767B3527F7A733F5E50","2026-06-17T21:40:51Z"
"SHARED","ch4portfolio.pdf","shared","resources/source-material/shared/Ch4Portfolio.pdf","Ch4Portfolio.pdf","Ch4Portfolio.pdf",".pdf","275074","519B9F1D69A09CB5432F76F33293767FB0E4D206FEB44BAC1F26DC1E9AD8AED9","2026-06-17T21:40:51Z"
"SHARED","ch5markov.pdf","shared","resources/source-material/shared/Ch5markov.pdf","Ch5markov.pdf","Ch5markov.pdf",".pdf","2440873","E2C6BBBE352E6B7A982C0D6EFA67CE47972FDAB9990F2BC36D12113D606A7300","2026-06-17T21:40:51Z"
"SHARED","ch6singleindex.pdf","shared","resources/source-material/shared/Ch6SingleIndex.pdf","Ch6SingleIndex.pdf","Ch6SingleIndex.pdf",".pdf","278460","D6A69497D0993041B3258193DEA03C68F8062C9BC85784164317F857A82189F9","2026-06-17T21:40:51Z"
"SHARED","chadha & holly (eds.) - interest rates, prices and liquidity_ lessons from the financial crisis (2012).pdf","shared","resources/source-material/shared/Chadha & Holly (Eds.) - Interest Rates, Prices and Liquidity_ Lessons from the Financial Crisis (2012).pdf","Chadha & Holly (Eds.) - Interest Rates, Prices and Liquidity_ Lessons from the Financial Crisis (2012).pdf","Chadha & Holly (Eds.) - Interest Rates, Prices and Liquidity_ Lessons from the Financial Crisis (2012).pdf",".pdf","2105328","E24204B80C0EF9C05DDFD8BB99BC27004A8640FDA6DD129AB9226526F9D20CAD","2026-06-17T21:40:51Z"
"SHARED","chakrabarti & sen - anatomy of global stock market crashes_ an empirical analysis (2012).pdf","shared","resources/source-material/shared/Chakrabarti & Sen - Anatomy of Global Stock Market Crashes_ an Empirical Analysis (2012).pdf","Chakrabarti & Sen - Anatomy of Global Stock Market Crashes_ an Empirical Analysis (2012).pdf","Chakrabarti & Sen - Anatomy of Global Stock Market Crashes_ an Empirical Analysis (2012).pdf",".pdf","19663866","C6AE452C78B63353AD344B6C0AFEAD85BF47AAEBCEFBF548C0BDA5F330A76145","2026-06-17T21:40:51Z"
"SHARED","challenge your thinking on theory of constraints (toc) accounting (e schragenheim) 2000.pdf","shared","resources/source-material/shared/Challenge Your Thinking On Theory Of Constraints (Toc) Accounting (E Schragenheim) 2000.pdf","Challenge Your Thinking On Theory Of Constraints (Toc) Accounting (E Schragenheim) 2000.pdf","Challenge Your Thinking On Theory Of Constraints (Toc) Accounting (E Schragenheim) 2000.pdf",".pdf","84559","DE5325499DD59C2BAB092584FC820E7D0154700D5D2C58DD70EAF6023A65F56A","2026-06-17T21:40:51Z"
"SHARED","chang - financial crisis and transformation of korean business groups_ the rise and fall of chaebols (2003).pdf","shared","resources/source-material/shared/Chang - Financial Crisis and Transformation of Korean Business Groups_ the Rise and Fall of Chaebols (2003).pdf","Chang - Financial Crisis and Transformation of Korean Business Groups_ the Rise and Fall of Chaebols (2003).pdf","Chang - Financial Crisis and Transformation of Korean Business Groups_ the Rise and Fall of Chaebols (2003).pdf",".pdf","1567662","3B9B93BBD070310C9CFEDFD6D039EEA3CD7ADD467018A7D1E4D73A70D43D7E91","2026-06-17T21:40:51Z"
"SHARED","chang.23 things they don_t tell you about capitalism (2010).epub","shared","resources/source-material/shared/Chang.23 Things They Don_t Tell You About Capitalism (2010).epub","Chang.23 Things They Don_t Tell You About Capitalism (2010).epub","Chang.23 Things They Don_t Tell You About Capitalism (2010).epub",".epub","398590","A8CFF310F35863FA76F1CB5A6F99D82477D75C42FD2A0B036442FF4BB3AB3F50","2026-06-17T21:40:51Z"
"SHARED","chang.bad samaritans - the myth of free trade  (2008).epub","shared","resources/source-material/shared/Chang.Bad Samaritans - The Myth of Free Trade  (2008).epub","Chang.Bad Samaritans - The Myth of Free Trade  (2008).epub","Chang.Bad Samaritans - The Myth of Free Trade  (2008).epub",".epub","337894","4F16B756FAD793419517FA6970BFE02AC567F1315CEAE6A3F452BAA3F6C1E802","2026-06-17T21:40:51Z"
"SHARED","charpe et al - financial assets, debt and liquidity crises_ a keynesian approach (2011).pdf","shared","resources/source-material/shared/Charpe et al - Financial Assets, Debt and Liquidity Crises_ a Keynesian Approach (2011).pdf","Charpe et al - Financial Assets, Debt and Liquidity Crises_ a Keynesian Approach (2011).pdf","Charpe et al - Financial Assets, Debt and Liquidity Crises_ a Keynesian Approach (2011).pdf",".pdf","4380653","5A2A9A50BEF54A396FAD51F5B238F425AD9FC2799B10A5FABFA93C8A877BBBFB","2026-06-17T21:40:51Z"
"SHARED","chartier et al eds.markets not capitalism (2011).pdf","shared","resources/source-material/shared/Chartier et al eds.Markets Not Capitalism (2011).pdf","Chartier et al eds.Markets Not Capitalism (2011).pdf","Chartier et al eds.Markets Not Capitalism (2011).pdf",".pdf","2409522","2A9B417C718160AEEB9B28900B1CF8DDBBD4A77483766A72FEACC9BD957134A5","2026-06-17T21:40:51Z"
"SHARED","chatfield c. time-series forecasting (crc, 2001)(isbn 1584880635)(o)(265s)_gl_.pdf","shared","resources/source-material/shared/Chatfield C. Time-series forecasting (CRC, 2001)(ISBN 1584880635)(O)(265s)_GL_.pdf","Chatfield C. Time-series forecasting (CRC, 2001)(ISBN 1584880635)(O)(265s)_GL_.pdf","Chatfield C. Time-series forecasting (CRC, 2001)(ISBN 1584880635)(O)(265s)_GL_.pdf",".pdf","1643000","B8987B1102D56E495C2F9EC364B685B4840B15E4CA6CE07AE1F4885C10902884","2026-06-17T21:40:51Z"
"SHARED","cheng - taming the money sharks_ 8 super-easy stock investment maxims (2013).pdf","shared","resources/source-material/shared/Cheng - Taming the Money Sharks_ 8 Super-Easy Stock Investment Maxims (2013).pdf","Cheng - Taming the Money Sharks_ 8 Super-Easy Stock Investment Maxims (2013).pdf","Cheng - Taming the Money Sharks_ 8 Super-Easy Stock Investment Maxims (2013).pdf",".pdf","3178802","4749747B5767D8BED10C6E9EA430E7DD5650122388701D74F240206018621082","2026-06-17T21:40:51Z"
"SHARED","chiang fundamental mathematics for economics.pdf","shared","resources/source-material/shared/Chiang Fundamental Mathematics for Economics.pdf","Chiang Fundamental Mathematics for Economics.pdf","Chiang Fundamental Mathematics for Economics.pdf",".pdf","25868451","509AA00F2E6D54B90B772EE9B65BBF10C82E964A9388599DB716EC98E7A36BC0","2026-06-17T21:40:51Z"
"SHARED","choi (ed.) - the asian financial crisis, vol. 1 (2000).pdf","shared","resources/source-material/shared/Choi (Ed.) - The Asian Financial Crisis, Vol. 1 (2000).pdf","Choi (Ed.) - The Asian Financial Crisis, Vol. 1 (2000).pdf","Choi (Ed.) - The Asian Financial Crisis, Vol. 1 (2000).pdf",".pdf","24709654","B4E38E190605D188A030C798BA199B18F42D2C2EC5A1766A41E16F8584AB53A4","2026-06-17T21:40:51Z"
"SHARED","chorafas - sovereign debt crisis_ the new normal and the newly poor (2011).pdf","shared","resources/source-material/shared/Chorafas - Sovereign Debt Crisis_ the New Normal and the Newly Poor (2011).pdf","Chorafas - Sovereign Debt Crisis_ the New Normal and the Newly Poor (2011).pdf","Chorafas - Sovereign Debt Crisis_ the New Normal and the Newly Poor (2011).pdf",".pdf","3788231","9BC6E8258C84CA93AF84B59DC508D1EF9110D91F40CE38AFC3F980C861F8287C","2026-06-17T21:40:51Z"
"SHARED","chown - a history of money from 800 ad (1996).pdf","shared","resources/source-material/shared/Chown - A History of Money from 800 AD (1996).pdf","Chown - A History of Money from 800 AD (1996).pdf","Chown - A History of Money from 800 AD (1996).pdf",".pdf","1759853","5829C79264634A4B5CD0D878A3C1ABFFFDBD6E7035E962690AC7ADF381ABCBC1","2026-06-17T21:40:51Z"
"SHARED","chui m., gai p. private sector involvement and international financial crises (oup, 2005)(isbn 0199267758)(o)(224s)_gi_.pdf","shared","resources/source-material/shared/Chui M., Gai P. Private sector involvement and international financial crises (OUP, 2005)(ISBN 0199267758)(O)(224s)_GI_.pdf","Chui M., Gai P. Private sector involvement and international financial crises (OUP, 2005)(ISBN 0199267758)(O)(224s)_GI_.pdf","Chui M., Gai P. Private sector involvement and international financial crises (OUP, 2005)(ISBN 0199267758)(O)(224s)_GI_.pdf",".pdf","916001","0FA57F006B263C45950EDEF2E25572AFFB11F490BB9760F07F6BAC37285A1D59","2026-06-17T21:40:51Z"
"SHARED","cic5t.practical.data.mining.pdf","shared","resources/source-material/shared/cic5t.Practical.Data.Mining.pdf","cic5t.Practical.Data.Mining.pdf","cic5t.Practical.Data.Mining.pdf",".pdf","4150080","06360F827EF52A5F47DBA81F0A710D435CBE9A168A0ADBCFA2B3859ADE2684AF","2026-06-17T21:40:51Z"
"SHARED","ciro - the global financial crisis_ triggers, responses and aftermath (2012).pdf","shared","resources/source-material/shared/Ciro - The Global Financial Crisis_ Triggers, Responses and Aftermath (2012).pdf","Ciro - The Global Financial Crisis_ Triggers, Responses and Aftermath (2012).pdf","Ciro - The Global Financial Crisis_ Triggers, Responses and Aftermath (2012).pdf",".pdf","4295880","A2867160E037DF840CFB1DA0F582CE0898E492C2D4EEBD31E0BEB5B16BDC4ABB","2026-06-17T21:40:51Z"
"SHARED","citibank - basics of corporate finance.pdf","shared","resources/source-material/shared/Citibank - Basics of corporate finance.pdf","Citibank - Basics of corporate finance.pdf","Citibank - Basics of corporate finance.pdf",".pdf","1617063","5469600576FFBE67A4EDDFCEE7F609A1BE4F09190AA899EE3C1FEAFE21E0D6FB","2026-06-17T21:40:51Z"
"SHARED","cizek, hardle & weron - statistical tools for finance and insurance.pdf","shared","resources/source-material/shared/Cizek, Hardle & Weron - Statistical Tools for Finance and Insurance.pdf","Cizek, Hardle & Weron - Statistical Tools for Finance and Insurance.pdf","Cizek, Hardle & Weron - Statistical Tools for Finance and Insurance.pdf",".pdf","1919556","5AD3858D6707A8B32E1BA1B6830A68A0D4DE108CF70510EA652EB017AB90E1D1","2026-06-17T21:40:51Z"
"SHARED","clark - a farewell to alms_ a brief economic history of the world (2007).pdf","shared","resources/source-material/shared/Clark - A Farewell to Alms_ a Brief Economic History of the World (2007).pdf","Clark - A Farewell to Alms_ a Brief Economic History of the World (2007).pdf","Clark - A Farewell to Alms_ a Brief Economic History of the World (2007).pdf",".pdf","2979927","19601CDC9E652FBF33FE29B33FA25D3CCF961CA0A685B879159B69FE14AEA252","2026-06-17T21:40:51Z"
"SHARED","clasical estimation methods for ldv models using simulation.pdf","shared","resources/source-material/shared/Clasical Estimation Methods for LDV Models Using Simulation.PDF","Clasical Estimation Methods for LDV Models Using Simulation.PDF","Clasical Estimation Methods for LDV Models Using Simulation.PDF",".pdf","3307295","E88E4EB9A2F44F7A911044D8A5D131DFC08E8FF5D308D29C798620FCC113E0B1","2026-06-17T21:40:52Z"
"SHARED","class notes in statistics and econometrics - university of utah (1664 pages).pdf","shared","resources/source-material/shared/Class Notes in Statistics and Econometrics - University of Utah (1664 pages).pdf","Class Notes in Statistics and Econometrics - University of Utah (1664 pages).pdf","Class Notes in Statistics and Econometrics - University of Utah (1664 pages).pdf",".pdf","6425529","246DA99B6CF0FB28F0046116160C159DC26BD390A337C357A718999E0BF3F198","2026-06-17T21:40:52Z"
"SHARED","cleaver t. economics (routledge, 200.pdf","shared","resources/source-material/shared/Cleaver T. Economics (Routledge, 200.pdf","Cleaver T. Economics (Routledge, 200.pdf","Cleaver T. Economics (Routledge, 200.pdf",".pdf","920066","0BF8B318D3B28337C825F3E26E64FA9697BD9EE6AD161340043DF4B4BE8FBEBE","2026-06-17T21:40:52Z"
"SHARED","cleaver t. economics (routledge, 2004)(isbn 0415314127)(230s)_gg_.pdf","shared","resources/source-material/shared/Cleaver T. Economics (Routledge, 2004)(ISBN 0415314127)(230s)_GG_.pdf","Cleaver T. Economics (Routledge, 2004)(ISBN 0415314127)(230s)_GG_.pdf","Cleaver T. Economics (Routledge, 2004)(ISBN 0415314127)(230s)_GG_.pdf",".pdf","1040312","E3455E6880B88E02F77BF6DDEDB68AF61A2A0805642B8E9EFAAFCEC8A6BD6E44","2026-06-17T21:40:52Z"
"SHARED","cleaver, economics.the basics.2004,routledge(1).pdf","shared","resources/source-material/shared/Cleaver, Economics.The Basics.2004,Routledge(1).pdf","Cleaver, Economics.The Basics.2004,Routledge(1).pdf","Cleaver, Economics.The Basics.2004,Routledge(1).pdf",".pdf","1588013","36655B8DE6626F50D23C3A4C2ADF3D5FF3A66224AD952A85C44131FDBF450EA5","2026-06-17T21:40:52Z"
"SHARED","cleaver, economics.the basics.2004,routledge.pdf","shared","resources/source-material/shared/Cleaver, Economics.The Basics.2004,Routledge.pdf","Cleaver, Economics.The Basics.2004,Routledge.pdf","Cleaver, Economics.The Basics.2004,Routledge.pdf",".pdf","1588013","36655B8DE6626F50D23C3A4C2ADF3D5FF3A66224AD952A85C44131FDBF450EA5","2026-06-17T21:40:52Z"
"SHARED","cochrane j (copy).h. time series for macroeconomics and finance (u. of chicago, 1997)(125s)_gl_.pdf","shared","resources/source-material/shared/Cochrane J (copy).H. Time series for macroeconomics and finance (U. of Chicago, 1997)(125s)_GL_.pdf","Cochrane J (copy).H. Time series for macroeconomics and finance (U. of Chicago, 1997)(125s)_GL_.pdf","Cochrane J (copy).H. Time series for macroeconomics and finance (U. of Chicago, 1997)(125s)_GL_.pdf",".pdf","607885","42F6D9716B45428F2AF2D14A7876A01B706A9F0B35F139D1AFCFF9495AAB782C","2026-06-17T21:40:52Z"
"SHARED","cochrane j.h. time series for macroeconomics and finance (u. of chicago, 1997)(125s)_gl_.pdf","shared","resources/source-material/shared/Cochrane J.H. Time series for macroeconomics and finance (U. of Chicago, 1997)(125s)_GL_.pdf","Cochrane J.H. Time series for macroeconomics and finance (U. of Chicago, 1997)(125s)_GL_.pdf","Cochrane J.H. Time series for macroeconomics and finance (U. of Chicago, 1997)(125s)_GL_.pdf",".pdf","607885","42F6D9716B45428F2AF2D14A7876A01B706A9F0B35F139D1AFCFF9495AAB782C","2026-06-17T21:40:52Z"
"SHARED","coggan - guide to hedge funds_ what they are, what they do, their risks, their advantages, 2e (2011).pdf","shared","resources/source-material/shared/Coggan - Guide to Hedge Funds_ What They Are, What They Do, Their Risks, Their Advantages, 2e (2011).pdf","Coggan - Guide to Hedge Funds_ What They Are, What They Do, Their Risks, Their Advantages, 2e (2011).pdf","Coggan - Guide to Hedge Funds_ What They Are, What They Do, Their Risks, Their Advantages, 2e (2011).pdf",".pdf","3708414","4C41C1C661DAFBE12AE0029B8773887968DE8ADC0784C31AE1B4F9F728C7937A","2026-06-17T21:40:52Z"
"SHARED","cohan - the last tycoon_ the secret history of lazard freres & co. (2007).epub","shared","resources/source-material/shared/Cohan - The Last Tycoon_ the Secret History of Lazard Freres & Co. (2007).epub","Cohan - The Last Tycoon_ the Secret History of Lazard Freres & Co. (2007).epub","Cohan - The Last Tycoon_ the Secret History of Lazard Freres & Co. (2007).epub",".epub","880457","AC2407F0C88CB9654C4316921A926DAF2AC09AEFBC6F9E1B51E2DDC9375CB87E","2026-06-17T21:40:52Z"
"SHARED","cohn s.m. reintroducing macroeconomics.. a critical approach (sharpe reference, 2006)(isbn 0765614502)(o)(397s)_gk_.pdf","shared","resources/source-material/shared/Cohn S.M. Reintroducing Macroeconomics.. A Critical Approach (Sharpe Reference, 2006)(ISBN 0765614502)(O)(397s)_GK_.pdf","Cohn S.M. Reintroducing Macroeconomics.. A Critical Approach (Sharpe Reference, 2006)(ISBN 0765614502)(O)(397s)_GK_.pdf","Cohn S.M. Reintroducing Macroeconomics.. A Critical Approach (Sharpe Reference, 2006)(ISBN 0765614502)(O)(397s)_GK_.pdf",".pdf","1782189","7F1D84DD8BB486D8D162525D22CF131DF0960917F31419D8F2C2D3C3630B0296","2026-06-17T21:40:52Z"
"SHARED","collins - regulation of securities, markets, and transactions_ a guide to the next environment (2011).pdf","shared","resources/source-material/shared/Collins - Regulation of Securities, Markets, and Transactions_ a Guide to the Next Environment (2011).pdf","Collins - Regulation of Securities, Markets, and Transactions_ a Guide to the Next Environment (2011).pdf","Collins - Regulation of Securities, Markets, and Transactions_ a Guide to the Next Environment (2011).pdf",".pdf","62673377","A50B2CE273944A6465EB40F724DF27140B3F0C03A76531D7DA0E0F24689F694C","2026-06-17T21:40:52Z"
"SHARED","communication and probability theory.pdf","shared","resources/source-material/shared/Communication and Probability Theory.pdf","Communication and Probability Theory.pdf","Communication and Probability Theory.pdf",".pdf","2901255","366F72B0A7B9C7F612139F44F4B3A27CEA41CD741E9CEA0FEFA9F6621008CE1D","2026-06-17T21:40:52Z"
"SHARED","complete guide for python programming - quick & easy guide to learn python - 1st edition (2015) (pdf, epub & mobi) gooner","shared","resources/source-material/shared/Complete Guide For Python Programming - Quick & Easy Guide To Learn Python - 1st Edition (2015) (Pdf, Epub & Mobi) Gooner/Complete Guide For Python Programming (2015).epub","Complete Guide For Python Programming - Quick & Easy Guide To Learn Python - 1st Edition (2015) (Pdf, Epub & Mobi) Gooner/Complete Guide For Python Programming (2015).epub","Complete Guide For Python Programming (2015).epub",".epub","257056","1DBD9D60E5A64D2585589BC8D0465B7E99198A868DB59138B7326EE9E64B054D","2026-06-17T21:41:50Z"
"SHARED","complete guide for python programming - quick & easy guide to learn python - 1st edition (2015) (pdf, epub & mobi) gooner","shared","resources/source-material/shared/Complete Guide For Python Programming - Quick & Easy Guide To Learn Python - 1st Edition (2015) (Pdf, Epub & Mobi) Gooner/Complete Guide For Python Programming (2015).mobi","Complete Guide For Python Programming - Quick & Easy Guide To Learn Python - 1st Edition (2015) (Pdf, Epub & Mobi) Gooner/Complete Guide For Python Programming (2015).mobi","Complete Guide For Python Programming (2015).mobi",".mobi","594854","50F5EF037DBF9792080E2282AB7FF09A8D6DEA1F38159C205E46E8C795E77D79","2026-06-17T21:41:50Z"
"SHARED","complete guide for python programming - quick & easy guide to learn python - 1st edition (2015) (pdf, epub & mobi) gooner","shared","resources/source-material/shared/Complete Guide For Python Programming - Quick & Easy Guide To Learn Python - 1st Edition (2015) (Pdf, Epub & Mobi) Gooner/Complete Guide For Python Programming (2015).pdf","Complete Guide For Python Programming - Quick & Easy Guide To Learn Python - 1st Edition (2015) (Pdf, Epub & Mobi) Gooner/Complete Guide For Python Programming (2015).pdf","Complete Guide For Python Programming (2015).pdf",".pdf","831853","CE4B9F540594BF922157335D52A4CE80C69D9D9A7F46E5575D055595A2C5C4F9","2026-06-17T21:41:50Z"
"SHARED","complete idiot_s guide to finance and accounting.pdf","shared","resources/source-material/shared/Complete Idiot_s Guide to Finance and Accounting.pdf","Complete Idiot_s Guide to Finance and Accounting.pdf","Complete Idiot_s Guide to Finance and Accounting.pdf",".pdf","32917241","DE4971B0E80EDBDDE876CA252CEA5CE75636E355B15ABA8F19986EE2923B7EAF","2026-06-17T21:40:52Z"
"SHARED","computational finance numerical methods.pdf","shared","resources/source-material/shared/Computational Finance Numerical Methods.pdf","Computational Finance Numerical Methods.pdf","Computational Finance Numerical Methods.pdf",".pdf","4002166","829169DC0ADD02B733109B8A66A2645EC91D3C5A426AB3BB2FA9FD98BC75BDC2","2026-06-17T21:40:52Z"
"SHARED","computational game theory lctn - yishay mansour.pdf","shared","resources/source-material/shared/Computational Game Theory Lctn - Yishay Mansour.pdf","Computational Game Theory Lctn - Yishay Mansour.pdf","Computational Game Theory Lctn - Yishay Mansour.pdf",".pdf","1942187","F1E34193D08C4B0A94E8BB2021F58A5BDA44D8992EBE3AD3E10751B54C3F0FBF","2026-06-17T21:40:52Z"
"SHARED","computational problems and methods.pdf","shared","resources/source-material/shared/Computational Problems and Methods.PDF","Computational Problems and Methods.PDF","Computational Problems and Methods.PDF",".pdf","3800831","8822BFD6ED2D234B44EF1AD7FF5B90B66703CD68403A61208BFE61782D887634","2026-06-17T21:40:52Z"
"SHARED","connaughton - the payoff_ why wall street always wins (2012).pdf","shared","resources/source-material/shared/Connaughton - The Payoff_ Why Wall Street Always Wins (2012).pdf","Connaughton - The Payoff_ Why Wall Street Always Wins (2012).pdf","Connaughton - The Payoff_ Why Wall Street Always Wins (2012).pdf",".pdf","3711667","BF761B2DCF15F9C74ACD48A51055324581FE4E9A5ABA3596B5C47D1B0C3C5ACC","2026-06-17T21:40:52Z"
"SHARED","connell - elements ofabstract and linear algebra.pdf","shared","resources/source-material/shared/Connell - Elements ofAbstract and Linear Algebra.pdf","Connell - Elements ofAbstract and Linear Algebra.pdf","Connell - Elements ofAbstract and Linear Algebra.pdf",".pdf","669276","0473FDD90B6512F13CC3CA096DE7CA691136B0326F0F66263899BF9A548F6051","2026-06-17T21:40:52Z"
"SHARED","conrad - profiting from the world’s economic crisis (2010).pdf","shared","resources/source-material/shared/Conrad - Profiting from the World’s Economic Crisis (2010).pdf","Conrad - Profiting from the World’s Economic Crisis (2010).pdf","Conrad - Profiting from the World’s Economic Crisis (2010).pdf",".pdf","7759256","56FB91DAC4233AD6F96EB41CA749E1373F6D3FD3D3A7C130AA2A6D77DBC00447","2026-06-17T21:40:52Z"
"SHARED","constant expected return model.pdf","shared","resources/source-material/shared/Constant Expected Return Model.pdf","Constant Expected Return Model.pdf","Constant Expected Return Model.pdf",".pdf","475372","99FDB759D4238313D94C6529D17156EE17CB160FAE47F25F362420F6C57C6560","2026-06-17T21:40:52Z"
"SHARED","continuous time stochastic models and issues of aggregation over time.pdf","shared","resources/source-material/shared/Continuous Time Stochastic Models and Issues of Aggregation Over Time.PDF","Continuous Time Stochastic Models and Issues of Aggregation Over Time.PDF","Continuous Time Stochastic Models and Issues of Aggregation Over Time.PDF",".pdf","3339352","9F9698D109C30512AF11BAAD6FBB79D51A1F710CB63D22AA4AA9120935173D52","2026-06-17T21:40:52Z"
"SHARED","convergence of probability measures by patrick billingsley 1968 (262 pages).pdf","shared","resources/source-material/shared/Convergence of probability measures by Patrick Billingsley 1968 (262 pages).pdf","Convergence of probability measures by Patrick Billingsley 1968 (262 pages).pdf","Convergence of probability measures by Patrick Billingsley 1968 (262 pages).pdf",".pdf","12395736","BCEF5C7A43A80894D463B363ACF35C09F3A7C9D462D6C4AC810FA4616EB6E290","2026-06-17T21:40:52Z"
"SHARED","convergence of stochastic processes - d.pollard.pdf","shared","resources/source-material/shared/Convergence Of Stochastic Processes - D.Pollard.pdf","Convergence Of Stochastic Processes - D.Pollard.pdf","Convergence Of Stochastic Processes - D.Pollard.pdf",".pdf","9063018","B3B58A251E66AA22FFE5A6DFB1E7DB2F46701A5A8E8A8DA6B5F48F8C551CCC83","2026-06-17T21:40:52Z"
"SHARED","cooper g. the origin of financial crises (harriman house, 2008)(isbn 1905641850)(o)(209s)_gk_.pdf","shared","resources/source-material/shared/Cooper G. The Origin of Financial Crises (Harriman House, 2008)(ISBN 1905641850)(O)(209s)_GK_.pdf","Cooper G. The Origin of Financial Crises (Harriman House, 2008)(ISBN 1905641850)(O)(209s)_GK_.pdf","Cooper G. The Origin of Financial Crises (Harriman House, 2008)(ISBN 1905641850)(O)(209s)_GK_.pdf",".pdf","1182379","BBD7BB70AB92A1DA8776ACD3B471C8F1F034A0D117228EC86E2A7D2FAB139CDB","2026-06-17T21:40:52Z"
"SHARED","copeland l.s. exchange rates and international finance (4ed., ftph, 2005)(isbn 0273683063)(513s)_gi_.pdf","shared","resources/source-material/shared/Copeland L.S. Exchange rates and international finance (4ed., FTPH, 2005)(ISBN 0273683063)(513s)_GI_.pdf","Copeland L.S. Exchange rates and international finance (4ed., FTPH, 2005)(ISBN 0273683063)(513s)_GI_.pdf","Copeland L.S. Exchange rates and international finance (4ed., FTPH, 2005)(ISBN 0273683063)(513s)_GI_.pdf",".pdf","4137861","986BF8EFAFAE384B39C3759EAE1A1E7FE3A468AC98F5B60D4A8796F52EC3DB1C","2026-06-17T21:40:53Z"
"SHARED","copula methods in finance.pdf","shared","resources/source-material/shared/Copula Methods in Finance.pdf","Copula Methods in Finance.pdf","Copula Methods in Finance.pdf",".pdf","4832521","42C4CB1163DEAD34734DF75B17E09E8B3F66999BA010C2E97CA0C2C4A3253092","2026-06-17T21:40:53Z"
"SHARED","cost and management accounting in a global business environment.pdf","shared","resources/source-material/shared/Cost and Management Accounting in a Global Business Environment.pdf","Cost and Management Accounting in a Global Business Environment.pdf","Cost and Management Accounting in a Global Business Environment.pdf",".pdf","6850391","29A0C49CDCE765D23319EC36837513E74D538B1E03A75D41A9E5C85AFA5705B1","2026-06-17T21:40:53Z"
"SHARED","cottle - options trading_ the hidden reality (2006).pdf","shared","resources/source-material/shared/Cottle - Options Trading_ The Hidden Reality (2006).pdf","Cottle - Options Trading_ The Hidden Reality (2006).pdf","Cottle - Options Trading_ The Hidden Reality (2006).pdf",".pdf","4564706","CBD729C9D3271C880F1F87B2C94525401A0950C25DFD6A81D6008C84518BEE96","2026-06-17T21:40:53Z"
"SHARED","cottrell p.l., notaras g., tortella g. (eds.) from the athenian tetradrachm to the euro (ashgate pub., 2007)(isbn 0754653897)(o)(211s)_gh_.pdf","shared","resources/source-material/shared/Cottrell P.L., Notaras G., Tortella G. (eds.) From the Athenian tetradrachm to the euro (Ashgate Pub., 2007)(ISBN 0754653897)(O)(211s)_GH_.pdf","Cottrell P.L., Notaras G., Tortella G. (eds.) From the Athenian tetradrachm to the euro (Ashgate Pub., 2007)(ISBN 0754653897)(O)(211s)_GH_.pdf","Cottrell P.L., Notaras G., Tortella G. (eds.) From the Athenian tetradrachm to the euro (Ashgate Pub., 2007)(ISBN 0754653897)(O)(211s)_GH_.pdf",".pdf","1441781","4FAAEFB4A99AF0EB9DEEE421027AA638EBC9759B2F8318B01E22BF89E5E2FA90","2026-06-17T21:40:53Z"
"SHARED","counter-examples in probability and.pdf","shared","resources/source-material/shared/Counter-examples in Probability and.pdf","Counter-examples in Probability and.pdf","Counter-examples in Probability and.pdf",".pdf","99668978","4FEFAF1D1E9AD3DD46291545BE74BB9A635D06793D3684D3BB8708046419D96A","2026-06-17T21:40:53Z"
"SHARED","course on real analysis.pdf","shared","resources/source-material/shared/course on real analysis.pdf","course on real analysis.pdf","course on real analysis.pdf",".pdf","625770","F131A8C0750438D201988D1521A0B68B1AAD93BB3E96FBFBD1870959CC9393B3","2026-06-17T21:40:53Z"
"SHARED","cowell f.a. microeconomics (lse, 2004)(o)(668s)_gc_.pdf","shared","resources/source-material/shared/Cowell F.A. Microeconomics (LSE, 2004)(O)(668s)_GC_.pdf","Cowell F.A. Microeconomics (LSE, 2004)(O)(668s)_GC_.pdf","Cowell F.A. Microeconomics (LSE, 2004)(O)(668s)_GC_.pdf",".pdf","4911879","52707AE4668EC90219B53DB026E286112CC3764234E868C12A8904660A089F24","2026-06-17T21:40:53Z"
"SHARED","cowen - the great stagnation_ how america ate all the low-hanging fruit of modern history (2011).epub","shared","resources/source-material/shared/Cowen - The Great Stagnation_ How America Ate All the Low-Hanging Fruit of Modern History (2011).epub","Cowen - The Great Stagnation_ How America Ate All the Low-Hanging Fruit of Modern History (2011).epub","Cowen - The Great Stagnation_ How America Ate All the Low-Hanging Fruit of Modern History (2011).epub",".epub","179580","2BF46E023C0B2720968C1873BC76EFC24965C131524E8EAFAF6FC9C2BE4A7B23","2026-06-17T21:40:53Z"
"SHARED","cox s. (ed.) economics.. making sense of the modern economy (bloomberg, 2006)(isbn 1861976062)(337s)_gg_.pdf","shared","resources/source-material/shared/Cox S. (ed.) Economics.. Making Sense of the Modern Economy (Bloomberg, 2006)(ISBN 1861976062)(337s)_GG_.pdf","Cox S. (ed.) Economics.. Making Sense of the Modern Economy (Bloomberg, 2006)(ISBN 1861976062)(337s)_GG_.pdf","Cox S. (ed.) Economics.. Making Sense of the Modern Economy (Bloomberg, 2006)(ISBN 1861976062)(337s)_GG_.pdf",".pdf","2137340","E8040B8D8FC2287C8443A8C44F8A10543C9805F2ED28DEA34D000317A3E6D61E","2026-06-17T21:40:53Z"
"SHARED","cox.ed.economics making sense of the modern economy.pdf","shared","resources/source-material/shared/Cox.ed.Economics Making Sense of the Modern Economy.pdf","Cox.ed.Economics Making Sense of the Modern Economy.pdf","Cox.ed.Economics Making Sense of the Modern Economy.pdf",".pdf","1959350","85C5B082D62D93A789E27101F01FC7FE1559CBEA731F9882B0714ED5EF984CAE","2026-06-17T21:40:53Z"
"SHARED","coxe - the new reality of wall street_ an investor’s survival guide to triple waterfalls and other stock market perils (2003).pdf","shared","resources/source-material/shared/Coxe - The New Reality of Wall Street_ An Investor’s Survival Guide to Triple Waterfalls and Other Stock Market Perils (2003).pdf","Coxe - The New Reality of Wall Street_ An Investor’s Survival Guide to Triple Waterfalls and Other Stock Market Perils (2003).pdf","Coxe - The New Reality of Wall Street_ An Investor’s Survival Guide to Triple Waterfalls and Other Stock Market Perils (2003).pdf",".pdf","1721685","F4EA3EE709C77CC910EC627F4B7FAE91554C642FB7D869F4511520957FA5E746","2026-06-17T21:40:53Z"
"SHARED","creel m. econometrics (ln, barcelona, 2006)(o)(490s)_gl_.pdf","shared","resources/source-material/shared/Creel M. Econometrics (LN, Barcelona, 2006)(O)(490s)_GL_.pdf","Creel M. Econometrics (LN, Barcelona, 2006)(O)(490s)_GL_.pdf","Creel M. Econometrics (LN, Barcelona, 2006)(O)(490s)_GL_.pdf",".pdf","2339404","EDE119679F18548D0EE94097CB666DDC255BA2AF665B281D02BDB90A94DF7825","2026-06-17T21:40:53Z"
"SHARED","crescenzi - beyond the keynesian endpoint_ crushed by credit and deceived by debt—how to revive the global economy (2012).pdf","shared","resources/source-material/shared/Crescenzi - Beyond the Keynesian Endpoint_ Crushed by Credit and Deceived by Debt—How to Revive the Global Economy (2012).pdf","Crescenzi - Beyond the Keynesian Endpoint_ Crushed by Credit and Deceived by Debt—How to Revive the Global Economy (2012).pdf","Crescenzi - Beyond the Keynesian Endpoint_ Crushed by Credit and Deceived by Debt—How to Revive the Global Economy (2012).pdf",".pdf","6635663","88C8B451E268C276BD475B2D991EB0BBCC3A331A883FB54A25EFB5428601C3F7","2026-06-17T21:40:53Z"
"SHARED","crm mcgraw hill - customer relationship management (2002).pdf","shared","resources/source-material/shared/CRM McGraw Hill - Customer Relationship Management (2002).pdf","CRM McGraw Hill - Customer Relationship Management (2002).pdf","CRM McGraw Hill - Customer Relationship Management (2002).pdf",".pdf","19479996","FBD021FBF8F857C89FE59DE3DE48CA9713DAF54C6B728F2426168BAF95EB5A04","2026-06-17T21:40:53Z"
"SHARED","crowder - post modern investment_ facts and fallacies of growing wealth in a multi-asset world (2013).pdf","shared","resources/source-material/shared/Crowder - Post Modern Investment_ Facts and Fallacies of Growing Wealth in a Multi-Asset World (2013).pdf","Crowder - Post Modern Investment_ Facts and Fallacies of Growing Wealth in a Multi-Asset World (2013).pdf","Crowder - Post Modern Investment_ Facts and Fallacies of Growing Wealth in a Multi-Asset World (2013).pdf",".pdf","6266916","49DBDA21E06B919C857F738B3700D0011A4DA220A827A94874D56AEDB05E4946","2026-06-17T21:40:53Z"
"SHARED","cruikshank - distressed financial markets_ navigating the shoals of liquidity risk (2008).pdf","shared","resources/source-material/shared/Cruikshank - Distressed Financial Markets_ Navigating the Shoals of Liquidity Risk (2008).pdf","Cruikshank - Distressed Financial Markets_ Navigating the Shoals of Liquidity Risk (2008).pdf","Cruikshank - Distressed Financial Markets_ Navigating the Shoals of Liquidity Risk (2008).pdf",".pdf","3605347","00B5EA59394990B7C5E361FD11AC504093608A3A214458E61219859C1FCB1DBB","2026-06-17T21:40:53Z"
"SHARED","culp & niskanen - corporate aftershock_ the public policy lessons from the collapse of enron (2003).pdf","shared","resources/source-material/shared/Culp & Niskanen - Corporate Aftershock_ The Public Policy Lessons from the Collapse of Enron (2003).pdf","Culp & Niskanen - Corporate Aftershock_ The Public Policy Lessons from the Collapse of Enron (2003).pdf","Culp & Niskanen - Corporate Aftershock_ The Public Policy Lessons from the Collapse of Enron (2003).pdf",".pdf","3426637","7BB7EDCC52745F989A3964D880F52812300F58FC4F077FB14E0D4F58D60793E0","2026-06-17T21:40:53Z"
"SHARED","cummings j.w. towards modern public finance.. the american war with mexico 1846-1848 (pickering & chatto ltd, 2008)(isbn 1851969888)(235s)_gh_.pdf","shared","resources/source-material/shared/Cummings J.W. Towards Modern Public Finance.. The American War With Mexico 1846-1848 (Pickering & Chatto Ltd, 2008)(ISBN 1851969888)(235s)_GH_.pdf","Cummings J.W. Towards Modern Public Finance.. The American War With Mexico 1846-1848 (Pickering & Chatto Ltd, 2008)(ISBN 1851969888)(235s)_GH_.pdf","Cummings J.W. Towards Modern Public Finance.. The American War With Mexico 1846-1848 (Pickering & Chatto Ltd, 2008)(ISBN 1851969888)(235s)_GH_.pdf",".pdf","1025422","BB41E8D912893223ECBCBAF898A030AD48535D6440A7DD1676B13EBCA8EDC9A7","2026-06-17T21:40:53Z"
"SHARED","cypher j.m., dietz j.l. the process of economic development (2ed., routledge, 2004)(isbn 0415254159)(o)(591s)_gk_.pdf","shared","resources/source-material/shared/Cypher J.M., Dietz J.L. The process of economic development (2ed., Routledge, 2004)(ISBN 0415254159)(O)(591s)_GK_.pdf","Cypher J.M., Dietz J.L. The process of economic development (2ed., Routledge, 2004)(ISBN 0415254159)(O)(591s)_GK_.pdf","Cypher J.M., Dietz J.L. The process of economic development (2ed., Routledge, 2004)(ISBN 0415254159)(O)(591s)_GK_.pdf",".pdf","3055054","DA4A11820800AFC9634FEC03379EB46B8F620C265749F2AB7F1D6D1E39F48FFF","2026-06-17T21:40:53Z"
"SHARED","dadkhah k. the evolution of macroeconomic theory and policy (springer, 2009)(isbn 3540770070)(274s)_gk_.pdf","shared","resources/source-material/shared/Dadkhah K. The Evolution of Macroeconomic Theory and Policy (Springer, 2009)(ISBN 3540770070)(274s)_GK_.pdf","Dadkhah K. The Evolution of Macroeconomic Theory and Policy (Springer, 2009)(ISBN 3540770070)(274s)_GK_.pdf","Dadkhah K. The Evolution of Macroeconomic Theory and Policy (Springer, 2009)(ISBN 3540770070)(274s)_GK_.pdf",".pdf","3939428","336AB9D06B453B59DC68CF126262D211810105F19FE049F404DA7EF979833E46","2026-06-17T21:40:53Z"
"SHARED","dale - the first crash_ lessons from the south sea bubble (2004).epub","shared","resources/source-material/shared/Dale - The First Crash_ Lessons from the South Sea Bubble (2004).epub","Dale - The First Crash_ Lessons from the South Sea Bubble (2004).epub","Dale - The First Crash_ Lessons from the South Sea Bubble (2004).epub",".epub","4900021","0BC46286B4D79B3A0F5B1F47034348F098655AB76D09739F7FA20233470BBC92","2026-06-17T21:40:54Z"
"SHARED","dale (ed.) - first the transition, then the crash_ eastern europe in the 2000s (2011).pdf","shared","resources/source-material/shared/Dale (Ed.) - First the Transition, Then the Crash_ Eastern Europe in the 2000s (2011).pdf","Dale (Ed.) - First the Transition, Then the Crash_ Eastern Europe in the 2000s (2011).pdf","Dale (Ed.) - First the Transition, Then the Crash_ Eastern Europe in the 2000s (2011).pdf",".pdf","6896939","D15FBF16D1A3ECDE5B4D83A1501C3DCDFD29AFF56ADAB297142B62EEFBED48FF","2026-06-17T21:40:54Z"
"SHARED","damodaran - investment fables_ exposing the myths of can_t miss investment strategies (2004).pdf","shared","resources/source-material/shared/Damodaran - Investment Fables_ Exposing the Myths of Can_t Miss Investment Strategies (2004).pdf","Damodaran - Investment Fables_ Exposing the Myths of Can_t Miss Investment Strategies (2004).pdf","Damodaran - Investment Fables_ Exposing the Myths of Can_t Miss Investment Strategies (2004).pdf",".pdf","3003900","F4A94B98018760F65AB3000F7029747294B41B623778CD6311E1CBEC19C807C7","2026-06-17T21:40:54Z"
"SHARED","danielsson - global financial systems_ stability and risk (2013).pdf","shared","resources/source-material/shared/Danielsson - Global Financial Systems_ Stability and Risk (2013).pdf","Danielsson - Global Financial Systems_ Stability and Risk (2013).pdf","Danielsson - Global Financial Systems_ Stability and Risk (2013).pdf",".pdf","52885597","C49C6514C8305F8D5047CD8B46993823D9EBE5B0E9ED48E75818D3F0ECA7366F","2026-06-17T21:40:54Z"
"SHARED","daron_acemoglu-introduction_to_modern_economic_growth-princeton_university_press(2008).pdf","shared","resources/source-material/shared/Daron_Acemoglu-Introduction_to_Modern_Economic_Growth-Princeton_University_Press(2008).pdf","Daron_Acemoglu-Introduction_to_Modern_Economic_Growth-Princeton_University_Press(2008).pdf","Daron_Acemoglu-Introduction_to_Modern_Economic_Growth-Princeton_University_Press(2008).pdf",".pdf","7620166","BC5130747A856DE31FC56B2E12CB9EE6F0509B45CBEC1748E1F4D3D7509C15E1","2026-06-17T21:40:54Z"
"SHARED","darvas, nicholas - how i made 2 million in the stock market.pdf","shared","resources/source-material/shared/Darvas, Nicholas - How I Made 2 Million in the Stock Market.pdf","Darvas, Nicholas - How I Made 2 Million in the Stock Market.pdf","Darvas, Nicholas - How I Made 2 Million in the Stock Market.pdf",".pdf","2823963","A0AB38C5A94BC02D7DC807F523C491C2049D5D819EB118E004EE67D4736BEE6C","2026-06-17T21:40:54Z"
"SHARED","das - extreme money_ masters of the universe and the cult of risk (2011).pdf","shared","resources/source-material/shared/Das - Extreme Money_ Masters of the Universe and the Cult of Risk (2011).pdf","Das - Extreme Money_ Masters of the Universe and the Cult of Risk (2011).pdf","Das - Extreme Money_ Masters of the Universe and the Cult of Risk (2011).pdf",".pdf","9333970","C864A321ED3967C921D4FEFD8535E284EF168A4AE4AFFB384FC734E4D45BCAB4","2026-06-17T21:40:54Z"
"SHARED","das - traders, guns & money_ knowns and unknowns in the dazzling world of derivatives (2006).pdf","shared","resources/source-material/shared/Das - Traders, Guns & Money_ Knowns and Unknowns in the Dazzling World of Derivatives (2006).pdf","Das - Traders, Guns & Money_ Knowns and Unknowns in the Dazzling World of Derivatives (2006).pdf","Das - Traders, Guns & Money_ Knowns and Unknowns in the Dazzling World of Derivatives (2006).pdf",".pdf","2841753","695A9B6221D97CD281571934BB20CA81D9DD2ECB60781A93DFE0EAE748925118","2026-06-17T21:40:54Z"
"SHARED","das s.p. microeconomics for business (sage, 2007)(isbn 0761935924)(o)(373s)_gc_.pdf","shared","resources/source-material/shared/Das S.P. Microeconomics for Business (Sage, 2007)(ISBN 0761935924)(O)(373s)_GC_.pdf","Das S.P. Microeconomics for Business (Sage, 2007)(ISBN 0761935924)(O)(373s)_GC_.pdf","Das S.P. Microeconomics for Business (Sage, 2007)(ISBN 0761935924)(O)(373s)_GC_.pdf",".pdf","3442668","08755651279A711F133A15332CB4616A8FB8888BB7B6132CC2E2BA818CE27B68","2026-06-17T21:40:54Z"
"SHARED","dasgupta p. economics.. a very short introduction (oup, 2007)(isbn 0192853457)(182s)_gpop_.pdf","shared","resources/source-material/shared/Dasgupta P. Economics.. A Very Short Introduction (OUP, 2007)(ISBN 0192853457)(182s)_GPop_.pdf","Dasgupta P. Economics.. A Very Short Introduction (OUP, 2007)(ISBN 0192853457)(182s)_GPop_.pdf","Dasgupta P. Economics.. A Very Short Introduction (OUP, 2007)(ISBN 0192853457)(182s)_GPop_.pdf",".pdf","1344975","D364FD87C1E3AF7DC14E9C6C8E84C90F48DB4784990AA7021A7EE0BEA4E5AFCD","2026-06-17T21:40:54Z"
"SHARED","dasgupta.economics - a very short introduction.pdf","shared","resources/source-material/shared/Dasgupta.Economics - A Very Short Introduction.pdf","Dasgupta.Economics - A Very Short Introduction.pdf","Dasgupta.Economics - A Very Short Introduction.pdf",".pdf","2645568","AFC3FBEB89417C00759E3D0C00DF3590E655DF0BA744D913AF3A329540F0A599","2026-06-17T21:40:54Z"
"SHARED","data mashups in r..pdf","shared","resources/source-material/shared/Data Mashups in R..pdf","Data Mashups in R..pdf","Data Mashups in R..pdf",".pdf","5170873","AE7A8B987C8CC3E306E646C5A97B9695361FB8FDC0C80CF9463295C2BDFE5678","2026-06-17T21:40:54Z"
"SHARED","david frey - business - six deadly small business marketing secrets.pdf","shared","resources/source-material/shared/David Frey - Business - Six Deadly Small Business Marketing Secrets.pdf","David Frey - Business - Six Deadly Small Business Marketing Secrets.pdf","David Frey - Business - Six Deadly Small Business Marketing Secrets.pdf",".pdf","365213","10F3D9A1741AA0EF76D6507E8E9A03BCEA4FC41A4C588EA2BF53BA92B11A10A2","2026-06-17T21:40:54Z"
"SHARED","davidoff - gods at war_ shotgun takeovers, government by deal and the private equity implosion (2009).pdf","shared","resources/source-material/shared/Davidoff - Gods at War_ Shotgun Takeovers, Government by Deal and the Private Equity Implosion (2009).pdf","Davidoff - Gods at War_ Shotgun Takeovers, Government by Deal and the Private Equity Implosion (2009).pdf","Davidoff - Gods at War_ Shotgun Takeovers, Government by Deal and the Private Equity Implosion (2009).pdf",".pdf","3120756","DF3B50D0894136CD62285CC1C4D5A57CA028F51F37930BF6C6473B26775968B4","2026-06-17T21:40:54Z"
"SHARED","davidson r., mackinnon j.g. econometric theory and methods (no front)(draft, oup, 2004)(isbn 0195123727)(o)(692s)_gl_.pdf","shared","resources/source-material/shared/Davidson R., MacKinnon J.G. Econometric theory and methods (no front)(draft, OUP, 2004)(ISBN 0195123727)(O)(692s)_GL_.pdf","Davidson R., MacKinnon J.G. Econometric theory and methods (no front)(draft, OUP, 2004)(ISBN 0195123727)(O)(692s)_GL_.pdf","Davidson R., MacKinnon J.G. Econometric theory and methods (no front)(draft, OUP, 2004)(ISBN 0195123727)(O)(692s)_GL_.pdf",".pdf","5819718","C87F180B40315F297A97E9746FFB3C75828594B5D5279430FB9530FE17315E1E","2026-06-17T21:40:54Z"
"SHARED","davis e.p. debt, financial fragility, and systemic risk (oup, 1995)(isbn 0198233310)(o)(406s)_gk_.pdf","shared","resources/source-material/shared/Davis E.P. Debt, financial fragility, and systemic risk (OUP, 1995)(ISBN 0198233310)(O)(406s)_GK_.pdf","Davis E.P. Debt, financial fragility, and systemic risk (OUP, 1995)(ISBN 0198233310)(O)(406s)_GK_.pdf","Davis E.P. Debt, financial fragility, and systemic risk (OUP, 1995)(ISBN 0198233310)(O)(406s)_GK_.pdf",".pdf","2242853","FFE1A8935973DEA8B7B37BA2BE9EE4FB7F04EA957A30DF7B958F61E18FFE434E","2026-06-17T21:40:54Z"
"SHARED","day - the return of the great depression (2009).epub","shared","resources/source-material/shared/Day - The Return of the Great Depression (2009).epub","Day - The Return of the Great Depression (2009).epub","Day - The Return of the Great Depression (2009).epub",".epub","3559604","B1ECB92096CCE9E5A6B09BF2861732F08E4758F64B99CAA3830280C3579AC2FD","2026-06-17T21:40:54Z"
"SHARED","de goede - virtue, fortune, and faith_ a genealogy of finance (2005).pdf","shared","resources/source-material/shared/De Goede - Virtue, Fortune, and Faith_ a Genealogy of Finance (2005).pdf","De Goede - Virtue, Fortune, and Faith_ a Genealogy of Finance (2005).pdf","De Goede - Virtue, Fortune, and Faith_ a Genealogy of Finance (2005).pdf",".pdf","2565128","8D961B278263E4C3147A68D0F09A3E105B0128A1CEDE20ED5F7543DC18D682B7","2026-06-17T21:40:54Z"
"SHARED","deaton a. understanding consumption (oup, 1992)(isbn 0198288247)(o)(257s)_gg_.pdf","shared","resources/source-material/shared/Deaton A. Understanding consumption (OUP, 1992)(ISBN 0198288247)(O)(257s)_GG_.pdf","Deaton A. Understanding consumption (OUP, 1992)(ISBN 0198288247)(O)(257s)_GG_.pdf","Deaton A. Understanding consumption (OUP, 1992)(ISBN 0198288247)(O)(257s)_GG_.pdf",".pdf","2814162","1842E158E9F3D50ED001E25D39B907300CFB0F5AB7F34D432B325462F593279E","2026-06-17T21:40:54Z"
"SHARED","deflem (ed.) - economic crisis and crime (2011).pdf","shared","resources/source-material/shared/Deflem (Ed.) - Economic Crisis and Crime (2011).pdf","Deflem (Ed.) - Economic Crisis and Crime (2011).pdf","Deflem (Ed.) - Economic Crisis and Crime (2011).pdf",".pdf","1412294","F551EF98E59FA0846E014A01D5F002A05237171F92C9756A7FC1E202BD11D851","2026-06-17T21:40:54Z"
"SHARED","demand analysis.pdf","shared","resources/source-material/shared/Demand Analysis.PDF","Demand Analysis.PDF","Demand Analysis.PDF",".pdf","4929746","CF65B5CC23FCEE2E36E0E3F775C9DE9F0BF9D5267A873A638107318ED5DDE3D6","2026-06-17T21:40:54Z"
"SHARED","demirguc-kunt - the international financial crisis_ have the rules of finance changed (2011).pdf","shared","resources/source-material/shared/Demirguc-Kunt - The International Financial Crisis_ Have the Rules of Finance Changed (2011).pdf","Demirguc-Kunt - The International Financial Crisis_ Have the Rules of Finance Changed (2011).pdf","Demirguc-Kunt - The International Financial Crisis_ Have the Rules of Finance Changed (2011).pdf",".pdf","2777912","8F30668B9996CF600A32C4726CD742E5B35C2BB99C0FD89869E4AD61D964EF21","2026-06-17T21:40:54Z"
"SHARED","demirguc-kunt (eds.) - the international financial crisis_ have the rules of finance changed (2011).pdf","shared","resources/source-material/shared/Demirguc-Kunt (Eds.) - The International Financial Crisis_ Have the Rules of Finance Changed (2011).pdf","Demirguc-Kunt (Eds.) - The International Financial Crisis_ Have the Rules of Finance Changed (2011).pdf","Demirguc-Kunt (Eds.) - The International Financial Crisis_ Have the Rules of Finance Changed (2011).pdf",".pdf","4040842","97405F469FFCDDB9979125D8EC74308D4C578360EDB48721FF273245BEF68BEB","2026-06-17T21:40:54Z"
"SHARED","desai r.m., goldberg i. (eds.) can russia compete (brookings institution press, 2008)(isbn 0815718314)(o)(201s)_gi_.pdf","shared","resources/source-material/shared/Desai R.M., Goldberg I. (eds.) Can Russia Compete (Brookings Institution Press, 2008)(ISBN 0815718314)(O)(201s)_GI_.pdf","Desai R.M., Goldberg I. (eds.) Can Russia Compete (Brookings Institution Press, 2008)(ISBN 0815718314)(O)(201s)_GI_.pdf","Desai R.M., Goldberg I. (eds.) Can Russia Compete (Brookings Institution Press, 2008)(ISBN 0815718314)(O)(201s)_GI_.pdf",".pdf","1103614","9791561C512118273BD7766B34BBB269BCDB2E2344A65CFC26B8DF5B9F43BF48","2026-06-17T21:40:54Z"
"SHARED","developing portfolio optimizaton models in matlab.pdf","shared","resources/source-material/shared/Developing Portfolio Optimizaton Models in Matlab.pdf","Developing Portfolio Optimizaton Models in Matlab.pdf","Developing Portfolio Optimizaton Models in Matlab.pdf",".pdf","390687","C014C49F03C4E3700435F6701ADFD81B935B1B4A309240698B7CB62ECD348D23","2026-06-17T21:40:55Z"
"SHARED","devereaux c., lawrence r.z., watkins m.d. case studies in us trade negotiation, v.1.. making the rules (iie, 2006)(isbn 0881323624)(411s)_gi_.pdf","shared","resources/source-material/shared/Devereaux C., Lawrence R.Z., Watkins M.D. Case studies in US trade negotiation, v.1.. Making the rules (IIE, 2006)(ISBN 0881323624)(411s)_GI_.pdf","Devereaux C., Lawrence R.Z., Watkins M.D. Case studies in US trade negotiation, v.1.. Making the rules (IIE, 2006)(ISBN 0881323624)(411s)_GI_.pdf","Devereaux C., Lawrence R.Z., Watkins M.D. Case studies in US trade negotiation, v.1.. Making the rules (IIE, 2006)(ISBN 0881323624)(411s)_GI_.pdf",".pdf","3182649","6BB0A81CA0EEAF37D2D106159E2791C6E2016B6854CF6830CA9C95C1B39A8C27","2026-06-17T21:40:55Z"
"SHARED","devereaux c., lawrence r.z., watkins m.d. case studies in us trade negotiation, v.2.. resolving disputes (iie, 2006)(isbn 0881323632)(391s)_gi_.pdf","shared","resources/source-material/shared/Devereaux C., Lawrence R.Z., Watkins M.D. Case studies in US trade negotiation, v.2.. Resolving disputes (IIE, 2006)(ISBN 0881323632)(391s)_GI_.pdf","Devereaux C., Lawrence R.Z., Watkins M.D. Case studies in US trade negotiation, v.2.. Resolving disputes (IIE, 2006)(ISBN 0881323632)(391s)_GI_.pdf","Devereaux C., Lawrence R.Z., Watkins M.D. Case studies in US trade negotiation, v.2.. Resolving disputes (IIE, 2006)(ISBN 0881323632)(391s)_GI_.pdf",".pdf","1808833","F892425D4C88136F3F236E5250EBC86F25C5FB8B05F4B82999F1AD44C20CAA53","2026-06-17T21:40:55Z"
"SHARED","dewatripont - balancing the banks_ global lessons from the financial crisis (2010).pdf","shared","resources/source-material/shared/Dewatripont - Balancing the Banks_ Global Lessons from the Financial Crisis (2010).pdf","Dewatripont - Balancing the Banks_ Global Lessons from the Financial Crisis (2010).pdf","Dewatripont - Balancing the Banks_ Global Lessons from the Financial Crisis (2010).pdf",".pdf","818993","F74475EE47769BF665B9D6B35FD45D2911B70F9B8F943654355188C7BA8F8209","2026-06-17T21:40:55Z"
"SHARED","diary of a very bad year_ confessions of an anonymous hedge fund manager (2010).epub","shared","resources/source-material/shared/Diary of a Very Bad Year_ Confessions of an Anonymous Hedge Fund Manager (2010).epub","Diary of a Very Bad Year_ Confessions of an Anonymous Hedge Fund Manager (2010).epub","Diary of a Very Bad Year_ Confessions of an Anonymous Hedge Fund Manager (2010).epub",".epub","386698","CF1D1C2D0D2222634E79CAD044E2C83FE94D83F01681A1BFF7F68978EEB38A19","2026-06-17T21:40:55Z"
"SHARED","dictionary_of_financial_and_business_terms.pdf","shared","resources/source-material/shared/Dictionary_of_financial_and_business_terms.pdf","Dictionary_of_financial_and_business_terms.pdf","Dictionary_of_financial_and_business_terms.pdf",".pdf","1320742","41F6457C08FEC6D81C677625BB16DACA228AE2376F9162CF87370220AEAF0508","2026-06-17T21:40:55Z"
"SHARED","dienst - the bonds of debt_ borrowing against the common good (2011).pdf","shared","resources/source-material/shared/Dienst - The Bonds of Debt_ Borrowing against the Common Good (2011).pdf","Dienst - The Bonds of Debt_ Borrowing against the Common Good (2011).pdf","Dienst - The Bonds of Debt_ Borrowing against the Common Good (2011).pdf",".pdf","8850067","DD8050347C225F9B864798E22BC927C8E1661797B2F0B1572AAD1474BDA0EBCB","2026-06-17T21:40:55Z"
"SHARED","discrete choice methods with simulation.pdf","shared","resources/source-material/shared/Discrete Choice Methods with Simulation.pdf","Discrete Choice Methods with Simulation.pdf","Discrete Choice Methods with Simulation.pdf",".pdf","1693662","23CA7FC330E2EAE08885E62576C1A85D474B78505BD88B35DEB985D51F77570E","2026-06-17T21:40:55Z"
"SHARED","disequilibrium, self-selection, and switching models.pdf","shared","resources/source-material/shared/Disequilibrium, Self-Selection, and Switching Models.PDF","Disequilibrium, Self-Selection, and Switching Models.PDF","Disequilibrium, Self-Selection, and Switching Models.PDF",".pdf","3469893","5F0E441918B42F1295BC00D68AD11F5B3635146AD0850C4A08684A4CA5DFA4F7","2026-06-17T21:40:55Z"
"SHARED","dixit and & pindyck - investment under uncertainty (1994).pdf","shared","resources/source-material/shared/Dixit and & Pindyck - Investment under Uncertainty (1994).pdf","Dixit and & Pindyck - Investment under Uncertainty (1994).pdf","Dixit and & Pindyck - Investment under Uncertainty (1994).pdf",".pdf","21091482","5883F1207B873E1A8C0D4A173BAA50593A0C004F002ED9A4368BA6640D3427A2","2026-06-17T21:40:55Z"
"SHARED","doe j. - structural inference in cointegrated vector autoregressive models.pdf","shared","resources/source-material/shared/Doe J. - Structural Inference in Cointegrated Vector Autoregressive Models.pdf","Doe J. - Structural Inference in Cointegrated Vector Autoregressive Models.pdf","Doe J. - Structural Inference in Cointegrated Vector Autoregressive Models.pdf",".pdf","1002271","92B647F0C7D862676961E83FF81499680874B87AC16E18C2154BDD11C244DA46","2026-06-17T21:40:55Z"
"SHARED","doepke m., lehnert a., sellgren a.w. macroeconomics (draft, 1999)(296s)_gk_.pdf","shared","resources/source-material/shared/Doepke M., Lehnert A., Sellgren A.W. Macroeconomics (draft, 1999)(296s)_GK_.pdf","Doepke M., Lehnert A., Sellgren A.W. Macroeconomics (draft, 1999)(296s)_GK_.pdf","Doepke M., Lehnert A., Sellgren A.W. Macroeconomics (draft, 1999)(296s)_GK_.pdf",".pdf","1656139","E5FC9A05713C4BAC32CF8ADC27D0924C88377E5DB4C51DB57C2831FFD137CFD2","2026-06-17T21:40:55Z"
"SHARED","donald trump - fortune without fear real estate riches.pdf","shared","resources/source-material/shared/Donald Trump - Fortune Without Fear Real Estate Riches.pdf","Donald Trump - Fortune Without Fear Real Estate Riches.pdf","Donald Trump - Fortune Without Fear Real Estate Riches.pdf",".pdf","1216520","BBCDB1CF2A699AC721C4DC284DD61894FC9685B11C6163D4886F0E2BDD313FD3","2026-06-17T21:40:55Z"
"SHARED","dooley m.p., frankel j.a. (eds.) managing currency crises in emerging markets (ucp, 2003)(isbn 0226155404)(456s)_gi_.pdf","shared","resources/source-material/shared/Dooley M.P., Frankel J.A. (eds.) Managing currency crises in emerging markets (UCP, 2003)(ISBN 0226155404)(456s)_GI_.pdf","Dooley M.P., Frankel J.A. (eds.) Managing currency crises in emerging markets (UCP, 2003)(ISBN 0226155404)(456s)_GI_.pdf","Dooley M.P., Frankel J.A. (eds.) Managing currency crises in emerging markets (UCP, 2003)(ISBN 0226155404)(456s)_GI_.pdf",".pdf","3256850","DA0DD1E6C88F14B086E6D88F9BF1FA3C9E22C5092CDE09891A7339CA1E486DBA","2026-06-17T21:40:55Z"
"SHARED","dorling - all that is solid_ the great housing disaster (2014).epub","shared","resources/source-material/shared/Dorling - All That Is Solid_ the Great Housing Disaster (2014).epub","Dorling - All That Is Solid_ the Great Housing Disaster (2014).epub","Dorling - All That Is Solid_ the Great Housing Disaster (2014).epub",".epub","2526937","CBF0D3B573638BEE7DA9E6048BA40FE0AEABF2BAAB0DC10062C035EA5A3714C9","2026-06-17T21:40:55Z"
"SHARED","dougherty c. introduction to econometrics (3ed., oup, 2007)(isbn 0199280967)(336s)_gl_.pdf","shared","resources/source-material/shared/Dougherty C. Introduction to econometrics (3ed., OUP, 2007)(ISBN 0199280967)(336s)_GL_.pdf","Dougherty C. Introduction to econometrics (3ed., OUP, 2007)(ISBN 0199280967)(336s)_GL_.pdf","Dougherty C. Introduction to econometrics (3ed., OUP, 2007)(ISBN 0199280967)(336s)_GL_.pdf",".pdf","2515171","5AEC67A03B5731E1327D1D55A4CF92409C0892B8F17AD5749E76E9A5CB6DA3B5","2026-06-17T21:40:55Z"
"SHARED","dow & saville - a critique of monetary policy_ theory and british experience (2001).pdf","shared","resources/source-material/shared/Dow & Saville - A Critique of Monetary Policy_ Theory and British Experience (2001).pdf","Dow & Saville - A Critique of Monetary Policy_ Theory and British Experience (2001).pdf","Dow & Saville - A Critique of Monetary Policy_ Theory and British Experience (2001).pdf",".pdf","16557131","9B9D95E90C533546CD4892B9680905700F524B324FFB191443145313C2EFB679","2026-06-17T21:40:55Z"
"SHARED","downing-orr - rethinking depression_ why current treatments fail (1998).pdf","shared","resources/source-material/shared/Downing-Orr - Rethinking Depression_ Why Current Treatments Fail (1998).pdf","Downing-Orr - Rethinking Depression_ Why Current Treatments Fail (1998).pdf","Downing-Orr - Rethinking Depression_ Why Current Treatments Fail (1998).pdf",".pdf","3191040","09FCDD653CF70B3670B0E5A5B10AA182C9B82701FEB89B0212FCBF322B129A11","2026-06-17T21:40:55Z"
"SHARED","dreyfuss - hedge hogs_ the cowboy traders behind wall street_s largest hedge fund disaster (2013).epub","shared","resources/source-material/shared/Dreyfuss - Hedge Hogs_ the Cowboy Traders Behind Wall Street_s Largest Hedge Fund Disaster (2013).epub","Dreyfuss - Hedge Hogs_ the Cowboy Traders Behind Wall Street_s Largest Hedge Fund Disaster (2013).epub","Dreyfuss - Hedge Hogs_ the Cowboy Traders Behind Wall Street_s Largest Hedge Fund Disaster (2013).epub",".epub","2060072","9230CCA684F5613D2B0D06620605820C5FCEF17327EDCB6632F3665AE4DBAF17","2026-06-17T21:40:55Z"
"SHARED","driscoll j.c. lecture notes in macroeconomics (brown, 2001)(143s)_gk_.pdf","shared","resources/source-material/shared/Driscoll J.C. Lecture notes in macroeconomics (Brown, 2001)(143s)_GK_.pdf","Driscoll J.C. Lecture notes in macroeconomics (Brown, 2001)(143s)_GK_.pdf","Driscoll J.C. Lecture notes in macroeconomics (Brown, 2001)(143s)_GK_.pdf",".pdf","654531","7FBAB95C9457EAEB71D84736E51E207CB53E2DB236AA96DDB02537F0B95131BD","2026-06-17T21:40:55Z"
"SHARED","drobny - inside the house of money_ top hedge fund traders on profiting in the global markets (2006).pdf","shared","resources/source-material/shared/Drobny - Inside the House of Money_ Top Hedge Fund Traders on Profiting in the Global Markets (2006).pdf","Drobny - Inside the House of Money_ Top Hedge Fund Traders on Profiting in the Global Markets (2006).pdf","Drobny - Inside the House of Money_ Top Hedge Fund Traders on Profiting in the Global Markets (2006).pdf",".pdf","15629936","1F2E415BC8042CC4B16BCECD1F3783907CA1998D85D1DB787AEFCDE12CAFAFEB","2026-06-17T21:40:55Z"
"SHARED","duff - the buy side_ a wall street trader_s tale of spectacular excess (2013).epub","shared","resources/source-material/shared/Duff - The Buy Side_ a Wall Street Trader_s Tale of Spectacular Excess (2013).epub","Duff - The Buy Side_ a Wall Street Trader_s Tale of Spectacular Excess (2013).epub","Duff - The Buy Side_ a Wall Street Trader_s Tale of Spectacular Excess (2013).epub",".epub","404647","30C56552C092C5BDC23A68D518E31CA4DF283F569D6B2E9BC716AAF9A5937EBE","2026-06-17T21:40:55Z"
"SHARED","duffie - how big banks fail and what to do about it (2011).pdf","shared","resources/source-material/shared/Duffie - How Big Banks Fail and What to Do about It (2011).pdf","Duffie - How Big Banks Fail and What to Do about It (2011).pdf","Duffie - How Big Banks Fail and What to Do about It (2011).pdf",".pdf","1262444","D4D4F9F2836D4E4106197A665730DD5E6F87D6001B47ABB37CB5B25269350E71","2026-06-17T21:40:55Z"
"SHARED","dufour j.-m. identification weak instruments and statistical inference in econometrics (u. de montreal, 2003)(43s)_gl_.pdf","shared","resources/source-material/shared/Dufour J.-M. Identification weak instruments and statistical inference in econometrics (U. de Montreal, 2003)(43s)_GL_.pdf","Dufour J.-M. Identification weak instruments and statistical inference in econometrics (U. de Montreal, 2003)(43s)_GL_.pdf","Dufour J.-M. Identification weak instruments and statistical inference in econometrics (U. de Montreal, 2003)(43s)_GL_.pdf",".pdf","238152","3F69E27356CD280039192DF6C660E66DC3AE7FA8EB3CB1A80B797A535BD5F5B5","2026-06-17T21:40:55Z"
"SHARED","dumas & choylev - the american phoenix_ and why china and europe will struggle after the  coming slump (2011).pdf","shared","resources/source-material/shared/Dumas & Choylev - The American Phoenix_ and Why China and Europe Will Struggle after the  Coming Slump (2011).pdf","Dumas & Choylev - The American Phoenix_ and Why China and Europe Will Struggle after the  Coming Slump (2011).pdf","Dumas & Choylev - The American Phoenix_ and Why China and Europe Will Struggle after the  Coming Slump (2011).pdf",".pdf","4104598","D176B27C6525A82C5315A2F25B8B8E8757CF8A1F98F946A5E8073DF63EE8345F","2026-06-17T21:40:55Z"
"SHARED","dumenil & levy - the crisis of neoliberalism (2011).pdf","shared","resources/source-material/shared/Dumenil & Levy - The Crisis of Neoliberalism (2011).pdf","Dumenil & Levy - The Crisis of Neoliberalism (2011).pdf","Dumenil & Levy - The Crisis of Neoliberalism (2011).pdf",".pdf","4792916","6A70D6BB7DDED79FCBA00FB98BAF6EFE242DDDAE65E80BCAC1F8E5C721F7D474","2026-06-17T21:40:55Z"
"SHARED","duncan - the new depression_ the breakdown of the paper money economy (2012).epub","shared","resources/source-material/shared/Duncan - The New Depression_ the Breakdown of the Paper Money Economy (2012).epub","Duncan - The New Depression_ the Breakdown of the Paper Money Economy (2012).epub","Duncan - The New Depression_ the Breakdown of the Paper Money Economy (2012).epub",".epub","1868566","CD9F85AC4C1A2DD21C2C7B800E048FAAD8FD0EA6224DE20192257A25A484E8D8","2026-06-17T21:40:55Z"
"SHARED","dunn jr r.m., mutti j.h. international economics (5ed., routledge, 2000)(isbn 0415208793)(o)(625s)_gi_.pdf","shared","resources/source-material/shared/Dunn Jr R.M., Mutti J.H. International economics (5ed., Routledge, 2000)(ISBN 0415208793)(O)(625s)_GI_.pdf","Dunn Jr R.M., Mutti J.H. International economics (5ed., Routledge, 2000)(ISBN 0415208793)(O)(625s)_GI_.pdf","Dunn Jr R.M., Mutti J.H. International economics (5ed., Routledge, 2000)(ISBN 0415208793)(O)(625s)_GI_.pdf",".pdf","3740790","780F3C90DF231CBFE3C9AF450071734DB780EC6586B7D7C7D48E8693CD6F8B00","2026-06-17T21:40:55Z"
"SHARED","dynamic specification.pdf","shared","resources/source-material/shared/Dynamic Specification.PDF","Dynamic Specification.PDF","Dynamic Specification.PDF",".pdf","5037802","EDDBDD5FA6DB927762DF7428A258AB259E6C48FE2936489EF8536E6411A7BB6F","2026-06-17T21:40:55Z"
"SHARED","ebook business statistics demystified - steven.pdf","shared","resources/source-material/shared/ebook business statistics demystified - steven.pdf","ebook business statistics demystified - steven.pdf","ebook business statistics demystified - steven.pdf",".pdf","6124229","38F5F58EF4C2FAC90BA1625D0513D2F67A8B34CBD661D2C15F3F6DC400A32612","2026-06-17T21:40:56Z"
"SHARED","econometric analysis of longitudinal data.pdf","shared","resources/source-material/shared/Econometric Analysis of Longitudinal Data.PDF","Econometric Analysis of Longitudinal Data.PDF","Econometric Analysis of Longitudinal Data.PDF",".pdf","5234881","53EDC5578E0F94DF31E37993B941342BC20F978B034772CB898F6A8CA9BB03CC","2026-06-17T21:40:56Z"
"SHARED","econometric analysis of qualitive response models.pdf","shared","resources/source-material/shared/Econometric ANalysis of Qualitive Response Models.PDF","Econometric ANalysis of Qualitive Response Models.PDF","Econometric ANalysis of Qualitive Response Models.PDF",".pdf","3796906","80F8D131EAB2BA0DC7CF77D6FF82A010C5856D5C2DF922ECFF1A225C6BB1FD69","2026-06-17T21:40:56Z"
"SHARED","econometric mehtods for modeling producer behavious.pdf","shared","resources/source-material/shared/Econometric Mehtods for Modeling Producer Behavious.PDF","Econometric Mehtods for Modeling Producer Behavious.PDF","Econometric Mehtods for Modeling Producer Behavious.PDF",".pdf","4929360","1F495CF02EBEBE99482C85E020E9BD05707A2C52D5BCC5DD95F71CE4D0E21FB2","2026-06-17T21:40:56Z"
"SHARED","econometric modelling.pdf","shared","resources/source-material/shared/Econometric Modelling.pdf","Econometric Modelling.pdf","Econometric Modelling.pdf",".pdf","21322910","C03C75FAE57475E81C3AD69CA195E36C16B83C8E818B8BA349D4DCF8A7FA7837","2026-06-17T21:40:56Z"
"SHARED","econometric theory and methods - russell davidson and james g. mackinnon.pdf","shared","resources/source-material/shared/Econometric Theory and Methods - Russell Davidson and James G. MacKinnon.pdf","Econometric Theory and Methods - Russell Davidson and James G. MacKinnon.pdf","Econometric Theory and Methods - Russell Davidson and James G. MacKinnon.pdf",".pdf","5588619","DF97E5C3E2CDC956F57078292799F8B84C6EB0442448F0FE9A9B9E82E75FCE29","2026-06-17T21:40:56Z"
"SHARED","econometric tools for analyzing market outcomes.pdf","shared","resources/source-material/shared/Econometric Tools for Analyzing Market Outcomes.pdf","Econometric Tools for Analyzing Market Outcomes.pdf","Econometric Tools for Analyzing Market Outcomes.pdf",".pdf","752274","3DF9AF748D067FE9D2AC670356C4F7883B2A3E61C9F93128D634B09FF461DA57","2026-06-17T21:40:56Z"
"SHARED","econometrics notes - university of utah (370 pages).pdf","shared","resources/source-material/shared/Econometrics Notes - University of Utah (370 pages).pdf","Econometrics Notes - University of Utah (370 pages).pdf","Econometrics Notes - University of Utah (370 pages).pdf",".pdf","3059561","EA1631DDDF3B007E9C2039887890530D42A265CDA758A9E1E66EE929E3DE4268","2026-06-17T21:40:56Z"
"SHARED","economic and econometric models.pdf","shared","resources/source-material/shared/Economic and Econometric Models.PDF","Economic and Econometric Models.PDF","Economic and Econometric Models.PDF",".pdf","2566533","EF99A7493DA10144D7BCB252D13FABB6D0660668070960C2F944584D4792C2D7","2026-06-17T21:40:56Z"
"SHARED","economic data issues.pdf","shared","resources/source-material/shared/Economic Data Issues.PDF","Economic Data Issues.PDF","Economic Data Issues.PDF",".pdf","3525352","757F03FA1F05338ADD458E9C770974A6974535CED831075BBCE72DAE1BB8F6F7","2026-06-17T21:40:56Z"
"SHARED","economic policy formation  - theory and implementaiton.pdf","shared","resources/source-material/shared/Economic Policy Formation  - Theory and Implementaiton.PDF","Economic Policy Formation  - Theory and Implementaiton.PDF","Economic Policy Formation  - Theory and Implementaiton.PDF",".pdf","2335192","997105979103824E11D0796FD2806AB088ECABB16C186F1FC30A2253E9CFA133","2026-06-17T21:40:56Z"
"SHARED","economic sociology.pdf","shared","resources/source-material/shared/Economic Sociology.pdf","Economic Sociology.pdf","Economic Sociology.pdf",".pdf","2093495","D0ECAD99CF80462635E1C24E671D4AF7BCD379C9A402A2B6CBBA7348F7F33532","2026-06-17T21:40:56Z"
"SHARED","economics - freakonomics - a rogue economist explores the hidden side of everything - s d levitt & s j d~0.pdf","shared","resources/source-material/shared/Economics - Freakonomics - A Rogue Economist Explores the Hidden Side of Everything - S D Levitt & S J D~0.pdf","Economics - Freakonomics - A Rogue Economist Explores the Hidden Side of Everything - S D Levitt & S J D~0.pdf","Economics - Freakonomics - A Rogue Economist Explores the Hidden Side of Everything - S D Levitt & S J D~0.pdf",".pdf","5920068","1E1F0AAB33B29C3C8EFD73811248BF6B9935E1AA01D94DCF59E07F62D047B379","2026-06-17T21:40:56Z"
"SHARED","economics - mba in a day - what you would learn at top-tier business schools - wiley 2004.pdf","shared","resources/source-material/shared/Economics - MBA in A Day - What You Would Learn At Top-Tier Business Schools - Wiley 2004.pdf","Economics - MBA in A Day - What You Would Learn At Top-Tier Business Schools - Wiley 2004.pdf","Economics - MBA in A Day - What You Would Learn At Top-Tier Business Schools - Wiley 2004.pdf",".pdf","1650349","1C3EB04C47046F84155C6B4F8E42FD0D39CB9857C6A043FF5EA7C1EF0F5D1E37","2026-06-17T21:40:56Z"
"SHARED","economics - mises, ludwig von - human action. a treatise on economics.pdf","shared","resources/source-material/shared/Economics - Mises, Ludwig von - Human Action. A Treatise on Economics.pdf","Economics - Mises, Ludwig von - Human Action. A Treatise on Economics.pdf","Economics - Mises, Ludwig von - Human Action. A Treatise on Economics.pdf",".pdf","3422617","E5F2400E28E52B6F09AA9C40670EFE79922F9F88094301158CE003F01F617D1C","2026-06-17T21:40:56Z"
"SHARED","economics of the 1_  how mainstream economics serves the rich, obscures reality and distorts policy - john weeks  (2013).pdf","shared","resources/source-material/shared/Economics of the 1_  How Mainstream Economics Serves the Rich, Obscures Reality and Distorts Policy - John Weeks  (2013).pdf","Economics of the 1_  How Mainstream Economics Serves the Rich, Obscures Reality and Distorts Policy - John Weeks  (2013).pdf","Economics of the 1_  How Mainstream Economics Serves the Rich, Obscures Reality and Distorts Policy - John Weeks  (2013).pdf",".pdf","3320230","07B951FC339C26F2BD68E283089D82A1271B9A8A7C585498EDA0031101BE5AAD","2026-06-17T21:40:56Z"
"SHARED","economics stiglitz.pdf","shared","resources/source-material/shared/Economics Stiglitz.pdf","Economics Stiglitz.pdf","Economics Stiglitz.pdf",".pdf","12595315","6B4F0134E642733EDF0CA08B4E4E792DE9924A2C34E9AE681BB5C41493F34056","2026-06-17T21:40:56Z"
"SHARED","edelbacher et al (eds.) - financial crimes_ a threat to global security (2012).epub","shared","resources/source-material/shared/Edelbacher et al (Eds.) - Financial Crimes_ a Threat to Global Security (2012).epub","Edelbacher et al (Eds.) - Financial Crimes_ a Threat to Global Security (2012).epub","Edelbacher et al (Eds.) - Financial Crimes_ a Threat to Global Security (2012).epub",".epub","3083655","42CAF5FD488816C7CAC6AFE4E8338E63FC9836884B30394E7B6B408A2A4740E3","2026-06-17T21:40:56Z"
"SHARED","edwards s., frankel j.a. (eds.) preventing currency crises in emerging markets (ucp, 2002)(isbn 0226184943)(o)(783s)_gi_.pdf","shared","resources/source-material/shared/Edwards S., Frankel J.A. (eds.) Preventing currency crises in emerging markets (UCP, 2002)(ISBN 0226184943)(O)(783s)_GI_.pdf","Edwards S., Frankel J.A. (eds.) Preventing currency crises in emerging markets (UCP, 2002)(ISBN 0226184943)(O)(783s)_GI_.pdf","Edwards S., Frankel J.A. (eds.) Preventing currency crises in emerging markets (UCP, 2002)(ISBN 0226184943)(O)(783s)_GI_.pdf",".pdf","3426674","CAA585594203F71E3CF33DDC4EBCB0F22A85459EBD70264DEF6E96201876D29F","2026-06-17T21:40:56Z"
"SHARED","eggertsson - imperfect institutions_ possibilities & limits of reform (2005).pdf","shared","resources/source-material/shared/Eggertsson - Imperfect Institutions_ Possibilities & Limits of Reform (2005).pdf","Eggertsson - Imperfect Institutions_ Possibilities & Limits of Reform (2005).pdf","Eggertsson - Imperfect Institutions_ Possibilities & Limits of Reform (2005).pdf",".pdf","6356248","14ED6D0B771E23EB34F46CEFD490C85AED43E632C292A666A3FFD8FBF51F0EAE","2026-06-17T21:40:56Z"
"SHARED","ehrenreich - nickel and dimed_ on (not) getting by in america (2002).epub","shared","resources/source-material/shared/Ehrenreich - Nickel and Dimed_ On (Not) Getting By in America (2002).epub","Ehrenreich - Nickel and Dimed_ On (Not) Getting By in America (2002).epub","Ehrenreich - Nickel and Dimed_ On (Not) Getting By in America (2002).epub",".epub","245396","EFD40382701878DEE130010384D5538BCA72E255DDDFE18D154EE8C8668787C8","2026-06-17T21:40:56Z"
"SHARED","eichengreen - capital flows and crises (2003).pdf","shared","resources/source-material/shared/Eichengreen - Capital Flows and Crises (2003).pdf","Eichengreen - Capital Flows and Crises (2003).pdf","Eichengreen - Capital Flows and Crises (2003).pdf",".pdf","6944094","1C715D2DD8D738D1138F0F64851DD8718EF927F43A9E792EFF3460B2FCFF344B","2026-06-17T21:40:56Z"
"SHARED","eichenwald - conspiracy of fools_ a true story (2005).epub","shared","resources/source-material/shared/Eichenwald - Conspiracy of Fools_ a True Story (2005).epub","Eichenwald - Conspiracy of Fools_ a True Story (2005).epub","Eichenwald - Conspiracy of Fools_ a True Story (2005).epub",".epub","2516681","B6B8787CD54202F3160F39499674B4BB45D6D8FA77B2B2C452616C505061DF5E","2026-06-17T21:40:56Z"
"SHARED","ekholm, eriksen - linjär algebra och bioinformatik.pdf","shared","resources/source-material/shared/Ekholm, Eriksen - Linjär Algebra och Bioinformatik.pdf","Ekholm, Eriksen - Linjär Algebra och Bioinformatik.pdf","Ekholm, Eriksen - Linjär Algebra och Bioinformatik.pdf",".pdf","588784","3483B7959C432C8395967C6857DFF623E31E0F8AE8116BA0ACDCB851A5CD166C","2026-06-17T21:40:56Z"
"SHARED","elementary geometry.pdf","shared","resources/source-material/shared/Elementary Geometry.pdf","Elementary Geometry.pdf","Elementary Geometry.pdf",".pdf","12296784","EA48E9B65D477F39F97D7DED2EBCCA2413FF5423F6B44F30DFAAA09308FDE9C1","2026-06-17T21:40:57Z"
"SHARED","elementary statistics.pdf","shared","resources/source-material/shared/Elementary Statistics.pdf","Elementary Statistics.pdf","Elementary Statistics.pdf",".pdf","49258702","2027332C4AAE700644F959A8E944389ABE892F340D30137AB251872C919DB6F5","2026-06-17T21:40:57Z"
"SHARED","el-erian - when markets collide_ investment strategies for the age of global economic change (2008).pdf","shared","resources/source-material/shared/El-Erian - When Markets Collide_ Investment Strategies for the Age of Global Economic Change (2008).pdf","El-Erian - When Markets Collide_ Investment Strategies for the Age of Global Economic Change (2008).pdf","El-Erian - When Markets Collide_ Investment Strategies for the Age of Global Economic Change (2008).pdf",".pdf","1327003","FBD23C9EA5E298E5BA718314139EBF72AF3146FD36956B19D0B24CFE54605C91","2026-06-17T21:40:56Z"
"SHARED","elliott g., granger c.w.j., timmermann a. (eds.) handbook of economic forecasting (elsevier nh, 2006)(isbn 0444513957)(o)(1134s)_gl_.pdf","shared","resources/source-material/shared/Elliott G., Granger C.W.J., Timmermann A. (eds.) Handbook of economic forecasting (Elsevier NH, 2006)(ISBN 0444513957)(O)(1134s)_GL_.pdf","Elliott G., Granger C.W.J., Timmermann A. (eds.) Handbook of economic forecasting (Elsevier NH, 2006)(ISBN 0444513957)(O)(1134s)_GL_.pdf","Elliott G., Granger C.W.J., Timmermann A. (eds.) Handbook of economic forecasting (Elsevier NH, 2006)(ISBN 0444513957)(O)(1134s)_GL_.pdf",".pdf","11779797","D25E2AB1398F23ECAF942960750CA612660E19CAA2CE61E2AA39E24060A5A989","2026-06-17T21:40:57Z"
"SHARED","ellis - wall street people_ true stories of today’s masters and moguls (2001).pdf","shared","resources/source-material/shared/Ellis - Wall Street People_ True Stories of Today’s Masters and Moguls (2001).pdf","Ellis - Wall Street People_ True Stories of Today’s Masters and Moguls (2001).pdf","Ellis - Wall Street People_ True Stories of Today’s Masters and Moguls (2001).pdf",".pdf","64728637","8F91735A449AE10001A12020DBE6F5AB224D6DBBBF9775B5DAD75CDB0A248B8A","2026-06-17T21:40:57Z"
"SHARED","elson - governing global finance_ the evolution and reform of the international financial architecture (2011).pdf","shared","resources/source-material/shared/Elson - Governing Global Finance_ the Evolution and Reform of the International Financial Architecture (2011).pdf","Elson - Governing Global Finance_ the Evolution and Reform of the International Financial Architecture (2011).pdf","Elson - Governing Global Finance_ the Evolution and Reform of the International Financial Architecture (2011).pdf",".pdf","3854692","7569C00E5F1492AD072E0C0110F2736B7113913DADE04631AB809C2F6AC69D77","2026-06-17T21:40:57Z"
"SHARED","empirical process methods in econometrics.pdf","shared","resources/source-material/shared/Empirical Process Methods in Econometrics.PDF","Empirical Process Methods in Econometrics.PDF","Empirical Process Methods in Econometrics.PDF",".pdf","2936053","551546B70179EEB1B271C68AD343972B5E3CB355988B00EB6F2589AD2D8C901F","2026-06-17T21:40:57Z"
"SHARED","encyclopediaofmathematicsanditsappli.pdf","shared","resources/source-material/shared/EncyclopediaofMathematicsanditsAppli.pdf","EncyclopediaofMathematicsanditsAppli.pdf","EncyclopediaofMathematicsanditsAppli.pdf",".pdf","3485425","AEF8D451D47B1AE894AC2559883BFE93C8B4DF3B3C167BF49FC6051EC07A465C","2026-06-17T21:40:57Z"
"SHARED","energy prices and emissions journal.pdf","shared","resources/source-material/shared/Energy Prices And Emissions Journal.pdf","Energy Prices And Emissions Journal.pdf","Energy Prices And Emissions Journal.pdf",".pdf","285672","14C2FBB9303E39E24151DA15E89FE202BC1BF7A4A38BECFC9A0D24632A1F18FE","2026-06-17T21:40:57Z"
"SHARED","engel & mccoy - the subprime virus_ reckless credit, regulatory failure, and next steps (2011).pdf","shared","resources/source-material/shared/Engel & McCoy - The Subprime Virus_ Reckless Credit, Regulatory Failure, and Next Steps (2011).pdf","Engel & McCoy - The Subprime Virus_ Reckless Credit, Regulatory Failure, and Next Steps (2011).pdf","Engel & McCoy - The Subprime Virus_ Reckless Credit, Regulatory Failure, and Next Steps (2011).pdf",".pdf","3423798","8F7D3229BC1181BB01BE8787A568E960E4DC6D085E4A803111385268D08511A8","2026-06-17T21:40:57Z"
"SHARED","engelen - after the great complacence_ financial crisis and the politics of reform (2011).pdf","shared","resources/source-material/shared/Engelen - After the Great Complacence_ Financial Crisis and the Politics of Reform (2011).pdf","Engelen - After the Great Complacence_ Financial Crisis and the Politics of Reform (2011).pdf","Engelen - After the Great Complacence_ Financial Crisis and the Politics of Reform (2011).pdf",".pdf","1484955","9B735D732C5AB4C58A0CB01C26F565EEBC9E17EE8F05A92503376E90B42AE3F0","2026-06-17T21:40:57Z"
"SHARED","essential calculus early transcenden.pdf","shared","resources/source-material/shared/ESSENTIAL CALCULUS Early Transcenden.PDF","ESSENTIAL CALCULUS Early Transcenden.PDF","ESSENTIAL CALCULUS Early Transcenden.PDF",".pdf","27518885","BA4E757F3BCC4FA4F64A4C43AE884EC5C9892769BF7AE6FC127446B36F7136EE","2026-06-17T21:40:57Z"
"SHARED","essential cost accounting terminology.pdf","shared","resources/source-material/shared/Essential Cost Accounting Terminology.pdf","Essential Cost Accounting Terminology.pdf","Essential Cost Accounting Terminology.pdf",".pdf","212053","7A94089486F8D6F96EE3DB3AE87D7001F5A2895365F319B40C39DDBC45AF975C","2026-06-17T21:40:57Z"
"SHARED","essentials of statistics for business and economics.pdf","shared","resources/source-material/shared/Essentials of Statistics for Business And Economics.pdf","Essentials of Statistics for Business And Economics.pdf","Essentials of Statistics for Business And Economics.pdf",".pdf","10068586","6E3B5CB479E1662D1F2A1C5BD9FCF2E27D2DB65B678CFAD14740C95C1AB4CDB5","2026-06-17T21:40:57Z"
"SHARED","estimating intertemporal relationships using longitudinal data.pdf","shared","resources/source-material/shared/Estimating Intertemporal Relationships Using Longitudinal Data.pdf","Estimating Intertemporal Relationships Using Longitudinal Data.pdf","Estimating Intertemporal Relationships Using Longitudinal Data.pdf",".pdf","1704502","C0EE6F45A0E8D7EBD7D1553521E4D8A5F149B9E448558F4AD458C593EBB6B898","2026-06-17T21:40:58Z"
"SHARED","estimation and inference for dependent processes.pdf","shared","resources/source-material/shared/Estimation and Inference for Dependent Processes.PDF","Estimation and Inference for Dependent Processes.PDF","Estimation and Inference for Dependent Processes.PDF",".pdf","5449713","ACD6BEFF36A2049207260CE658670A424FB9C53FF0C832912F5B7FE7B950CEA7","2026-06-17T21:40:58Z"
"SHARED","estimation and specification in labor supply and consumption models.pdf","shared","resources/source-material/shared/Estimation and Specification in Labor Supply and Consumption Models.pdf","Estimation and Specification in Labor Supply and Consumption Models.pdf","Estimation and Specification in Labor Supply and Consumption Models.pdf",".pdf","930080","764998CF8C17D91FE4838552CDF946592E814345AA2524BE5B101A7EEA2F6223","2026-06-17T21:40:58Z"
"SHARED","estimation for dirty data and flawed models.pdf","shared","resources/source-material/shared/Estimation for Dirty Data and Flawed Models.PDF","Estimation for Dirty Data and Flawed Models.PDF","Estimation for Dirty Data and Flawed Models.PDF",".pdf","2742459","2FAA4BD14239313F3F7C8A5C1B58047611B7E550AA7B993D080DE5E60141C62B","2026-06-17T21:40:58Z"
"SHARED","estimation of semiparametric models.pdf","shared","resources/source-material/shared/Estimation of Semiparametric Models.PDF","Estimation of Semiparametric Models.PDF","Estimation of Semiparametric Models.PDF",".pdf","8975108","C044709C7EBC9959A2A00EC16FDBA27425660FAD105EF1E8B6B9EC400C7CCE1E","2026-06-17T21:40:58Z"
"SHARED","etheebookoftechnicalmarketindicators.pdf","shared","resources/source-material/shared/eTheEBookofTechnicalMarketIndicators.pdf","eTheEBookofTechnicalMarketIndicators.pdf","eTheEBookofTechnicalMarketIndicators.pdf",".pdf","1074636","905C279321A9E5481A4A42E876B73951BD05C528DC6C8643A2AC3E2CBC5420F1","2026-06-17T21:40:58Z"
"SHARED","europe_s energy security journal.pdf","shared","resources/source-material/shared/Europe_s Energy Security Journal.pdf","Europe_s Energy Security Journal.pdf","Europe_s Energy Security Journal.pdf",".pdf","92767","8196AE4A1BF4F3C74D9CEB04BF8796BE8BDF3341C3029DB38192ADEBCE43C578","2026-06-17T21:40:58Z"
"SHARED","evaluating the predictive accuracy of models.pdf","shared","resources/source-material/shared/Evaluating the Predictive Accuracy of Models.PDF","Evaluating the Predictive Accuracy of Models.PDF","Evaluating the Predictive Accuracy of Models.PDF",".pdf","1262582","18A90C46AF166AD91C1CD3C16CC53E7C0D28EE9DC2677BAEE79B5A87D13A4823","2026-06-17T21:40:58Z"
"SHARED","evolution inclusions and variation i.pdf","shared","resources/source-material/shared/Evolution Inclusions and Variation I.pdf","Evolution Inclusions and Variation I.pdf","Evolution Inclusions and Variation I.pdf",".pdf","5862671","72FCE39F86F063C8839332BAEE2AFB8F114A1A11F9427BBA87F5CF0AF9CD8A17","2026-06-17T21:40:58Z"
"SHARED","evolutionary dynamics and extensive form games - ross cressman.pdf","shared","resources/source-material/shared/Evolutionary Dynamics and Extensive Form Games - Ross Cressman.pdf","Evolutionary Dynamics and Extensive Form Games - Ross Cressman.pdf","Evolutionary Dynamics and Extensive Form Games - Ross Cressman.pdf",".pdf","1561328","67E78C95EF9EB2D54751152B74FF576C984C916E337C5C5D4E6010D0635D7135","2026-06-17T21:40:58Z"
"SHARED","exact small sample theory in the simultaneous equations model.pdf","shared","resources/source-material/shared/Exact Small Sample Theory in the Simultaneous Equations Model.PDF","Exact Small Sample Theory in the Simultaneous Equations Model.PDF","Exact Small Sample Theory in the Simultaneous Equations Model.PDF",".pdf","4476380","52CB71E54C63D8BFD2C0F81031C551D1B2474888BD73E7CE3769ED79BEFCA94F","2026-06-17T21:40:58Z"
"SHARED","excel data analysis  modeling and simulation-springer pdf.pdf","shared","resources/source-material/shared/EXCEL DATA ANALYSIS  MODELING AND SIMULATION-SPRINGER pdf.pdf","EXCEL DATA ANALYSIS  MODELING AND SIMULATION-SPRINGER pdf.pdf","EXCEL DATA ANALYSIS  MODELING AND SIMULATION-SPRINGER pdf.pdf",".pdf","13156801","1381C798C1366C16B81FA3E6B60F45C87C21A98A63832155F7D496CB6AA8ACE3","2026-06-17T21:40:58Z"
"SHARED","executive_pay_report.pdf","shared","resources/source-material/shared/Executive_Pay_Report.pdf","Executive_Pay_Report.pdf","Executive_Pay_Report.pdf",".pdf","1664922","89CBA8834CADA2C55E1CF433CC14927C3407086C0EC8C71D786A56D1508E373D","2026-06-17T21:40:58Z"
"SHARED","fair r.c. testing macroeconometric models (hup, 1994)(isbn 0674875036)(448s)_gk_.pdf","shared","resources/source-material/shared/Fair R.C. Testing Macroeconometric Models (HUP, 1994)(ISBN 0674875036)(448s)_GK_.pdf","Fair R.C. Testing Macroeconometric Models (HUP, 1994)(ISBN 0674875036)(448s)_GK_.pdf","Fair R.C. Testing Macroeconometric Models (HUP, 1994)(ISBN 0674875036)(448s)_GK_.pdf",".pdf","1720262","5FD920888C501DFD8FE955B820527138363FBF53096E25BE10E35B687D23BCF1","2026-06-17T21:40:58Z"
"SHARED","fair r.c. testing macroeconometric models (hup, 1994)(isbn 0674875036)(448s)_gl_.pdf","shared","resources/source-material/shared/Fair R.C. Testing macroeconometric models (HUP, 1994)(ISBN 0674875036)(448s)_GL_.pdf","Fair R.C. Testing macroeconometric models (HUP, 1994)(ISBN 0674875036)(448s)_GL_.pdf","Fair R.C. Testing macroeconometric models (HUP, 1994)(ISBN 0674875036)(448s)_GL_.pdf",".pdf","1136883","64CAE7DE64D3618F62C4C0EFE34FC2C9598CFB9B98CE50933E54CCA51D2CE2FE","2026-06-17T21:40:58Z"
"SHARED","falk m. a first course on time series analysis examples with sas (u. of wurzburg, 2005)(214s)_gl_.pdf","shared","resources/source-material/shared/Falk M. A First Course on Time Series Analysis Examples with SAS (U. of Wurzburg, 2005)(214s)_GL_.pdf","Falk M. A First Course on Time Series Analysis Examples with SAS (U. of Wurzburg, 2005)(214s)_GL_.pdf","Falk M. A First Course on Time Series Analysis Examples with SAS (U. of Wurzburg, 2005)(214s)_GL_.pdf",".pdf","1566026","30ECFAC01B77E263AFDA050A0807F991562B56B5D0E1A2A773BBCA4CE93BA458","2026-06-17T21:40:58Z"
"SHARED","fan j., yao q. nonlinear time series.. nonparametric and parametric methods (springer, 2003)(isbn 0387951709)(569s)_gl_.pdf","shared","resources/source-material/shared/Fan J., Yao Q. Nonlinear time series.. Nonparametric and Parametric Methods (Springer, 2003)(ISBN 0387951709)(569s)_GL_.pdf","Fan J., Yao Q. Nonlinear time series.. Nonparametric and Parametric Methods (Springer, 2003)(ISBN 0387951709)(569s)_GL_.pdf","Fan J., Yao Q. Nonlinear time series.. Nonparametric and Parametric Methods (Springer, 2003)(ISBN 0387951709)(569s)_GL_.pdf",".pdf","3142356","DE1F943689A223032686FD91F4EC2B8F0F7B2581A3D0C1A94AC8A87162E80258","2026-06-17T21:40:58Z"
"SHARED","farmer - how the economy works_ confidence, crashes and self-fulfilling prophecies (2010).pdf","shared","resources/source-material/shared/Farmer - How the Economy Works_ Confidence, Crashes and Self-fulfilling Prophecies (2010).pdf","Farmer - How the Economy Works_ Confidence, Crashes and Self-fulfilling Prophecies (2010).pdf","Farmer - How the Economy Works_ Confidence, Crashes and Self-fulfilling Prophecies (2010).pdf",".pdf","1313482","F258D658F5E01F84CFE4E28BC82DA56781DE0DF4B153DDE0A984A3045ABFB35E","2026-06-17T21:40:58Z"
"SHARED","farmer r. macroeconomics (ucla, 1997)(o)(372s)_gk_.pdf","shared","resources/source-material/shared/Farmer R. Macroeconomics (UCLA, 1997)(O)(372s)_GK_.pdf","Farmer R. Macroeconomics (UCLA, 1997)(O)(372s)_GK_.pdf","Farmer R. Macroeconomics (UCLA, 1997)(O)(372s)_GK_.pdf",".pdf","2697338","0979A7993391C15EBB6B99109D40CE1AE9F2EE8DDE667B7B29288A444771E160","2026-06-17T21:40:58Z"
"SHARED","farrell - babylon’s banksters_ the alchemy of deep physics, high finance and ancient religion (2010).epub","shared","resources/source-material/shared/Farrell - Babylon’s Banksters_ the Alchemy of Deep Physics, High Finance and Ancient Religion (2010).epub","Farrell - Babylon’s Banksters_ the Alchemy of Deep Physics, High Finance and Ancient Religion (2010).epub","Farrell - Babylon’s Banksters_ the Alchemy of Deep Physics, High Finance and Ancient Religion (2010).epub",".epub","1144886","4A4994E76997BCFBBB43A56D0242D379DB82CD3B5735E49473F0E4FF44CDB9EB","2026-06-17T21:40:58Z"
"SHARED","farrell - crash of the titans_ greed, hubris, the fall of merrill lynch, and the near collapse of boa (2010).epub","shared","resources/source-material/shared/Farrell - Crash of the Titans_ Greed, Hubris, the Fall of Merrill Lynch, and the Near Collapse of BoA (2010).epub","Farrell - Crash of the Titans_ Greed, Hubris, the Fall of Merrill Lynch, and the Near Collapse of BoA (2010).epub","Farrell - Crash of the Titans_ Greed, Hubris, the Fall of Merrill Lynch, and the Near Collapse of BoA (2010).epub",".epub","2196792","3DD14E8058DAA72DD323B8C3659CAE33151B857647DF3708EA5A78BC2C194562","2026-06-17T21:40:58Z"
"SHARED","farrell - deflation_ what happens when prices fall (2004).pdf","shared","resources/source-material/shared/Farrell - Deflation_ What Happens When Prices Fall (2004).pdf","Farrell - Deflation_ What Happens When Prices Fall (2004).pdf","Farrell - Deflation_ What Happens When Prices Fall (2004).pdf",".pdf","15454044","7E715D2DD800B6F6F09088D4C82317E613E3045ADE19EF4B7728EAFBC96AFF10","2026-06-17T21:40:58Z"
"SHARED","feenstra r.c. advanced international trade (pup, 2004)(isbn 0691114102)(o)(657s)_gi_.pdf","shared","resources/source-material/shared/Feenstra R.C. Advanced international trade (PUP, 2004)(ISBN 0691114102)(O)(657s)_GI_.pdf","Feenstra R.C. Advanced international trade (PUP, 2004)(ISBN 0691114102)(O)(657s)_GI_.pdf","Feenstra R.C. Advanced international trade (PUP, 2004)(ISBN 0691114102)(O)(657s)_GI_.pdf",".pdf","2624417","D49549E84C385F1E6819C10A6B4C12D8E0DAB8529939F753C7BA2BE303938187","2026-06-17T21:40:58Z"
"SHARED","feinstein c.h. (ed.) banking, currency, and finance in europe between the wars (oup, 1995)(isbn 0198288034)(o)(555s)_gh_.pdf","shared","resources/source-material/shared/Feinstein C.H. (ed.) Banking, currency, and finance in Europe between the wars (OUP, 1995)(ISBN 0198288034)(O)(555s)_GH_.pdf","Feinstein C.H. (ed.) Banking, currency, and finance in Europe between the wars (OUP, 1995)(ISBN 0198288034)(O)(555s)_GH_.pdf","Feinstein C.H. (ed.) Banking, currency, and finance in Europe between the wars (OUP, 1995)(ISBN 0198288034)(O)(555s)_GH_.pdf",".pdf","2633440","2DFA0F3E80B11C5187A14897D1D73E4E09223E555899A5DA5F197001933C4AB0","2026-06-17T21:40:58Z"
"SHARED","ferguson - the broadband problem_ anatomy of a market failure and a policy dilemma (2004).pdf","shared","resources/source-material/shared/Ferguson - The Broadband Problem_ Anatomy of a Market Failure and a Policy Dilemma (2004).pdf","Ferguson - The Broadband Problem_ Anatomy of a Market Failure and a Policy Dilemma (2004).pdf","Ferguson - The Broadband Problem_ Anatomy of a Market Failure and a Policy Dilemma (2004).pdf",".pdf","13299070","C3914E9A31841325695B5D7FF6C911430129702047642410CB86BE3B5E5A5FB5","2026-06-17T21:40:58Z"
"SHARED","ferguson b.s., lim g.c. dynamic economic models in discrete time (routledge, 2003)(isbn 0415288991)(o)(174s)_gl_.pdf","shared","resources/source-material/shared/Ferguson B.S., Lim G.C. Dynamic economic models in discrete time (Routledge, 2003)(ISBN 0415288991)(O)(174s)_GL_.pdf","Ferguson B.S., Lim G.C. Dynamic economic models in discrete time (Routledge, 2003)(ISBN 0415288991)(O)(174s)_GL_.pdf","Ferguson B.S., Lim G.C. Dynamic economic models in discrete time (Routledge, 2003)(ISBN 0415288991)(O)(174s)_GL_.pdf",".pdf","922160","0FB856B524F7D9688C18F81BB25AC123A6A14F036D6634FD7F4E729E87EFAE94","2026-06-17T21:40:58Z"
"SHARED","fiedman & kraus - engineering the financial crisis_ systemic risk and the failure of regulation (2011).pdf","shared","resources/source-material/shared/Fiedman & Kraus - Engineering the Financial Crisis_ Systemic Risk and the Failure of Regulation (2011).pdf","Fiedman & Kraus - Engineering the Financial Crisis_ Systemic Risk and the Failure of Regulation (2011).pdf","Fiedman & Kraus - Engineering the Financial Crisis_ Systemic Risk and the Failure of Regulation (2011).pdf",".pdf","1903176","627B82B571CC673C8A3608B9EF738FAC06DC832A0792107082CB091357CC8BA3","2026-06-17T21:40:58Z"
"SHARED","finance - charting in excel.pdf","shared","resources/source-material/shared/Finance - Charting in Excel.pdf","Finance - Charting in Excel.pdf","Finance - Charting in Excel.pdf",".pdf","1615262","5AF649B62471B881965A17BA9E726D476102228AC9756F9B3BBFBEE9AFC92991","2026-06-17T21:40:58Z"
"SHARED","finance - everyone_s guide to financial planning.pdf","shared","resources/source-material/shared/Finance - Everyone_S Guide To Financial Planning.pdf","Finance - Everyone_S Guide To Financial Planning.pdf","Finance - Everyone_S Guide To Financial Planning.pdf",".pdf","394595","EE6056D74979551FBD7C724420E9F58BDBE916011256AC9F8C510F7A2321DD29","2026-06-17T21:40:58Z"
"SHARED","finance - financial analysis using excel.pdf","shared","resources/source-material/shared/Finance - Financial Analysis Using Excel.pdf","Finance - Financial Analysis Using Excel.pdf","Finance - Financial Analysis Using Excel.pdf",".pdf","1728253","167AD7736F2261286CEA4570C13F07EA763FAEA0F77CB2291B48B99DE441E88A","2026-06-17T21:40:58Z"
"SHARED","finance - prudential financial research - stock valuation models.pdf","shared","resources/source-material/shared/Finance - Prudential Financial Research - Stock Valuation Models.pdf","Finance - Prudential Financial Research - Stock Valuation Models.pdf","Finance - Prudential Financial Research - Stock Valuation Models.pdf",".pdf","917934","20A8BE8112463A519521C013F1B1427B8531B191D7CD241DD07B6CDADAC9BBE4","2026-06-17T21:40:58Z"
"SHARED","finance - quickbooks accounting manual.pdf","shared","resources/source-material/shared/Finance - Quickbooks Accounting Manual.pdf","Finance - Quickbooks Accounting Manual.pdf","Finance - Quickbooks Accounting Manual.pdf",".pdf","11335823","59F8361EC460616B152C375D399B294745EB6AD17141DF95B235AC9C38A40CBD","2026-06-17T21:40:59Z"
"SHARED","finance - risk analysis and monte carlo simulation.pdf","shared","resources/source-material/shared/Finance - Risk Analysis And Monte Carlo Simulation.pdf","Finance - Risk Analysis And Monte Carlo Simulation.pdf","Finance - Risk Analysis And Monte Carlo Simulation.pdf",".pdf","107821","DB3AC12FE7CDC78E4E04D80FA18672C4001B231854037565C37A1D525DE01651","2026-06-17T21:40:59Z"
"SHARED","finance - statistics and econometrics (schaum_s outline).pdf","shared","resources/source-material/shared/Finance - Statistics and Econometrics (Schaum_s Outline).pdf","Finance - Statistics and Econometrics (Schaum_s Outline).pdf","Finance - Statistics and Econometrics (Schaum_s Outline).pdf",".pdf","27702518","90103A1DCC3941D5FDC020A5D087CD5C45CDE35338C25990FD26EADF98969AD3","2026-06-17T21:40:59Z"
"SHARED","finance - the financial analyst_s handbook.pdf","shared","resources/source-material/shared/Finance - The Financial Analyst_s Handbook.pdf","Finance - The Financial Analyst_s Handbook.pdf","Finance - The Financial Analyst_s Handbook.pdf",".pdf","10752139","D6063E5DB287983F253EAD3A5BDE7FD935C8BC92F8D878219317B4A0CEE58BE1","2026-06-17T21:40:59Z"
"SHARED","finance - turning finance into science - risk management and the black-scholes options pricing model.pdf","shared","resources/source-material/shared/Finance - Turning Finance Into Science - Risk Management And The Black-Scholes Options Pricing Model.pdf","Finance - Turning Finance Into Science - Risk Management And The Black-Scholes Options Pricing Model.pdf","Finance - Turning Finance Into Science - Risk Management And The Black-Scholes Options Pricing Model.pdf",".pdf","331847","E6D1CBF1F18A81EEDE2902B8FB6B72D2A8BCF281F79E54049A855BCA04E4C96B","2026-06-17T21:40:59Z"
"SHARED","finance and the good society (robert j. shiller ).pdf","shared","resources/source-material/shared/Finance and the Good Society (Robert J. Shiller ).pdf","Finance and the Good Society (Robert J. Shiller ).pdf","Finance and the Good Society (Robert J. Shiller ).pdf",".pdf","2071029","50BDA524BB5F7E7B79D3B3DC41BCF8145AAD0D48A7A260495EC6CB59A5DCC3FD","2026-06-17T21:40:59Z"
"SHARED","finance investment - the global money markets.pdf","shared","resources/source-material/shared/Finance Investment - The Global Money Markets.pdf","Finance Investment - The Global Money Markets.pdf","Finance Investment - The Global Money Markets.pdf",".pdf","7845063","4F5302FA135DC18965CFF70AB5779F1227D8CBCD9BDE0FB720C4833458AFFC6E","2026-06-17T21:40:59Z"
"SHARED","finance investment - trump strategies for real estate.pdf","shared","resources/source-material/shared/Finance Investment - Trump Strategies for Real Estate.pdf","Finance Investment - Trump Strategies for Real Estate.pdf","Finance Investment - Trump Strategies for Real Estate.pdf",".pdf","1938928","5893115C75F8F1C60A734BDCA35225761381253F5B46B9622A1117F294917A01","2026-06-17T21:40:59Z"
"SHARED","finance investments 5th ed - z bodie, a kane & a j marcus (mcgraw-hill) - 2001.pdf","shared","resources/source-material/shared/Finance Investments 5th Ed - Z Bodie, A Kane & A J Marcus (McGraw-Hill) - 2001.pdf","Finance Investments 5th Ed - Z Bodie, A Kane & A J Marcus (McGraw-Hill) - 2001.pdf","Finance Investments 5th Ed - Z Bodie, A Kane & A J Marcus (McGraw-Hill) - 2001.pdf",".pdf","10230716","2566A7DF6D85D4C9DB532A49D3B21C8CC34343667B0CE6C68E464DB10D63BDC7","2026-06-17T21:40:59Z"
"SHARED","finance management project strategic - handbook for small business.pdf","shared","resources/source-material/shared/Finance Management Project Strategic - Handbook for small business.pdf","Finance Management Project Strategic - Handbook for small business.pdf","Finance Management Project Strategic - Handbook for small business.pdf",".pdf","1400453","1DD99B38BD9D5C4D85193B66F3C3BEE36D4E26AEBD5E5FC958E2FC4A14C81A9C","2026-06-17T21:40:59Z"
"SHARED","finance wiley - understanding off balance sheet accounting [2003].pdf","shared","resources/source-material/shared/FINANCE Wiley - Understanding Off Balance Sheet Accounting [2003].pdf","FINANCE Wiley - Understanding Off Balance Sheet Accounting [2003].pdf","FINANCE Wiley - Understanding Off Balance Sheet Accounting [2003].pdf",".pdf","1847398","B905252437126B8DA042153BF98D545FF2A7C008209C9B6CE0CBF007DFA409E5","2026-06-17T21:40:59Z"
"SHARED","finance, investment, stock, trading - soros unauthorized biography.pdf","shared","resources/source-material/shared/Finance, Investment, Stock, Trading - Soros Unauthorized Biography.pdf","Finance, Investment, Stock, Trading - Soros Unauthorized Biography.pdf","Finance, Investment, Stock, Trading - Soros Unauthorized Biography.pdf",".pdf","4682304","09E40A3319DB7ACFCFCA80113A0E854C88D53F507AB7C1142ED9CFB4B09B7481","2026-06-17T21:40:59Z"
"SHARED","financial accounting (mcgraw-hill).pdf","shared","resources/source-material/shared/Financial Accounting (McGraw-Hill).PDF","Financial Accounting (McGraw-Hill).PDF","Financial Accounting (McGraw-Hill).PDF",".pdf","16006216","BA1716C9084F822E48C6BD8F8CDDD934C53BFC1A41F0533C5507FAF9F7ED411B","2026-06-17T21:40:59Z"
"SHARED","financial analysis with ms excel.pdf","shared","resources/source-material/shared/Financial Analysis with MS Excel.pdf","Financial Analysis with MS Excel.pdf","Financial Analysis with MS Excel.pdf",".pdf","7332892","A14EED61077483D1F453A3D9BB0AA82CC82ADA4E25EAD416864245A37444D9B3","2026-06-17T21:40:59Z"
"SHARED","financial calculus an introduction to derivative pricing-baxter.pdf","shared","resources/source-material/shared/Financial Calculus An Introduction to Derivative Pricing-Baxter.pdf","Financial Calculus An Introduction to Derivative Pricing-Baxter.pdf","Financial Calculus An Introduction to Derivative Pricing-Baxter.pdf",".pdf","9098280","52622239FD786E65718925A0C89292F20EDAA735AEFF65A9C37D48D5775CED15","2026-06-17T21:40:59Z"
"SHARED","financial enginneering & computation - principles, mathematics & algorithms.pdf","shared","resources/source-material/shared/Financial Enginneering & Computation - Principles, Mathematics & Algorithms.pdf","Financial Enginneering & Computation - Principles, Mathematics & Algorithms.pdf","Financial Enginneering & Computation - Principles, Mathematics & Algorithms.pdf",".pdf","10128007","8ED4A4320D0D6E164F3E7E758CE433B5FF7666B4BFFD2E83EB698C39764ED076","2026-06-17T21:40:59Z"
"SHARED","financial mathematics.pdf","shared","resources/source-material/shared/Financial Mathematics.pdf","Financial Mathematics.pdf","Financial Mathematics.pdf",".pdf","1100463","1E41FD827DC629045B8212D44B2B897D51A79B57283D68B3AA48F2A472B7C564","2026-06-17T21:40:59Z"
"SHARED","financial statements analysis.pdf","shared","resources/source-material/shared/Financial Statements Analysis.pdf","Financial Statements Analysis.pdf","Financial Statements Analysis.pdf",".pdf","1390303","95A4C99126B92DB34D76E853D9BE30B4AF14CBA477C5972964C35D7419774C02","2026-06-17T21:40:59Z"
"SHARED","financial toolbox matlab.pdf","shared","resources/source-material/shared/financial Toolbox Matlab.pdf","financial Toolbox Matlab.pdf","financial Toolbox Matlab.pdf",".pdf","2869344","9439F56D95B85AFF8F928CDF90431324868586DDDAD60A4567480C8C18FD25DB","2026-06-17T21:40:59Z"
"SHARED","fine, saad-filho.marx_s capital 4th ed.pdf","shared","resources/source-material/shared/Fine, Saad-Filho.Marx_s Capital 4th ed.pdf","Fine, Saad-Filho.Marx_s Capital 4th ed.pdf","Fine, Saad-Filho.Marx_s Capital 4th ed.pdf",".pdf","727310","90B52477BBA29E2B54974E1518591CA3EF1CECF5F16572C377722D35EA55F2A4","2026-06-17T21:40:59Z"
"SHARED","fisher - crashes, crises, and calamities_ how we can use science to read the early-warning signs (2011).pdf","shared","resources/source-material/shared/Fisher - Crashes, Crises, and Calamities_ How We Can Use Science to Read the Early-Warning Signs (2011).pdf","Fisher - Crashes, Crises, and Calamities_ How We Can Use Science to Read the Early-Warning Signs (2011).pdf","Fisher - Crashes, Crises, and Calamities_ How We Can Use Science to Read the Early-Warning Signs (2011).pdf",".pdf","3520221","7F1C436961BD85A070486257067A716462559AC7988F3FCFDBAF691AB9D8A32B","2026-06-17T21:40:59Z"
"SHARED","five-minute mba - corporate finance.pdf","shared","resources/source-material/shared/Five-Minute MBA - Corporate Finance.pdf","Five-Minute MBA - Corporate Finance.pdf","Five-Minute MBA - Corporate Finance.pdf",".pdf","12111560","2AEE57945738653BEA59E71B3C3BCD9CC1B50A53613A71332C6CC5952F174C92","2026-06-17T21:41:00Z"
"SHARED","five-minute mba in corporate finance.pdf","shared","resources/source-material/shared/Five-Minute Mba In Corporate Finance.pdf","Five-Minute Mba In Corporate Finance.pdf","Five-Minute Mba In Corporate Finance.pdf",".pdf","7205751","50517D9063219A77BF0C7938A9E23A3EE4D31344474013932641D4E500A5A656","2026-06-17T21:41:00Z"
"SHARED","flandreau - international financial history in the twentieth century_ system and anarchy (2003).pdf","shared","resources/source-material/shared/Flandreau - International Financial History in the Twentieth Century_ System and Anarchy (2003).pdf","Flandreau - International Financial History in the Twentieth Century_ System and Anarchy (2003).pdf","Flandreau - International Financial History in the Twentieth Century_ System and Anarchy (2003).pdf",".pdf","1803343","2A1636E657BCFF7E84EE0ABCF1036634CDB0E6FC6726FDB525FD6D8F043C157C","2026-06-17T21:41:00Z"
"SHARED","flaschel.macrodynamics of capitalism.pdf","shared","resources/source-material/shared/Flaschel.Macrodynamics of Capitalism.pdf","Flaschel.Macrodynamics of Capitalism.pdf","Flaschel.Macrodynamics of Capitalism.pdf",".pdf","6259416","74F4F7C7254D91312A56B8B17E2A31414934C4B4F7AEAC8BB0D4BE897B4A5F0A","2026-06-17T21:41:00Z"
"SHARED","flash boys_ a wall street revol - lewis, michael.epub","shared","resources/source-material/shared/Flash Boys_ A Wall Street Revol - Lewis, Michael.epub","Flash Boys_ A Wall Street Revol - Lewis, Michael.epub","Flash Boys_ A Wall Street Revol - Lewis, Michael.epub",".epub","354057","1C3AC6DDCF2A60ED4F946DFBB286FBF8AB6BA53FCA6D0DA95ECC6FA29075E4E2","2026-06-17T21:41:00Z"
"SHARED","flath d. the japanese economy (2ed., oup, 2005)(isbn 019927861x)(o)(390s)_gi_.pdf","shared","resources/source-material/shared/Flath D. The Japanese economy (2ed., OUP, 2005)(ISBN 019927861X)(O)(390s)_GI_.pdf","Flath D. The Japanese economy (2ed., OUP, 2005)(ISBN 019927861X)(O)(390s)_GI_.pdf","Flath D. The Japanese economy (2ed., OUP, 2005)(ISBN 019927861X)(O)(390s)_GI_.pdf",".pdf","2998278","F18612EA776C72C8137DA69D0A887B1E6DA09DDF2CDB71C7FDC33AF1FA350E61","2026-06-17T21:41:00Z"
"SHARED","folbre - greed, lust & gender_ a history of economic ideas (2009).pdf","shared","resources/source-material/shared/Folbre - Greed, Lust & Gender_ a History of Economic Ideas (2009).pdf","Folbre - Greed, Lust & Gender_ a History of Economic Ideas (2009).pdf","Folbre - Greed, Lust & Gender_ a History of Economic Ideas (2009).pdf",".pdf","3141248","0CFB059D362213D7ED64A3B04F5F7046728BBDA2DDE3FCEC5A5ECD0E05E07F2E","2026-06-17T21:41:00Z"
"SHARED","foray d. economics of knowledge (mit, 2004)(isbn 0262062399)(o)(289s)_gg_.pdf","shared","resources/source-material/shared/Foray D. Economics of knowledge (MIT, 2004)(ISBN 0262062399)(O)(289s)_GG_.pdf","Foray D. Economics of knowledge (MIT, 2004)(ISBN 0262062399)(O)(289s)_GG_.pdf","Foray D. Economics of knowledge (MIT, 2004)(ISBN 0262062399)(O)(289s)_GG_.pdf",".pdf","614592","6DF0E800CC72CA5F455A879FE7EA1F0F3B0205E0BB8706DD84B2E5D66827460E","2026-06-17T21:41:00Z"
"SHARED","formulae_and_tables.pdf","shared","resources/source-material/shared/Formulae_and_Tables.pdf","Formulae_and_Tables.pdf","Formulae_and_Tables.pdf",".pdf","1641547","D36B0713DD965139C04EBBCAF8F0FCE33B50B8ADB18BEDAAA6566F70DB81E5EA","2026-06-17T21:41:00Z"
"SHARED","foster - the great financial crisis_ causes and consequences (2009).pdf","shared","resources/source-material/shared/Foster - The Great Financial Crisis_ Causes and Consequences (2009).pdf","Foster - The Great Financial Crisis_ Causes and Consequences (2009).pdf","Foster - The Great Financial Crisis_ Causes and Consequences (2009).pdf",".pdf","9417740","66B8AED500C9C176A8CE32F1F0ED0F634219C502EA15C045E7DFA195D72EF412","2026-06-17T21:41:00Z"
"SHARED","foundations of econometrics by oxford press.pdf","shared","resources/source-material/shared/Foundations Of Econometrics by Oxford Press.pdf","Foundations Of Econometrics by Oxford Press.pdf","Foundations Of Econometrics by Oxford Press.pdf",".pdf","5819718","C87F180B40315F297A97E9746FFB3C75828594B5D5279430FB9530FE17315E1E","2026-06-17T21:41:00Z"
"SHARED","foxhall l. olive cultivation in ancient greece (oup, 2007)(isbn 0198152884)(o)(313s)_gh_.pdf","shared","resources/source-material/shared/Foxhall L. Olive cultivation in ancient Greece (OUP, 2007)(ISBN 0198152884)(O)(313s)_GH_.pdf","Foxhall L. Olive cultivation in ancient Greece (OUP, 2007)(ISBN 0198152884)(O)(313s)_GH_.pdf","Foxhall L. Olive cultivation in ancient Greece (OUP, 2007)(ISBN 0198152884)(O)(313s)_GH_.pdf",".pdf","3866980","7B6DD55E0194EAF86430B865DD8344F90E1A76298193494ECF224D2AA8B340E0","2026-06-17T21:41:00Z"
"SHARED","frank - the high-beta rich_ how the manic wealthy will take us to the next boom, bubble, and bust (2011).epub","shared","resources/source-material/shared/Frank - The High-Beta Rich_ How the Manic Wealthy Will Take Us to the Next Boom, Bubble, and Bust (2011).epub","Frank - The High-Beta Rich_ How the Manic Wealthy Will Take Us to the Next Boom, Bubble, and Bust (2011).epub","Frank - The High-Beta Rich_ How the Manic Wealthy Will Take Us to the Next Boom, Bubble, and Bust (2011).epub",".epub","2528942","325B41994D21EAFAE168C919C31E308C54A9E7C1A9ACD1293F5AA3C167E453A4","2026-06-17T21:41:00Z"
"SHARED","franses p.h. a concise introduction to econometrics (cup, 2002)(isbn 0521817692)(131s)_gl_.pdf","shared","resources/source-material/shared/Franses P.H. A concise introduction to econometrics (CUP, 2002)(ISBN 0521817692)(131s)_GL_.pdf","Franses P.H. A concise introduction to econometrics (CUP, 2002)(ISBN 0521817692)(131s)_GL_.pdf","Franses P.H. A concise introduction to econometrics (CUP, 2002)(ISBN 0521817692)(131s)_GL_.pdf",".pdf","498848","076BE9F5255AD291133A7B4BAF609FE97BE94FA8C1838FB9B6858C9F8F9DD3C7","2026-06-17T21:41:00Z"
"SHARED","free - 21st century economics_ a reference handbook (2010).pdf","shared","resources/source-material/shared/Free - 21st Century Economics_ a Reference Handbook (2010).pdf","Free - 21st Century Economics_ a Reference Handbook (2010).pdf","Free - 21st Century Economics_ a Reference Handbook (2010).pdf",".pdf","9316318","0DE973067D4B17EBE5EF6008D981749E126D214B0CB85A81048A0958B1034174","2026-06-17T21:41:00Z"
"SHARED","freeland - plutocrats_ the rise of the new global super rich and the fall of everyone else (2012).epub","shared","resources/source-material/shared/Freeland - Plutocrats_ the Rise of the New Global Super Rich and the Fall of Everyone Else (2012).epub","Freeland - Plutocrats_ the Rise of the New Global Super Rich and the Fall of Everyone Else (2012).epub","Freeland - Plutocrats_ the Rise of the New Global Super Rich and the Fall of Everyone Else (2012).epub",".epub","544541","E7BE16024D7EF478906B480F732A326001497BF793899E97B96A98688A877347","2026-06-17T21:41:00Z"
"SHARED","freeman - secret weapon_ how economic terrorism brought down the u.s. stock market and why it can happen again (2012).epub","shared","resources/source-material/shared/Freeman - Secret Weapon_ How Economic Terrorism Brought Down the U.S. Stock Market and Why It Can Happen Again (2012).epub","Freeman - Secret Weapon_ How Economic Terrorism Brought Down the U.S. Stock Market and Why It Can Happen Again (2012).epub","Freeman - Secret Weapon_ How Economic Terrorism Brought Down the U.S. Stock Market and Why It Can Happen Again (2012).epub",".epub","474287","5560D022DB107DFC2B7716A4F9D03EC13BCD33E79E858A95526A7A85748BEF07","2026-06-17T21:41:00Z"
"SHARED","friedman - myths of the free market (2003).pdf","shared","resources/source-material/shared/Friedman - Myths of the Free Market (2003).pdf","Friedman - Myths of the Free Market (2003).pdf","Friedman - Myths of the Free Market (2003).pdf",".pdf","1531057","E23AB0146080B297B7BC5E8C411DD15BE154366695AD6DA01E85C46ECCB0C7E6","2026-06-17T21:41:00Z"
"SHARED","friedman & kraus - engineering the financial crisis_ system risk and the failure of regulation (2011).pdf","shared","resources/source-material/shared/Friedman & Kraus - Engineering the Financial Crisis_ System Risk and the Failure of Regulation (2011).pdf","Friedman & Kraus - Engineering the Financial Crisis_ System Risk and the Failure of Regulation (2011).pdf","Friedman & Kraus - Engineering the Financial Crisis_ System Risk and the Failure of Regulation (2011).pdf",".pdf","3392141","88F05B9ABA9E66160666285E9E1518D5495F4ABB902307D8CB5F1A0CCEABA795","2026-06-17T21:41:00Z"
"SHARED","friedman d., cassar a. economics lab.. an intensive course in experimental economics (routledge, 2004)(isbn 0415324025)(248s)_gg_.pdf","shared","resources/source-material/shared/Friedman D., Cassar A. Economics lab.. An intensive course in experimental economics (Routledge, 2004)(ISBN 0415324025)(248s)_GG_.pdf","Friedman D., Cassar A. Economics lab.. An intensive course in experimental economics (Routledge, 2004)(ISBN 0415324025)(248s)_GG_.pdf","Friedman D., Cassar A. Economics lab.. An intensive course in experimental economics (Routledge, 2004)(ISBN 0415324025)(248s)_GG_.pdf",".pdf","1813720","0A4A455D7CCE7AC4F84567EC0D5CDD2F6EC5446BF7438B47B8E688B3EEFD3561","2026-06-17T21:41:00Z"
"SHARED","from stochastic calculus to mathematical finance-kabanov.pdf","shared","resources/source-material/shared/From Stochastic Calculus to Mathematical Finance-Kabanov.pdf","From Stochastic Calculus to Mathematical Finance-Kabanov.pdf","From Stochastic Calculus to Mathematical Finance-Kabanov.pdf",".pdf","4114041","1A20EA576E3C74E949ACFAC2BAAEB3081858A26B3D11E45FE70F3638C9446371","2026-06-17T21:41:00Z"
"SHARED","frush - hedge funds demystified_ a self-teaching guide (2008).pdf","shared","resources/source-material/shared/Frush - Hedge Funds Demystified_ a Self-Teaching Guide (2008).pdf","Frush - Hedge Funds Demystified_ a Self-Teaching Guide (2008).pdf","Frush - Hedge Funds Demystified_ a Self-Teaching Guide (2008).pdf",".pdf","1461778","404036236D0A95FAB2E01519EECA47536560323C8B7595E8C34DBD6D36CF2336","2026-06-17T21:41:02Z"
"SHARED","fuchita (ed.) - after the crash_ the future of finance (2010).pdf","shared","resources/source-material/shared/Fuchita (Ed.) - After the Crash_ the Future of Finance (2010).pdf","Fuchita (Ed.) - After the Crash_ the Future of Finance (2010).pdf","Fuchita (Ed.) - After the Crash_ the Future of Finance (2010).pdf",".pdf","2292888","511111102FD43364D9E2B32B30E5C1BE7B085D1CF8F7A4981BC1C72324FE739B","2026-06-17T21:41:02Z"
"SHARED","fuchita (eds.) - growing old_ paying for retirement and institutional money management after the financial crisis (2011).pdf","shared","resources/source-material/shared/Fuchita (Eds.) - Growing Old_ Paying for Retirement and Institutional Money Management after the Financial Crisis (2011).pdf","Fuchita (Eds.) - Growing Old_ Paying for Retirement and Institutional Money Management after the Financial Crisis (2011).pdf","Fuchita (Eds.) - Growing Old_ Paying for Retirement and Institutional Money Management after the Financial Crisis (2011).pdf",".pdf","1177806","53C9FA4F2848930D893E89D1D3513D60B7E960CE5B479E8FA1884B162C00CED5","2026-06-17T21:41:02Z"
"SHARED","fumagalli & mezzadra - crisis in the global economy_ financial markets, social struggles, and new political scenarios (2010).pdf","shared","resources/source-material/shared/Fumagalli & Mezzadra - Crisis in the Global Economy_ Financial Markets, Social Struggles, and New Political Scenarios (2010).pdf","Fumagalli & Mezzadra - Crisis in the Global Economy_ Financial Markets, Social Struggles, and New Political Scenarios (2010).pdf","Fumagalli & Mezzadra - Crisis in the Global Economy_ Financial Markets, Social Struggles, and New Political Scenarios (2010).pdf",".pdf","2691396","43E9DD2EF174C5128848FC517298B7B06F9D43FE2C95A92912E475D8B97C9070","2026-06-17T21:41:02Z"
"SHARED","functional forms in econometric model building.pdf","shared","resources/source-material/shared/Functional Forms in Econometric Model Building.PDF","Functional Forms in Econometric Model Building.PDF","Functional Forms in Econometric Model Building.PDF",".pdf","2688162","6EB1F4878A02956EF4E34DDF5B913939D0858DC79F4E8303E932587332BF9703","2026-06-17T21:41:02Z"
"SHARED","fundamental methods of mathematical economics chiang.pdf","shared","resources/source-material/shared/Fundamental Methods of Mathematical Economics Chiang.pdf","Fundamental Methods of Mathematical Economics Chiang.pdf","Fundamental Methods of Mathematical Economics Chiang.pdf",".pdf","29823957","674BB3A25959BF858C97A9B12841FE5DBBC3C1F309FB16E08C3F9D08DB2EF3D6","2026-06-17T21:41:02Z"
"SHARED","fundamental_accounting_prin.pdf","shared","resources/source-material/shared/Fundamental_Accounting_Prin.pdf","Fundamental_Accounting_Prin.pdf","Fundamental_Accounting_Prin.pdf",".pdf","41845453","7A88BEC2456062C70FEBEE350A825DC91DFA2A29354BA0D8EB58F169FB0C4AF8","2026-06-17T21:41:02Z"
"SHARED","fundamentals of statistics, 2nd edit.pdf","shared","resources/source-material/shared/Fundamentals of Statistics, 2nd Edit.pdf","Fundamentals of Statistics, 2nd Edit.pdf","Fundamentals of Statistics, 2nd Edit.pdf",".pdf","249746768","3B7F358F9348248E592BF3C8B7A5B4282E2193EAEEC3399BDA5347299F9ADA61","2026-06-17T21:41:02Z"
"SHARED","fundamentalsofactuarialmathematics_s.davidpromislow2015.pdf","shared","resources/source-material/shared/FundamentalsofActuarialMathematics_S.DavidPromislow2015.pdf","FundamentalsofActuarialMathematics_S.DavidPromislow2015.pdf","FundamentalsofActuarialMathematics_S.DavidPromislow2015.pdf",".pdf","2925111","3C03DC2FA0453DD0B0D718C5B16AAFBF2182ABB4F880A24034EC8D464F8EB3CC","2026-06-17T21:41:02Z"
"SHARED","fuzzy and neutrosophic cognitive maps.pdf","shared","resources/source-material/shared/Fuzzy and Neutrosophic Cognitive Maps.pdf","Fuzzy and Neutrosophic Cognitive Maps.pdf","Fuzzy and Neutrosophic Cognitive Maps.pdf",".pdf","5420179","5504FE447C8E9283F2D0BB88E05FFAEE916A80AC41F4D536021C98EDAA854BE1","2026-06-17T21:41:02Z"
"SHARED","galbraith - a short history of financial euphoria (1990).pdf","shared","resources/source-material/shared/Galbraith - A Short History of Financial Euphoria (1990).pdf","Galbraith - A Short History of Financial Euphoria (1990).pdf","Galbraith - A Short History of Financial Euphoria (1990).pdf",".pdf","1430630","2CD0E6875F0AFB583783231F48163504E950666826C5DE30A05050D1841A4867","2026-06-17T21:41:02Z"
"SHARED","game theory - drew fudenberg.pdf","shared","resources/source-material/shared/Game Theory - Drew Fudenberg.pdf","Game Theory - Drew Fudenberg.pdf","Game Theory - Drew Fudenberg.pdf",".pdf","27517858","E1530D700DE5B45962F06CBFBF13DB3D3F294B20DF9652101B72E3EEF31ED48E","2026-06-17T21:41:03Z"
"SHARED","game theory & its applications.pdf","shared","resources/source-material/shared/Game Theory & its Applications.pdf","Game Theory & its Applications.pdf","Game Theory & its Applications.pdf",".pdf","6458946","0DB15875DD7F46BDD67E357191C73A9C2FCBB5DBDCA062F10785F0B0F0A52769","2026-06-17T21:41:03Z"
"SHARED","game theory and economic analysis a quiet revolution in economics - christian schmidt.pdf","shared","resources/source-material/shared/Game Theory and Economic Analysis A quiet revolution in economics - Christian Schmidt.pdf","Game Theory and Economic Analysis A quiet revolution in economics - Christian Schmidt.pdf","Game Theory and Economic Analysis A quiet revolution in economics - Christian Schmidt.pdf",".pdf","1723514","16A6E3497D5F79AE862834B113584BDA8EF1AD30BA07E171D8068109BA368FCA","2026-06-17T21:41:03Z"
"SHARED","game theory for applied economists - robert gibbons.pdf","shared","resources/source-material/shared/Game Theory For Applied Economists - Robert Gibbons.pdf","Game Theory For Applied Economists - Robert Gibbons.pdf","Game Theory For Applied Economists - Robert Gibbons.pdf",".pdf","15308685","44E3C1B0FC2D854C17888B8FFF17A197C78C71F059664A260038AA7E1751699F","2026-06-17T21:41:03Z"
"SHARED","game theory instructor lctn - yuval peres.pdf","shared","resources/source-material/shared/Game Theory Instructor Lctn - Yuval Peres.pdf","Game Theory Instructor Lctn - Yuval Peres.pdf","Game Theory Instructor Lctn - Yuval Peres.pdf",".pdf","405793","E1CB074F4D17E4B179FFA747D4550F9F7C7725DF109701A6E98F70FAF6955E64","2026-06-17T21:41:03Z"
"SHARED","game theory lctn - thomas s. ferguson.pdf","shared","resources/source-material/shared/GAME THEORY Lctn - Thomas S. Ferguson.pdf","GAME THEORY Lctn - Thomas S. Ferguson.pdf","GAME THEORY Lctn - Thomas S. Ferguson.pdf",".pdf","1533443","A6A443B61A7F7A292F00AAC6A1CB3613692DC766CFFA6971BA78FFF5DD5D450E","2026-06-17T21:41:03Z"
"SHARED","game theory lecture notes - levent kockesen.pdf","shared","resources/source-material/shared/Game Theory Lecture Notes - Levent Kockesen.pdf","Game Theory Lecture Notes - Levent Kockesen.pdf","Game Theory Lecture Notes - Levent Kockesen.pdf",".pdf","1465562","A3E43588DAE7EE639DC6204AE900D22F32EEE902641D39560EEFBF0424E67086","2026-06-17T21:41:03Z"
"SHARED","game theory lecture notes introduction - muhamet yildiz.pdf","shared","resources/source-material/shared/Game Theory Lecture Notes Introduction - Muhamet Yildiz.pdf","Game Theory Lecture Notes Introduction - Muhamet Yildiz.pdf","Game Theory Lecture Notes Introduction - Muhamet Yildiz.pdf",".pdf","1527532","3735EC9DA7771D15B2436214D2A97318BC020F3DD85FB99D6572D046FCAE7CDF","2026-06-17T21:41:03Z"
"SHARED","game theory text - thomas s. ferguson.pdf","shared","resources/source-material/shared/Game Theory Text - Thomas S. Ferguson.pdf","Game Theory Text - Thomas S. Ferguson.pdf","Game Theory Text - Thomas S. Ferguson.pdf",".pdf","1533443","981FCF27EB054E1C9A456B42C0934891D6CAAB4D2BA7A44AA380378D264C0B39","2026-06-17T21:41:03Z"
"SHARED","games and information, 3rd ed an introduction to game theory - eric rasmusen.pdf","shared","resources/source-material/shared/GAMES AND INFORMATION, 3RD ED An Introduction to Game Theory - Eric Rasmusen.pdf","GAMES AND INFORMATION, 3RD ED An Introduction to Game Theory - Eric Rasmusen.pdf","GAMES AND INFORMATION, 3RD ED An Introduction to Game Theory - Eric Rasmusen.pdf",".pdf","6009015","C149A64AD50EE75EA4EED14B1725730672C5DC3AA0D00B678AA6534C09C78AE6","2026-06-17T21:41:03Z"
"SHARED","gao j. nonlinear time series, semiparametric and nonparametric methods (taylor, 2007)(isbn 1584886137)(243s)_gl_.pdf","shared","resources/source-material/shared/Gao J. Nonlinear time series, semiparametric and nonparametric methods (Taylor, 2007)(ISBN 1584886137)(243s)_GL_.pdf","Gao J. Nonlinear time series, semiparametric and nonparametric methods (Taylor, 2007)(ISBN 1584886137)(243s)_GL_.pdf","Gao J. Nonlinear time series, semiparametric and nonparametric methods (Taylor, 2007)(ISBN 1584886137)(243s)_GL_.pdf",".pdf","4857013","49D62A79E97C09253F765E249FD2D42DB94629DB555AD92BEF9EA3D7533D7153","2026-06-17T21:41:03Z"
"SHARED","garber p.m. famous first bubbles (mit, 2000)(isbn 0262072041)(o)(176s)_gh_.pdf","shared","resources/source-material/shared/Garber P.M. Famous first bubbles (MIT, 2000)(ISBN 0262072041)(O)(176s)_GH_.pdf","Garber P.M. Famous first bubbles (MIT, 2000)(ISBN 0262072041)(O)(176s)_GH_.pdf","Garber P.M. Famous first bubbles (MIT, 2000)(ISBN 0262072041)(O)(176s)_GH_.pdf",".pdf","556100","F6A52B64F636F92BB74BC512389AAD3C121CFA93404FA4F6A4C05AB27FA5145B","2026-06-17T21:41:03Z"
"SHARED","garcia - black december_ banking instability, the mexican crisis, and its effect on argentina (1997).pdf","shared","resources/source-material/shared/Garcia - Black December_ Banking Instability, the Mexican Crisis, and Its Effect on Argentina (1997).pdf","Garcia - Black December_ Banking Instability, the Mexican Crisis, and Its Effect on Argentina (1997).pdf","Garcia - Black December_ Banking Instability, the Mexican Crisis, and Its Effect on Argentina (1997).pdf",".pdf","1084382","66FF260BF25AC5F8AFE654C1D7D44CB5C1B44E6D81C5F84E4F5FD214E3EB6682","2026-06-17T21:41:03Z"
"SHARED","gardner - future babble_ why expert predictions are next to worthless, and you can do better (2011).pdf","shared","resources/source-material/shared/Gardner - Future Babble_ Why Expert Predictions are Next to Worthless, and You Can Do Better (2011).pdf","Gardner - Future Babble_ Why Expert Predictions are Next to Worthless, and You Can Do Better (2011).pdf","Gardner - Future Babble_ Why Expert Predictions are Next to Worthless, and You Can Do Better (2011).pdf",".pdf","2697636","2BBBD2C21EDD5EB60288197D169AB21753A288960950D046FE0EE0F4F205CF6D","2026-06-17T21:41:03Z"
"SHARED","garrett - a bubble that broke the world (1932).pdf","shared","resources/source-material/shared/Garrett - A Bubble that Broke the World (1932).pdf","Garrett - A Bubble that Broke the World (1932).pdf","Garrett - A Bubble that Broke the World (1932).pdf",".pdf","13909995","B64E7305D0C9799A4819B629B7B5FAF6474038267929A5419ECA747B85ED8008","2026-06-17T21:41:03Z"
"SHARED","garrison r.w. time and money.. the macroeconomics of capital structure (routledge, 2001)(isbn 0415079829)(o)(289s)_gk_.pdf","shared","resources/source-material/shared/Garrison R.W. Time and money.. The macroeconomics of capital structure (Routledge, 2001)(ISBN 0415079829)(O)(289s)_GK_.pdf","Garrison R.W. Time and money.. The macroeconomics of capital structure (Routledge, 2001)(ISBN 0415079829)(O)(289s)_GK_.pdf","Garrison R.W. Time and money.. The macroeconomics of capital structure (Routledge, 2001)(ISBN 0415079829)(O)(289s)_GK_.pdf",".pdf","1247654","4E184B2EC18CC76CB6DE95AD5419A3D2C464A926B12B8C431E379C8AE11E6284","2026-06-17T21:41:03Z"
"SHARED","geisst - wall street_ a history from its beginning to the fall of enron (2004).pdf","shared","resources/source-material/shared/Geisst - Wall Street_ A History from its Beginning to the Fall of Enron (2004).pdf","Geisst - Wall Street_ A History from its Beginning to the Fall of Enron (2004).pdf","Geisst - Wall Street_ A History from its Beginning to the Fall of Enron (2004).pdf",".pdf","30316219","15796847B70DCEFF9DDCBBBA099F923EB9F67E189AB633C4AC39096272D7B6E6","2026-06-17T21:41:03Z"
"SHARED","geisst - wheels of fortune_ the history of speculation from scandal to respectability (2002).pdf","shared","resources/source-material/shared/Geisst - Wheels of Fortune_ the History of Speculation from Scandal to Respectability (2002).pdf","Geisst - Wheels of Fortune_ the History of Speculation from Scandal to Respectability (2002).pdf","Geisst - Wheels of Fortune_ the History of Speculation from Scandal to Respectability (2002).pdf",".pdf","1983759","393AD45643BE03EAA849DE3C8580CD2CD50072EE6E353773AD647EBFDECE6BC4","2026-06-17T21:41:03Z"
"SHARED","geometry of nonpositively curved man.pdf","shared","resources/source-material/shared/Geometry of Nonpositively Curved Man.pdf","Geometry of Nonpositively Curved Man.pdf","Geometry of Nonpositively Curved Man.pdf",".pdf","9568938","6D88FE7A9FFBF1B1E724A2C9C7B78D18931C557113598FCFC20B19B976B230BE","2026-06-17T21:41:03Z"
"SHARED","gerrard b. (ed.) the economics of rationality (routledge, 1993)(isbn 0415068754)(o)(174s)_gg_.pdf","shared","resources/source-material/shared/Gerrard B. (ed.) The Economics of rationality (Routledge, 1993)(ISBN 0415068754)(O)(174s)_GG_.pdf","Gerrard B. (ed.) The Economics of rationality (Routledge, 1993)(ISBN 0415068754)(O)(174s)_GG_.pdf","Gerrard B. (ed.) The Economics of rationality (Routledge, 1993)(ISBN 0415068754)(O)(174s)_GG_.pdf",".pdf","998619","61669D8B81F10B53C6D225F6083D96CBC29F1701B20E9DA683B5EAEF4B2E6272","2026-06-17T21:41:03Z"
"SHARED","gesell, silvio - the natural economic order - 4th edition 1920.pdf","shared","resources/source-material/shared/Gesell, Silvio - The Natural Economic Order - 4th edition 1920.pdf","Gesell, Silvio - The Natural Economic Order - 4th edition 1920.pdf","Gesell, Silvio - The Natural Economic Order - 4th edition 1920.pdf",".pdf","823239","73E97B009046953B09A8BCBE7BE6E8D05DA26FE6212201A6C2AA950E51D60F31","2026-06-17T21:41:03Z"
"SHARED","geweke j. contemporary bayesian econometrics and statistics (wiley, 2005)(isbn 0471679321)(308s)_gl_.pdf","shared","resources/source-material/shared/Geweke J. Contemporary Bayesian Econometrics and Statistics (Wiley, 2005)(ISBN 0471679321)(308s)_GL_.pdf","Geweke J. Contemporary Bayesian Econometrics and Statistics (Wiley, 2005)(ISBN 0471679321)(308s)_GL_.pdf","Geweke J. Contemporary Bayesian Econometrics and Statistics (Wiley, 2005)(ISBN 0471679321)(308s)_GL_.pdf",".pdf","3450260","55F51072462669AD4C4798FD44C1DBC3019485B357314EDE1BB3DC7819645162","2026-06-17T21:41:03Z"
"SHARED","ghosh - the global economic crisis and the future of migration_ issues and prospects (2013).pdf","shared","resources/source-material/shared/Ghosh - The Global Economic Crisis and the Future of Migration_ Issues and Prospects (2013).pdf","Ghosh - The Global Economic Crisis and the Future of Migration_ Issues and Prospects (2013).pdf","Ghosh - The Global Economic Crisis and the Future of Migration_ Issues and Prospects (2013).pdf",".pdf","2253876","4145C5A26B216AA12D24B571E2FC9E3F0AEADC25AC161BB4F9FE60F8DFE8E96D","2026-06-17T21:41:03Z"
"SHARED","giudici & roosenboom - the rise and fall of europe_s new stock markets (2004).pdf","shared","resources/source-material/shared/Giudici & Roosenboom - The Rise and Fall of Europe_s New Stock Markets (2004).pdf","Giudici & Roosenboom - The Rise and Fall of Europe_s New Stock Markets (2004).pdf","Giudici & Roosenboom - The Rise and Fall of Europe_s New Stock Markets (2004).pdf",".pdf","2334960","20E4C86AD6CDD2357693626F03DCCE76033DFCD52137587C93321769F0AE83E6","2026-06-17T21:41:03Z"
"SHARED","giuseppe arbia, badi h. baltagi-spatial econometrics_ methods and applications (studies in empirical economics) (2008).pdf","shared","resources/source-material/shared/Giuseppe Arbia, Badi H. Baltagi-Spatial Econometrics_ Methods and Applications (Studies in Empirical Economics) (2008).pdf","Giuseppe Arbia, Badi H. Baltagi-Spatial Econometrics_ Methods and Applications (Studies in Empirical Economics) (2008).pdf","Giuseppe Arbia, Badi H. Baltagi-Spatial Econometrics_ Methods and Applications (Studies in Empirical Economics) (2008).pdf",".pdf","3097586","90DF9194ECA8197306C6E1D44609B7B78E4823585893D1F49BB00D764E3F1A95","2026-06-17T21:41:03Z"
"SHARED","global economic prospects_ crisis, finance, and growth (the world bank, 2010).pdf","shared","resources/source-material/shared/Global Economic Prospects_ Crisis, Finance, and Growth (The World Bank, 2010).pdf","Global Economic Prospects_ Crisis, Finance, and Growth (The World Bank, 2010).pdf","Global Economic Prospects_ Crisis, Finance, and Growth (The World Bank, 2010).pdf",".pdf","4105620","BC4025C7707E18703B2C38D2A99086F2AFE556F02E0C395AE9CD41D08B28714B","2026-06-17T21:41:03Z"
"SHARED","global financial stability report_ meeting new challenges to stability and building a safer system (imf, 2010).pdf","shared","resources/source-material/shared/Global Financial Stability Report_ Meeting New Challenges to Stability and Building a Safer System (IMF, 2010).pdf","Global Financial Stability Report_ Meeting New Challenges to Stability and Building a Safer System (IMF, 2010).pdf","Global Financial Stability Report_ Meeting New Challenges to Stability and Building a Safer System (IMF, 2010).pdf",".pdf","6283503","021312963F6C8C467E0B216B28D2BB29F5B810EE6DFFD8A1971DAC3623E61B71","2026-06-17T21:41:03Z"
"SHARED","global financial stability report_ sovereigns, funding, and systemic liquidity (imf, 2010).pdf","shared","resources/source-material/shared/Global Financial Stability Report_ Sovereigns, Funding, and Systemic Liquidity (IMF, 2010).pdf","Global Financial Stability Report_ Sovereigns, Funding, and Systemic Liquidity (IMF, 2010).pdf","Global Financial Stability Report_ Sovereigns, Funding, and Systemic Liquidity (IMF, 2010).pdf",".pdf","6430915","35050AA54AE6041B429EC3D5D8C3916A225405029A86DFB4B955632197080E5C","2026-06-17T21:41:04Z"
"SHARED","glycopantis d., yannelis n.c. (eds.) differential information economies (springer, 2004)(isbn 3540214240)(670s)_gg_.pdf","shared","resources/source-material/shared/Glycopantis D., Yannelis N.C. (eds.) Differential Information Economies (Springer, 2004)(ISBN 3540214240)(670s)_GG_.pdf","Glycopantis D., Yannelis N.C. (eds.) Differential Information Economies (Springer, 2004)(ISBN 3540214240)(670s)_GG_.pdf","Glycopantis D., Yannelis N.C. (eds.) Differential Information Economies (Springer, 2004)(ISBN 3540214240)(670s)_GG_.pdf",".pdf","3933467","1683A95B1AA20A48320F686D7AF63ACACF729F98D02ABF2DF26584C98CA9B107","2026-06-17T21:41:04Z"
"SHARED","gobel - graduation debt_ how to manage student loans and live your life (2010).pdf","shared","resources/source-material/shared/Gobel - Graduation Debt_ How to Manage Student Loans and Live Your Life (2010).pdf","Gobel - Graduation Debt_ How to Manage Student Loans and Live Your Life (2010).pdf","Gobel - Graduation Debt_ How to Manage Student Loans and Live Your Life (2010).pdf",".pdf","13012595","B0CB4021BAC9E97E7426FFEC149E43913827ED03A8E0B23FDC69ED2E2B367DE2","2026-06-17T21:41:04Z"
"SHARED","goldstein - the asian financial crisis_ causes, cures, and systemic implications (1998).pdf","shared","resources/source-material/shared/Goldstein - The Asian Financial Crisis_ Causes, Cures, and Systemic Implications (1998).pdf","Goldstein - The Asian Financial Crisis_ Causes, Cures, and Systemic Implications (1998).pdf","Goldstein - The Asian Financial Crisis_ Causes, Cures, and Systemic Implications (1998).pdf",".pdf","2063434","510CD75B75F8E3234E3DD65FF2E5A02CA8D611E053F1F932AB2C57BC3C0ADCD5","2026-06-17T21:41:04Z"
"SHARED","goodwin & burr - economix_ how our economy works (and doesn_t work) in words and pictures (2012).pdf","shared","resources/source-material/shared/Goodwin & Burr - Economix_ How Our Economy Works (and Doesn_t Work) in Words and Pictures (2012).pdf","Goodwin & Burr - Economix_ How Our Economy Works (and Doesn_t Work) in Words and Pictures (2012).pdf","Goodwin & Burr - Economix_ How Our Economy Works (and Doesn_t Work) in Words and Pictures (2012).pdf",".pdf","86964965","F7D1694CD668476B57B232B495243FFF40CD66DED0A872D35F12F81F3476009D","2026-06-17T21:41:04Z"
"SHARED","gordon - hamilton_s blessing_ the extraordinary life and times of our national debt (2010).epub","shared","resources/source-material/shared/Gordon - Hamilton_s Blessing_ the Extraordinary Life and Times of Our National Debt (2010).epub","Gordon - Hamilton_s Blessing_ the Extraordinary Life and Times of Our National Debt (2010).epub","Gordon - Hamilton_s Blessing_ the Extraordinary Life and Times of Our National Debt (2010).epub",".epub","1274243","85FCFE64C8B33A70788F2B2BE0DC65DCAEBE075A886C97EEC3A8869A55836F3B","2026-06-17T21:41:04Z"
"SHARED","gorrie - the china crisis_ now china_s economic collapse will lead to a global depression (2013).pdf","shared","resources/source-material/shared/Gorrie - The China Crisis_ Now China_s Economic Collapse Will Lead to a Global Depression (2013).pdf","Gorrie - The China Crisis_ Now China_s Economic Collapse Will Lead to a Global Depression (2013).pdf","Gorrie - The China Crisis_ Now China_s Economic Collapse Will Lead to a Global Depression (2013).pdf",".pdf","3828861","E6D65080C70332A1EC81DF7DAB72263E73A311E5B4E5CE41EB585A13603EA11A","2026-06-17T21:41:04Z"
"SHARED","graduate econometrics lecture notes - michael creel (414 pages).pdf","shared","resources/source-material/shared/Graduate Econometrics Lecture Notes - Michael Creel (414 pages).pdf","Graduate Econometrics Lecture Notes - Michael Creel (414 pages).pdf","Graduate Econometrics Lecture Notes - Michael Creel (414 pages).pdf",".pdf","1501632","24DCAEBA75FF859BFF9F81A1FD0DF8B73B283A41DC356B1D720565DF39F462A1","2026-06-17T21:41:04Z"
"SHARED","graeber - debt_ the first 5,000 years (2011).pdf","shared","resources/source-material/shared/Graeber - Debt_ the First 5,000 Years (2011).pdf","Graeber - Debt_ the First 5,000 Years (2011).pdf","Graeber - Debt_ the First 5,000 Years (2011).pdf",".pdf","3327984","69814FB17C93E5AADBD8AF1ABA67C19E921F629FA55978A3E7DE24692D81CBD7","2026-06-17T21:41:04Z"
"SHARED","graeber.revolutions in reverse  (2011).mobi","shared","resources/source-material/shared/Graeber.Revolutions in Reverse  (2011).mobi","Graeber.Revolutions in Reverse  (2011).mobi","Graeber.Revolutions in Reverse  (2011).mobi",".mobi","712458","90D3C301C5327F4C531EDA7C1E1AE05D27EB30354CEA950DA2AEA3D877E88F5D","2026-06-17T21:41:04Z"
"SHARED","grant & wilson - the consequences of the global financial crisis_ the rhetoric of reform and regulation (2012).pdf","shared","resources/source-material/shared/Grant & Wilson - The Consequences of the Global Financial Crisis_ the Rhetoric of Reform and Regulation (2012).pdf","Grant & Wilson - The Consequences of the Global Financial Crisis_ the Rhetoric of Reform and Regulation (2012).pdf","Grant & Wilson - The Consequences of the Global Financial Crisis_ the Rhetoric of Reform and Regulation (2012).pdf",".pdf","2118595","705CE945792DAD4A3A02183C77C0E7622FFAC9B050859F3E02320FCCD9C87DA3","2026-06-17T21:41:04Z"
"SHARED","grauwe p.d. (ed.) exchange rate economics.. where do we stand (mit, 2005)(isbn 0262042223)(o)(367s)_gi_.pdf","shared","resources/source-material/shared/Grauwe P.D. (ed.) Exchange rate economics.. Where do we stand (MIT, 2005)(ISBN 0262042223)(O)(367s)_GI_.pdf","Grauwe P.D. (ed.) Exchange rate economics.. Where do we stand (MIT, 2005)(ISBN 0262042223)(O)(367s)_GI_.pdf","Grauwe P.D. (ed.) Exchange rate economics.. Where do we stand (MIT, 2005)(ISBN 0262042223)(O)(367s)_GI_.pdf",".pdf","2744046","2BD5F860EAC2738A20157A43D81FD2A40400BBBE3750C6D68982C590DE39B24B","2026-06-17T21:41:04Z"
"SHARED","gray - toeplitz and circulant matrices.pdf","shared","resources/source-material/shared/Gray - Toeplitz and Circulant Matrices.pdf","Gray - Toeplitz and Circulant Matrices.pdf","Gray - Toeplitz and Circulant Matrices.pdf",".pdf","285601","65A64415D7DDDCE499752172422D3EA359A24889A3E366A93DB5EC2707E65A97","2026-06-17T21:41:04Z"
"SHARED","greene w.h. econometric analysis (5ed., ph, 2003)(isbn 0130661899)(o)(1056s)_gl_.pdf","shared","resources/source-material/shared/Greene W.H. Econometric analysis (5ed., PH, 2003)(ISBN 0130661899)(O)(1056s)_GL_.pdf","Greene W.H. Econometric analysis (5ed., PH, 2003)(ISBN 0130661899)(O)(1056s)_GL_.pdf","Greene W.H. Econometric analysis (5ed., PH, 2003)(ISBN 0130661899)(O)(1056s)_GL_.pdf",".pdf","5191824","DA3372A116557C76BF9431453D7E754912C0D140951D5D7E7DCD1E0964353A9A","2026-06-17T21:41:04Z"
"SHARED","greene w.h. econometric analysis.. solution manual (5ed., ph, 2003)(isbn 0130661899)(o)(154s)_gl_.pdf","shared","resources/source-material/shared/Greene W.H. Econometric analysis.. Solution manual (5ed., PH, 2003)(ISBN 0130661899)(O)(154s)_GL_.pdf","Greene W.H. Econometric analysis.. Solution manual (5ed., PH, 2003)(ISBN 0130661899)(O)(154s)_GL_.pdf","Greene W.H. Econometric analysis.. Solution manual (5ed., PH, 2003)(ISBN 0130661899)(O)(154s)_GL_.pdf",".pdf","2030827","0D8F4889EFD7C49B317B409B16CF0EF84365B8585299AFC6FFDD532030D0C0AF","2026-06-17T21:41:04Z"
"SHARED","greenhalgh, rogers.innovation, intellectual property, and economic growth  (2010).pdf","shared","resources/source-material/shared/Greenhalgh, Rogers.Innovation, Intellectual Property, and Economic Growth  (2010).pdf","Greenhalgh, Rogers.Innovation, Intellectual Property, and Economic Growth  (2010).pdf","Greenhalgh, Rogers.Innovation, Intellectual Property, and Economic Growth  (2010).pdf",".pdf","1587552","7937A8ABF4FF31084AF1569C744D7C6D38D3D5AFBABA20504320E77F66E78257","2026-06-17T21:41:04Z"
"SHARED","gregoriou - banking crisis handbook (2010).pdf","shared","resources/source-material/shared/Gregoriou - Banking Crisis Handbook (2010).pdf","Gregoriou - Banking Crisis Handbook (2010).pdf","Gregoriou - Banking Crisis Handbook (2010).pdf",".pdf","7818846","1D876411F11FA5BBA0E78733BBCA4AEF2F6B8FC7E9C120FFC07848729ACB4269","2026-06-17T21:41:04Z"
"SHARED","gregory - counterparty credit risk_ the new challenge for global financial markets (2010).pdf","shared","resources/source-material/shared/Gregory - Counterparty Credit Risk_ the New Challenge for Global Financial Markets (2010).pdf","Gregory - Counterparty Credit Risk_ the New Challenge for Global Financial Markets (2010).pdf","Gregory - Counterparty Credit Risk_ the New Challenge for Global Financial Markets (2010).pdf",".pdf","3098643","4090A6363EE4711391A5F9E4942CA5158142F3A32672F93666DEEA9D612F49E8","2026-06-17T21:41:04Z"
"SHARED","gregory p.r. the political economy of stalinism (cup, 2004)(isbn 0521533678)(321s)_gh_.pdf","shared","resources/source-material/shared/Gregory P.R. The political economy of stalinism (CUP, 2004)(ISBN 0521533678)(321s)_GH_.pdf","Gregory P.R. The political economy of stalinism (CUP, 2004)(ISBN 0521533678)(321s)_GH_.pdf","Gregory P.R. The political economy of stalinism (CUP, 2004)(ISBN 0521533678)(321s)_GH_.pdf",".pdf","1389846","386811D4AE4052D8F4EF375FF42E39736E8AA490E51B47548FF90FBF7CD80896","2026-06-17T21:41:04Z"
"SHARED","greiner & fincke - public debt and economic growth (2009).pdf","shared","resources/source-material/shared/Greiner & Fincke - Public Debt and Economic Growth (2009).pdf","Greiner & Fincke - Public Debt and Economic Growth (2009).pdf","Greiner & Fincke - Public Debt and Economic Growth (2009).pdf",".pdf","1328496","59431F4F9D1739B395429790E9DAB91DAF700EDF44A3585E17E2802013E30B3F","2026-06-17T21:41:04Z"
"SHARED","griffith-jones - time for a visible hand_ lessons from the 2008 world financial crisis (2010).pdf","shared","resources/source-material/shared/Griffith-Jones - Time for a Visible Hand_ Lessons from the 2008 World Financial Crisis (2010).pdf","Griffith-Jones - Time for a Visible Hand_ Lessons from the 2008 World Financial Crisis (2010).pdf","Griffith-Jones - Time for a Visible Hand_ Lessons from the 2008 World Financial Crisis (2010).pdf",".pdf","2421713","CD42FB043380B0A917F82A55AD40B842D47F43C9F8E89E3EE3FFF9F4DD462784","2026-06-17T21:41:04Z"
"SHARED","groenewegen p. classics and moderns in economics, volume i (routledge, 2002)(isbn 0415301661)(296s)_gg_.pdf","shared","resources/source-material/shared/Groenewegen P. Classics and Moderns in Economics, Volume I (Routledge, 2002)(ISBN 0415301661)(296s)_GG_.pdf","Groenewegen P. Classics and Moderns in Economics, Volume I (Routledge, 2002)(ISBN 0415301661)(296s)_GG_.pdf","Groenewegen P. Classics and Moderns in Economics, Volume I (Routledge, 2002)(ISBN 0415301661)(296s)_GG_.pdf",".pdf","1951638","633EED4035FED578755133C5BFDF10034BB78D4BD7082342204D78F774599BF7","2026-06-17T21:41:04Z"
"SHARED","groenewegen p. classics and moderns in economics, volume ii (routledge, 2002)(isbn 041530167x)(321s)_gg_.pdf","shared","resources/source-material/shared/Groenewegen P. Classics and Moderns in Economics, Volume II (Routledge, 2002)(ISBN 041530167X)(321s)_GG_.pdf","Groenewegen P. Classics and Moderns in Economics, Volume II (Routledge, 2002)(ISBN 041530167X)(321s)_GG_.pdf","Groenewegen P. Classics and Moderns in Economics, Volume II (Routledge, 2002)(ISBN 041530167X)(321s)_GG_.pdf",".pdf","1947351","150E3ACA0C23AA7D98758568EB50BF258413364B353F4E50F967D3F46513DA8C","2026-06-17T21:41:04Z"
"SHARED","groenewegen p. eighteenth century economics (routledge, 2002)(isbn 0415279402)(446s)_gh_.pdf","shared","resources/source-material/shared/Groenewegen P. Eighteenth century economics (Routledge, 2002)(ISBN 0415279402)(446s)_GH_.pdf","Groenewegen P. Eighteenth century economics (Routledge, 2002)(ISBN 0415279402)(446s)_GH_.pdf","Groenewegen P. Eighteenth century economics (Routledge, 2002)(ISBN 0415279402)(446s)_GH_.pdf",".pdf","3250348","D1C9ED043C416517980620C02201BF9F630365049CA6B45F878F62E45357886B","2026-06-17T21:41:04Z"
"SHARED","group theory and constellationsa.pdf","shared","resources/source-material/shared/Group theory and constellationsa.pdf","Group theory and constellationsa.pdf","Group theory and constellationsa.pdf",".pdf","4815449","B685C8EE9D1A346FF8E7E0C6038909412E6068C5711148B75061B365062ECDB6","2026-06-17T21:41:04Z"
"SHARED","gujarati d. basic econometrics (4ed., mgh, 2004)(isbn 0070597936)(o)(1003s)_gl_.pdf","shared","resources/source-material/shared/Gujarati D. Basic Econometrics (4ed., MGH, 2004)(ISBN 0070597936)(O)(1003s)_GL_.pdf","Gujarati D. Basic Econometrics (4ed., MGH, 2004)(ISBN 0070597936)(O)(1003s)_GL_.pdf","Gujarati D. Basic Econometrics (4ed., MGH, 2004)(ISBN 0070597936)(O)(1003s)_GL_.pdf",".pdf","5873561","97A0C6753AD0743B66EC8982625951EE0CDEFBF9A72502E8B18981AE1D956917","2026-06-17T21:41:04Z"
"SHARED","gunderson - the great depression (2004).pdf","shared","resources/source-material/shared/Gunderson - The Great Depression (2004).pdf","Gunderson - The Great Depression (2004).pdf","Gunderson - The Great Depression (2004).pdf",".pdf","2237663","0A928713082791EE5051FD471F6F9EAD9827D23299015132279F2B863DF155ED","2026-06-17T21:41:04Z"
"SHARED","haacke - frenzy_ bubbles, busts, and how to come out ahead (2004).pdf","shared","resources/source-material/shared/Haacke - Frenzy_ Bubbles, Busts, and How to Come Out Ahead (2004).pdf","Haacke - Frenzy_ Bubbles, Busts, and How to Come Out Ahead (2004).pdf","Haacke - Frenzy_ Bubbles, Busts, and How to Come Out Ahead (2004).pdf",".pdf","985526","962CF26E68BFBDDFD00A6827A889E9A1D27A946E37F43211195CEA971B4FAEAD","2026-06-17T21:41:05Z"
"SHARED","hadley e.m. memoir of a trustbuster.. a lifelong adventure with japan (university of hawaii press, 2003)(isbn 0824825896)(185s)_gh_.pdf","shared","resources/source-material/shared/Hadley E.M. Memoir of a trustbuster.. A lifelong adventure with Japan (University of Hawaii Press, 2003)(ISBN 0824825896)(185s)_GH_.pdf","Hadley E.M. Memoir of a trustbuster.. A lifelong adventure with Japan (University of Hawaii Press, 2003)(ISBN 0824825896)(185s)_GH_.pdf","Hadley E.M. Memoir of a trustbuster.. A lifelong adventure with Japan (University of Hawaii Press, 2003)(ISBN 0824825896)(185s)_GH_.pdf",".pdf","1532251","89DE4FABB6A4C00F564BA863C0F4FF0767603900823315914958087F461A04CC","2026-06-17T21:41:05Z"
"SHARED","haggard - the political economy of the asian financial crisis (2000).pdf","shared","resources/source-material/shared/Haggard - The Political Economy of the Asian Financial Crisis (2000).pdf","Haggard - The Political Economy of the Asian Financial Crisis (2000).pdf","Haggard - The Political Economy of the Asian Financial Crisis (2000).pdf",".pdf","1237844","07B7C1090381DFBD35388F516279152348A40BFDA4318F225B929CFFFAEA600C","2026-06-17T21:41:05Z"
"SHARED","hagmann m. introduction to nonparametric econometrics (ln, hec lausanne & fem, 2003)(32s)_gl_.pdf","shared","resources/source-material/shared/Hagmann M. Introduction to nonparametric econometrics (LN, HEC Lausanne & FEM, 2003)(32s)_GL_.pdf","Hagmann M. Introduction to nonparametric econometrics (LN, HEC Lausanne & FEM, 2003)(32s)_GL_.pdf","Hagmann M. Introduction to nonparametric econometrics (LN, HEC Lausanne & FEM, 2003)(32s)_GL_.pdf",".pdf","249091","7825A1038B05F0DA2711FF9E2A75D7D5CB20889B91D64F5DB523F296D5A25DB4","2026-06-17T21:41:05Z"
"SHARED","hairault j.-o., sopraseuth t. (eds.) exchange rate dynamics (routledge, 2004)(isbn 0415298776)(320s)_gi_.pdf","shared","resources/source-material/shared/Hairault J.-O., Sopraseuth T. (eds.) Exchange rate dynamics (Routledge, 2004)(ISBN 0415298776)(320s)_GI_.pdf","Hairault J.-O., Sopraseuth T. (eds.) Exchange rate dynamics (Routledge, 2004)(ISBN 0415298776)(320s)_GI_.pdf","Hairault J.-O., Sopraseuth T. (eds.) Exchange rate dynamics (Routledge, 2004)(ISBN 0415298776)(320s)_GI_.pdf",".pdf","1476690","9DB7802A182C8B238953198097D85FC903B349509781D47C36958BB16A8F175F","2026-06-17T21:41:05Z"
"SHARED","halbert.resisting intellectual property.pdf","shared","resources/source-material/shared/Halbert.Resisting Intellectual Property.pdf","Halbert.Resisting Intellectual Property.pdf","Halbert.Resisting Intellectual Property.pdf",".pdf","1192526","51BD372A4E709E2DCD2C2DE8133E9D5F4F60249DA8F7AFB327BA88676149D969","2026-06-17T21:41:05Z"
"SHARED","haldane e.a.g. (ed.) fixing financial crises in the twenty-first century (routledge, 2004)(isbn 0415327601)(363s)_gk_.pdf","shared","resources/source-material/shared/Haldane e.A.G. (ed.) Fixing financial crises in the twenty-first century (Routledge, 2004)(ISBN 0415327601)(363s)_GK_.pdf","Haldane e.A.G. (ed.) Fixing financial crises in the twenty-first century (Routledge, 2004)(ISBN 0415327601)(363s)_GK_.pdf","Haldane e.A.G. (ed.) Fixing financial crises in the twenty-first century (Routledge, 2004)(ISBN 0415327601)(363s)_GK_.pdf",".pdf","2335649","ACB95B2199368BC9A26030243A86C9E221F127D819F48CCDC3850A96FAF247DD","2026-06-17T21:41:05Z"
"SHARED","hale & hale - what_s next_ unconventional wisdom on the future of the world economy (2011).epub","shared","resources/source-material/shared/Hale & Hale - What_s Next_ Unconventional Wisdom on the Future of the World Economy (2011).epub","Hale & Hale - What_s Next_ Unconventional Wisdom on the Future of the World Economy (2011).epub","Hale & Hale - What_s Next_ Unconventional Wisdom on the Future of the World Economy (2011).epub",".epub","1097562","80473DDD41A650E01CD34862D6E550A1CBC9BFDD7CDD18635CC4D30329155C43","2026-06-17T21:41:05Z"
"SHARED","hamilton & micklethwalt - greed and corporate failure_ the lessons from recent disasters (2006).pdf","shared","resources/source-material/shared/Hamilton & Micklethwalt - Greed and Corporate Failure_ The Lessons from Recent Disasters (2006).pdf","Hamilton & Micklethwalt - Greed and Corporate Failure_ The Lessons from Recent Disasters (2006).pdf","Hamilton & Micklethwalt - Greed and Corporate Failure_ The Lessons from Recent Disasters (2006).pdf",".pdf","864856","20EBD1D8B6A1BDBB6163219F0E5E5D073A68E53ECC334F4019C9B4BC942115DF","2026-06-17T21:41:05Z"
"SHARED","handa j. monetary economics ii (2ed., routledge, 2008)(isbn 0415772095)(871s)_gk_.pdf","shared","resources/source-material/shared/Handa J. Monetary Economics II (2ed., Routledge, 2008)(ISBN 0415772095)(871s)_GK_.pdf","Handa J. Monetary Economics II (2ed., Routledge, 2008)(ISBN 0415772095)(871s)_GK_.pdf","Handa J. Monetary Economics II (2ed., Routledge, 2008)(ISBN 0415772095)(871s)_GK_.pdf",".pdf","4346022","4758CE697F9D798E0577322C805D829A8D4A805EFE321924D753D992AFAEF76A","2026-06-17T21:41:05Z"
"SHARED","handbook for small business.pdf","shared","resources/source-material/shared/Handbook for Small Business.pdf","Handbook for Small Business.pdf","Handbook for Small Business.pdf",".pdf","1400453","1DD99B38BD9D5C4D85193B66F3C3BEE36D4E26AEBD5E5FC958E2FC4A14C81A9C","2026-06-17T21:41:05Z"
"SHARED","handbook of budgeting and accounting.pdf","shared","resources/source-material/shared/Handbook of Budgeting and Accounting.pdf","Handbook of Budgeting and Accounting.pdf","Handbook of Budgeting and Accounting.pdf",".pdf","1551465","F3BAD46B40BE4750BCA7B4BE7B5C27E3C766C65AAB36EC5AC3955C97BA024FFB","2026-06-17T21:41:05Z"
"SHARED","handbook of data compression, 5th edition.pdf","shared","resources/source-material/shared/Handbook of Data Compression, 5th Edition.pdf","Handbook of Data Compression, 5th Edition.pdf","Handbook of Data Compression, 5th Edition.pdf",".pdf","17752865","9CC0440968DBF7D9CAB906CB6D619B6A5C0A142B2D370058E249A1179C598B26","2026-06-17T21:41:05Z"
"SHARED","handbook of labor economics[team nanban]tmrg.pdf","shared","resources/source-material/shared/Handbook of Labor Economics[Team Nanban]tmrg.pdf","Handbook of Labor Economics[Team Nanban]tmrg.pdf","Handbook of Labor Economics[Team Nanban]tmrg.pdf",".pdf","10672086","5388D5D7CA2B5F649964533695B79A53E8E56CF675D638E0954BD353AF6B89FC","2026-06-17T21:41:05Z"
"SHARED","handbook of modern finance - bond analysis.pdf","shared","resources/source-material/shared/Handbook of Modern Finance - Bond Analysis.pdf","Handbook of Modern Finance - Bond Analysis.pdf","Handbook of Modern Finance - Bond Analysis.pdf",".pdf","785408","348F33FCA1E32EC572D46AE54F7F6F179A423FAA90B780DA7197B6819B0917BB","2026-06-17T21:41:05Z"
"SHARED","handbook of stochastic analysis with applications - d. kannan , v. lakshmikantham.pdf","shared","resources/source-material/shared/Handbook of Stochastic Analysis with Applications - D. KANNAN , V. LAKSHMIKANTHAM.pdf","Handbook of Stochastic Analysis with Applications - D. KANNAN , V. LAKSHMIKANTHAM.pdf","Handbook of Stochastic Analysis with Applications - D. KANNAN , V. LAKSHMIKANTHAM.pdf",".pdf","44039507","C57EE39638CA5A906ADB6A900454B49433F620DF19B17CDF60FBB420BEC78E4A","2026-06-17T21:41:05Z"
"SHARED","hansanti s., islam s.m., sheehan p. international finance in emerging markets (physica-verlag heidelberg, 2008)(isbn 3790820431)(228s)_gi_.pdf","shared","resources/source-material/shared/Hansanti S., Islam S.M., Sheehan P. International Finance in Emerging Markets (Physica-Verlag Heidelberg, 2008)(ISBN 3790820431)(228s)_GI_.pdf","Hansanti S., Islam S.M., Sheehan P. International Finance in Emerging Markets (Physica-Verlag Heidelberg, 2008)(ISBN 3790820431)(228s)_GI_.pdf","Hansanti S., Islam S.M., Sheehan P. International Finance in Emerging Markets (Physica-Verlag Heidelberg, 2008)(ISBN 3790820431)(228s)_GI_.pdf",".pdf","954482","3A319FEF011D454831D755C1D6FFDB476EEC700656C44DB1FBD11174D2C4F643","2026-06-17T21:41:05Z"
"SHARED","hansen econometrics.pdf","shared","resources/source-material/shared/Hansen Econometrics.pdf","Hansen Econometrics.pdf","Hansen Econometrics.pdf",".pdf","2867002","86AFA5ED9F91FD6F1B71426040A2B86F7E6F305513B5089AC798E4573A4C181A","2026-06-17T21:41:05Z"
"SHARED","hansen l., sargent t.j. recursive models of dynamic linear economies (draft, 2005)(530s)_gl_.pdf","shared","resources/source-material/shared/Hansen L., Sargent T.J. Recursive Models of Dynamic Linear Economies (draft, 2005)(530s)_GL_.pdf","Hansen L., Sargent T.J. Recursive Models of Dynamic Linear Economies (draft, 2005)(530s)_GL_.pdf","Hansen L., Sargent T.J. Recursive Models of Dynamic Linear Economies (draft, 2005)(530s)_GL_.pdf",".pdf","2379101","A9648351068FA99828EDE24ED8CD9E18438EA44C8428CE214AABF06CD1F301A8","2026-06-17T21:41:05Z"
"SHARED","härdle, kerkyacharian, picard, tsybakov - wavelets, approximation and statistical applications.pdf","shared","resources/source-material/shared/Härdle, Kerkyacharian, Picard, Tsybakov - Wavelets, Approximation and Statistical Applications.pdf","Härdle, Kerkyacharian, Picard, Tsybakov - Wavelets, Approximation and Statistical Applications.pdf","Härdle, Kerkyacharian, Picard, Tsybakov - Wavelets, Approximation and Statistical Applications.pdf",".pdf","1625541","6AD7E0433D4579B5B7B7D767179C2CC009462D3F3A5E97DA53D8E1716DE36F11","2026-06-17T21:41:07Z"
"SHARED","harold hotelling journal.pdf","shared","resources/source-material/shared/Harold Hotelling Journal.pdf","Harold Hotelling Journal.pdf","Harold Hotelling Journal.pdf",".pdf","616261","22E9D027B712B88FCD536F2BA8EC72937450CBA80B4DDDC171B15631DF0D5791","2026-06-17T21:41:05Z"
"SHARED","harris electricity markets.pdf","shared","resources/source-material/shared/Harris Electricity Markets.pdf","Harris Electricity Markets.pdf","Harris Electricity Markets.pdf",".pdf","4807902","73B20498C17B67A91B50950413E0FFE1E9B9AB832E92C62A3DE429BF2826DA32","2026-06-17T21:41:05Z"
"SHARED","harris w.v. (ed.) the monetary systems of the greeks and romans (oup, 2008)(isbn 0199233357)(o)(345s)_gh_.pdf","shared","resources/source-material/shared/Harris W.V. (ed.) The monetary systems of the Greeks and Romans (OUP, 2008)(ISBN 0199233357)(O)(345s)_GH_.pdf","Harris W.V. (ed.) The monetary systems of the Greeks and Romans (OUP, 2008)(ISBN 0199233357)(O)(345s)_GH_.pdf","Harris W.V. (ed.) The monetary systems of the Greeks and Romans (OUP, 2008)(ISBN 0199233357)(O)(345s)_GH_.pdf",".pdf","1850247","8525142ED7B4E92A8BDF8943BBA871AB6931269AAC8940CBCA6B2977DD713F96","2026-06-17T21:41:05Z"
"SHARED","harrison ~ waldron - mathematical economics and finance.pdf","shared","resources/source-material/shared/Harrison ~ Waldron - Mathematical Economics and Finance.pdf","Harrison ~ Waldron - Mathematical Economics and Finance.pdf","Harrison ~ Waldron - Mathematical Economics and Finance.pdf",".pdf","1391916","08544A0DA9CAA6FF40DDC0370281FCBD5CAF51160AF0D24CE8085EE73092A362","2026-06-17T21:41:05Z"
"SHARED","harrison g.w., carpenter j.p., list j.a. (eds.) field experiments in economics (elsevier jai, 2005)(isbn 0762311746)(381s)_gg_.pdf","shared","resources/source-material/shared/Harrison G.W., Carpenter J.P., List J.A. (eds.) Field experiments in economics (Elsevier JAI, 2005)(ISBN 0762311746)(381s)_GG_.pdf","Harrison G.W., Carpenter J.P., List J.A. (eds.) Field experiments in economics (Elsevier JAI, 2005)(ISBN 0762311746)(381s)_GG_.pdf","Harrison G.W., Carpenter J.P., List J.A. (eds.) Field experiments in economics (Elsevier JAI, 2005)(ISBN 0762311746)(381s)_GG_.pdf",".pdf","2540350","F6FC3644C3B998F7F0FADC8D8E8B3B39D147D338A7143F250DBE5B5D4CCAD7D6","2026-06-17T21:41:05Z"
"SHARED","harrison, waldron - mathematical economics and finance.pdf","shared","resources/source-material/shared/Harrison, Waldron - Mathematical Economics and Finance.pdf","Harrison, Waldron - Mathematical Economics and Finance.pdf","Harrison, Waldron - Mathematical Economics and Finance.pdf",".pdf","1391916","08544A0DA9CAA6FF40DDC0370281FCBD5CAF51160AF0D24CE8085EE73092A362","2026-06-17T21:41:05Z"
"SHARED","hart-landsberg.capitalist globalization.mobi","shared","resources/source-material/shared/Hart-Landsberg.Capitalist Globalization.mobi","Hart-Landsberg.Capitalist Globalization.mobi","Hart-Landsberg.Capitalist Globalization.mobi",".mobi","783833","F36948A4F5FEBE686C34A7375D23842B87A386A0CCB96C61D3CFA8F8D9A67F55","2026-06-17T21:41:05Z"
"SHARED","hartmann p. currency competition and foreign exchange markets (cup, 1998)(isbn 0521632730)(211s)_gi_.pdf","shared","resources/source-material/shared/Hartmann P. Currency competition and foreign exchange markets (CUP, 1998)(ISBN 0521632730)(211s)_GI_.pdf","Hartmann P. Currency competition and foreign exchange markets (CUP, 1998)(ISBN 0521632730)(211s)_GI_.pdf","Hartmann P. Currency competition and foreign exchange markets (CUP, 1998)(ISBN 0521632730)(211s)_GI_.pdf",".pdf","1060825","975B9875A9F747B4CAAD87C931A27217AB32777E8F30C553574FCB3EC001DE9C","2026-06-17T21:41:05Z"
"SHARED","harvard business review - how information gives you competitive advantage - michael porter.pdf","shared","resources/source-material/shared/Harvard Business Review - How information gives you competitive advantage - Michael Porter.pdf","Harvard Business Review - How information gives you competitive advantage - Michael Porter.pdf","Harvard Business Review - How information gives you competitive advantage - Michael Porter.pdf",".pdf","3371050","338D03E0A4DB91B5C46AE4FFD13279D6EDB0D3B26BCA30FC9CD9C9A9804AE314","2026-06-17T21:41:05Z"
"SHARED","harvard business review - the 5 stages of small business growth.pdf","shared","resources/source-material/shared/Harvard Business Review - The 5 Stages Of Small Business Growth.pdf","Harvard Business Review - The 5 Stages Of Small Business Growth.pdf","Harvard Business Review - The 5 Stages Of Small Business Growth.pdf",".pdf","289107","97DEC2650A61C2CE155BD4F61884E0F082126511BF09A2A858021B9A0406E5B5","2026-06-17T21:41:05Z"
"SHARED","harvard business review - what is strategy - michael porter.pdf","shared","resources/source-material/shared/Harvard Business Review - What Is Strategy - Michael Porter.pdf","Harvard Business Review - What Is Strategy - Michael Porter.pdf","Harvard Business Review - What Is Strategy - Michael Porter.pdf",".pdf","869472","FC037B1C516698FEB5F3F79A7F8B83FD9FC216B7F2F50826A4E1FB657F14EB4B","2026-06-17T21:41:05Z"
"SHARED","harvard business review - why good companies go bad.pdf","shared","resources/source-material/shared/Harvard Business Review - Why Good Companies Go Bad.pdf","Harvard Business Review - Why Good Companies Go Bad.pdf","Harvard Business Review - Why Good Companies Go Bad.pdf",".pdf","3620638","F4407F3936B0E849C63CF64B73DDDB0728688DD44A01ABB0AB3AB4DD008A45F6","2026-06-17T21:41:05Z"
"SHARED","harvard business school press - blue ocean strategy (2005).pdf","shared","resources/source-material/shared/Harvard Business School Press - Blue Ocean Strategy (2005).pdf","Harvard Business School Press - Blue Ocean Strategy (2005).pdf","Harvard Business School Press - Blue Ocean Strategy (2005).pdf",".pdf","2287626","58327770B70B39C7B90350D49FC19311F39721DFBFCC5856BFC63083B02837F8","2026-06-17T21:41:06Z"
"SHARED","harvard.business.press.blue.ocean.strategy.2005.pdf","shared","resources/source-material/shared/Harvard.Business.Press.Blue.Ocean.Strategy.2005.pdf","Harvard.Business.Press.Blue.Ocean.Strategy.2005.pdf","Harvard.Business.Press.Blue.Ocean.Strategy.2005.pdf",".pdf","1977315","37BB97F20F09115A84B8F2CEE78E2C4940CE87CEE32437136D0940E9B9BFB0C8","2026-06-17T21:41:06Z"
"SHARED","haurie, krawczyk - introduction to dynamic games.pdf","shared","resources/source-material/shared/Haurie, Krawczyk - Introduction to Dynamic Games.pdf","Haurie, Krawczyk - Introduction to Dynamic Games.pdf","Haurie, Krawczyk - Introduction to Dynamic Games.pdf",".pdf","715056","64C206954E39F3F2F125C7336395541C03CE5AEC91D8BF72E79F80EBEE536E01","2026-06-17T21:41:06Z"
"SHARED","hazlitt - from bretton woods to world inflation (1984).pdf","shared","resources/source-material/shared/Hazlitt - From Bretton Woods to World Inflation (1984).pdf","Hazlitt - From Bretton Woods to World Inflation (1984).pdf","Hazlitt - From Bretton Woods to World Inflation (1984).pdf",".pdf","5493946","C66533608F4EC9567FCC5FE36FCCD747C08FE98B9C95BEBBF550E89C8EB1B423","2026-06-17T21:41:06Z"
"SHARED","hazlitt - the inflation crisis and how to resolve it (1978).pdf","shared","resources/source-material/shared/Hazlitt - The Inflation Crisis and How to Resolve It (1978).pdf","Hazlitt - The Inflation Crisis and How to Resolve It (1978).pdf","Hazlitt - The Inflation Crisis and How to Resolve It (1978).pdf",".pdf","10596339","812692F08E93846C036052EFD1E8F34322966D29B7921A03DAA21A2CA81DF5D5","2026-06-17T21:41:06Z"
"SHARED","hazlitt h. economics in one lesson (crown trade, 1979)(isbn 0517548232)(l)(111s)_gpop_.pdf","shared","resources/source-material/shared/Hazlitt H. Economics in one lesson (Crown Trade, 1979)(ISBN 0517548232)(L)(111s)_GPop_.pdf","Hazlitt H. Economics in one lesson (Crown Trade, 1979)(ISBN 0517548232)(L)(111s)_GPop_.pdf","Hazlitt H. Economics in one lesson (Crown Trade, 1979)(ISBN 0517548232)(L)(111s)_GPop_.pdf",".pdf","1018774","4F2A90134109B4B15FCAADA672B9E86B47EDC405D7E455E6761B585536D25EC1","2026-06-17T21:41:06Z"
"SHARED","head - the new ruthless economy_ work and power in the digital age (2003).pdf","shared","resources/source-material/shared/Head - The New Ruthless Economy_ Work and Power in the Digital Age (2003).pdf","Head - The New Ruthless Economy_ Work and Power in the Digital Age (2003).pdf","Head - The New Ruthless Economy_ Work and Power in the Digital Age (2003).pdf",".pdf","12030680","CDA98B1857A496521FA101886231477E74519EFDC12CB1FF91C9D4F3F67BA78F","2026-06-17T21:41:06Z"
"SHARED","heckman j.j., leamer e. (eds.) handbook of econometrics, vol. 6a (elsevier, 2007)(isbn 9780444506313)(983s)_gl_.pdf","shared","resources/source-material/shared/Heckman J.J., Leamer E. (eds.) Handbook of econometrics, vol. 6A (Elsevier, 2007)(ISBN 9780444506313)(983s)_GL_.pdf","Heckman J.J., Leamer E. (eds.) Handbook of econometrics, vol. 6A (Elsevier, 2007)(ISBN 9780444506313)(983s)_GL_.pdf","Heckman J.J., Leamer E. (eds.) Handbook of econometrics, vol. 6A (Elsevier, 2007)(ISBN 9780444506313)(983s)_GL_.pdf",".pdf","6857476","5F102CD08798E93312AEB0310F50218E8F505A24BC8E82F4C2E303F425D222B7","2026-06-17T21:41:06Z"
"SHARED","heckman j.j., leamer e. (eds.) handbook of econometrics, vol. 6b (elsevier, 2007)(isbn 9780444532008)(1031s)_gl_.pdf","shared","resources/source-material/shared/Heckman J.J., Leamer E. (eds.) Handbook of econometrics, vol. 6B (Elsevier, 2007)(ISBN 9780444532008)(1031s)_GL_.pdf","Heckman J.J., Leamer E. (eds.) Handbook of econometrics, vol. 6B (Elsevier, 2007)(ISBN 9780444532008)(1031s)_GL_.pdf","Heckman J.J., Leamer E. (eds.) Handbook of econometrics, vol. 6B (Elsevier, 2007)(ISBN 9780444532008)(1031s)_GL_.pdf",".pdf","8158520","8227E910C700F4439C63F2FA2B557CA796E2BB4B3826D3E1AD1777775D1FABC0","2026-06-17T21:41:06Z"
"SHARED","hefferon - linear algebra.pdf","shared","resources/source-material/shared/Hefferon - Linear Algebra.pdf","Hefferon - Linear Algebra.pdf","Hefferon - Linear Algebra.pdf",".pdf","4143361","22D81DD915CC0C5C4553D468DE56FB7358C4F63C9942C3B30E8965D530AFC987","2026-06-17T21:41:06Z"
"SHARED","heinberg - the end of growth_ adapting to our new economic reality (2011).pdf","shared","resources/source-material/shared/Heinberg - The End of Growth_ Adapting to Our New Economic Reality (2011).pdf","Heinberg - The End of Growth_ Adapting to Our New Economic Reality (2011).pdf","Heinberg - The End of Growth_ Adapting to Our New Economic Reality (2011).pdf",".pdf","3203277","AE7DEBF7353370B13C38435A98D21CE1942EDA57F163FF750243D3AD8E667D9C","2026-06-17T21:41:06Z"
"SHARED","heinrich, locascio.an introduction to the 3 volumes of marx_s capital.djvu","shared","resources/source-material/shared/Heinrich, Locascio.An introduction to the 3 volumes of Marx_s Capital.djvu","Heinrich, Locascio.An introduction to the 3 volumes of Marx_s Capital.djvu","Heinrich, Locascio.An introduction to the 3 volumes of Marx_s Capital.djvu",".djvu","3302133","A6F8CBEA7CE9447FDDBFCBCDA9C6E088AE855CED198DA2B3AE23289A97265AF5","2026-06-17T21:41:06Z"
"SHARED","helping small business owners and self-employed professionals do more with less.pdf","shared","resources/source-material/shared/Helping Small Business Owners and Self-Employed Professionals Do More With Less.pdf","Helping Small Business Owners and Self-Employed Professionals Do More With Less.pdf","Helping Small Business Owners and Self-Employed Professionals Do More With Less.pdf",".pdf","335872","72691695173FBFDF8BE5FE1FE3CA4FE8DF5D751B4D484547A0D6863EB0824C7B","2026-06-17T21:41:06Z"
"SHARED","helpman e. the mystery of economic growth (hup, 2004)(isbn 067401572x)(238s)_gk_.pdf","shared","resources/source-material/shared/Helpman E. The mystery of economic growth (HUP, 2004)(ISBN 067401572X)(238s)_GK_.pdf","Helpman E. The mystery of economic growth (HUP, 2004)(ISBN 067401572X)(238s)_GK_.pdf","Helpman E. The mystery of economic growth (HUP, 2004)(ISBN 067401572X)(238s)_GK_.pdf",".pdf","770912","01687BFCEC2858EC43F98444DD9E026A174AA95FCC32DBE9BE3D686046E0A742","2026-06-17T21:41:06Z"
"SHARED","hendrickson - regulation and instability in u.s. commercial banking_ a history of crises (2011).pdf","shared","resources/source-material/shared/Hendrickson - Regulation and Instability in U.S. Commercial Banking_ A History of Crises (2011).pdf","Hendrickson - Regulation and Instability in U.S. Commercial Banking_ A History of Crises (2011).pdf","Hendrickson - Regulation and Instability in U.S. Commercial Banking_ A History of Crises (2011).pdf",".pdf","10577260","DE57DFD4060EC199CD56904FD41E92B21579CDA4FDA2B212379DBED387479BAC","2026-06-17T21:41:06Z"
"SHARED","hendry d.f. econometrics.. alchemy or science (new ed., oup, 2000)(isbn 0198293542)(o)(561s)_gl_.pdf","shared","resources/source-material/shared/Hendry D.F. Econometrics.. Alchemy or science (New Ed., OUP, 2000)(ISBN 0198293542)(O)(561s)_GL_.pdf","Hendry D.F. Econometrics.. Alchemy or science (New Ed., OUP, 2000)(ISBN 0198293542)(O)(561s)_GL_.pdf","Hendry D.F. Econometrics.. Alchemy or science (New Ed., OUP, 2000)(ISBN 0198293542)(O)(561s)_GL_.pdf",".pdf","5642007","B8684BFD5867E43FA073B6F893CBA8FA2B2F3BF6A527A43E380072EB5C755DB5","2026-06-17T21:41:06Z"
"SHARED","henwood - wall street_ how it works and for whom (1998).pdf","shared","resources/source-material/shared/Henwood - Wall Street_ How it Works and for Whom (1998).pdf","Henwood - Wall Street_ How it Works and for Whom (1998).pdf","Henwood - Wall Street_ How it Works and for Whom (1998).pdf",".pdf","1138155","590E1FEA0F168DEE3FD1C9130695A97F06795B26170AAEF65E5AE3397B7BC3F8","2026-06-17T21:41:06Z"
"SHARED","henwood.after the new economy 2003.djvu","shared","resources/source-material/shared/Henwood.After the new economy 2003.djvu","Henwood.After the new economy 2003.djvu","Henwood.After the new economy 2003.djvu",".djvu","4676856","31F87A809D24D318152ED757ECB5B7692AEB22463B0E0F0434911D3D55B977D0","2026-06-17T21:41:06Z"
"SHARED","hetzel - the great recession_ market failure or policy failure (2012).pdf","shared","resources/source-material/shared/Hetzel - The Great Recession_ Market Failure or Policy Failure (2012).pdf","Hetzel - The Great Recession_ Market Failure or Policy Failure (2012).pdf","Hetzel - The Great Recession_ Market Failure or Policy Failure (2012).pdf",".pdf","4964950","473BEDF44A53D353E6FE15930624187248E3731E6553F510D8E244ED28D5588C","2026-06-17T21:41:06Z"
"SHARED","hetzel r.l. the monetary policy of the federal reserve.. a history (cup, 2008)(isbn 0521881323)(409s)_gh_.pdf","shared","resources/source-material/shared/Hetzel R.L. The Monetary Policy of the Federal Reserve.. A History (CUP, 2008)(ISBN 0521881323)(409s)_GH_.pdf","Hetzel R.L. The Monetary Policy of the Federal Reserve.. A History (CUP, 2008)(ISBN 0521881323)(409s)_GH_.pdf","Hetzel R.L. The Monetary Policy of the Federal Reserve.. A History (CUP, 2008)(ISBN 0521881323)(409s)_GH_.pdf",".pdf","5229299","492D832BE1554FCEB7943B2C3952556185AD19FAB835400C583B149DF948F7A7","2026-06-17T21:41:06Z"
"SHARED","hiatt (ed.) - a game as old as empire_ the secret world of economic hit men and the web of global corruption (2007).epub","shared","resources/source-material/shared/Hiatt (Ed.) - A Game as Old as Empire_ the Secret World of Economic Hit Men and the Web of Global Corruption (2007).epub","Hiatt (Ed.) - A Game as Old as Empire_ the Secret World of Economic Hit Men and the Web of Global Corruption (2007).epub","Hiatt (Ed.) - A Game as Old as Empire_ the Secret World of Economic Hit Men and the Web of Global Corruption (2007).epub",".epub","2793012","F95546092F362701D91E7904608EE19273BA0A45EE3228346EB84A97309970D0","2026-06-17T21:41:06Z"
"SHARED","hilbert l.c. (ed.) currency interventions, fluctuations and economic issues (nova science pub., 2008)(isbn 1604560789)(o)(171s)_gi_.pdf","shared","resources/source-material/shared/Hilbert L.C. (ed.) Currency Interventions, Fluctuations and Economic Issues (Nova Science Pub., 2008)(ISBN 1604560789)(O)(171s)_GI_.pdf","Hilbert L.C. (ed.) Currency Interventions, Fluctuations and Economic Issues (Nova Science Pub., 2008)(ISBN 1604560789)(O)(171s)_GI_.pdf","Hilbert L.C. (ed.) Currency Interventions, Fluctuations and Economic Issues (Nova Science Pub., 2008)(ISBN 1604560789)(O)(171s)_GI_.pdf",".pdf","6339500","8BCFE0188E4CB8A888E738C79DE060E9CCA6B985CCB6DBA65540D797D9BA4AED","2026-06-17T21:41:06Z"
"SHARED","hillman a.l. public finance and public policy.pdf","shared","resources/source-material/shared/Hillman A.L. Public Finance and Public Policy.pdf","Hillman A.L. Public Finance and Public Policy.pdf","Hillman A.L. Public Finance and Public Policy.pdf",".pdf","3519942","BEB78DBA1C328E5BAB9546509E3B12E421C43E91BD58956D8A63078F6B393121","2026-06-17T21:41:06Z"
"SHARED","hoag a.j., hoag j.h. introductory economics (4ed., ws, 2006)(isbn 9812568913)(520s)_gg_.pdf","shared","resources/source-material/shared/Hoag A.J., Hoag J.H. Introductory Economics (4ed., WS, 2006)(ISBN 9812568913)(520s)_GG_.pdf","Hoag A.J., Hoag J.H. Introductory Economics (4ed., WS, 2006)(ISBN 9812568913)(520s)_GG_.pdf","Hoag A.J., Hoag J.H. Introductory Economics (4ed., WS, 2006)(ISBN 9812568913)(520s)_GG_.pdf",".pdf","5923181","9A8A306379FB4A6B48BDAE300F7364793EA08658ACF658AA7766F8F3C89A616E","2026-06-17T21:41:06Z"
"SHARED","hoffman - surviving large losses_ financial crises, the middle class, and the development of capital markets (2007).pdf","shared","resources/source-material/shared/Hoffman - Surviving Large Losses_ Financial Crises, the Middle Class, and the Development of Capital Markets (2007).pdf","Hoffman - Surviving Large Losses_ Financial Crises, the Middle Class, and the Development of Capital Markets (2007).pdf","Hoffman - Surviving Large Losses_ Financial Crises, the Middle Class, and the Development of Capital Markets (2007).pdf",".pdf","1353503","6592F6334E84BF4E3D87E21DB994FD2F9C8612220286AD6A69111E322BBA8306","2026-06-17T21:41:06Z"
"SHARED","hoffman, kunze - linear algebra (prentice-hall, edition 2, 1971).pdf","shared","resources/source-material/shared/Hoffman, Kunze - Linear Algebra (Prentice-Hall, Edition 2, 1971).pdf","Hoffman, Kunze - Linear Algebra (Prentice-Hall, Edition 2, 1971).pdf","Hoffman, Kunze - Linear Algebra (Prentice-Hall, Edition 2, 1971).pdf",".pdf","21030833","093DD61988F9B9DE625B7FEAD376E1EA4D820EBB4B0642AEED9581DA397F7313","2026-06-17T21:41:06Z"
"SHARED","hollander d.b. money in the late roman republic (brill, 2007)(isbn 9004156496)(o)(209s)_gh_.pdf","shared","resources/source-material/shared/Hollander D.B. Money in the late Roman Republic (Brill, 2007)(ISBN 9004156496)(O)(209s)_GH_.pdf","Hollander D.B. Money in the late Roman Republic (Brill, 2007)(ISBN 9004156496)(O)(209s)_GH_.pdf","Hollander D.B. Money in the late Roman Republic (Brill, 2007)(ISBN 9004156496)(O)(209s)_GH_.pdf",".pdf","1238801","2DC5FFB69DA6771E2616D9ED12B1A093EF5585EFBF11A73F330E8FDE4BA20414","2026-06-17T21:41:06Z"
"SHARED","homer s., sylla r. a history of interest rates (4ed., wiley, 2005)(isbn 0471732834)(733s)_gh_.pdf","shared","resources/source-material/shared/Homer S., Sylla R. A history of interest rates (4ed., Wiley, 2005)(ISBN 0471732834)(733s)_GH_.pdf","Homer S., Sylla R. A history of interest rates (4ed., Wiley, 2005)(ISBN 0471732834)(733s)_GH_.pdf","Homer S., Sylla R. A history of interest rates (4ed., Wiley, 2005)(ISBN 0471732834)(733s)_GH_.pdf",".pdf","11230852","FD1DCCA928E2AEBC50CA49616F6A0680CBD297DFE12AFF1321ABA7F8DD0F1E46","2026-06-17T21:41:07Z"
"SHARED","horwitz - hedge fund risk fundamentals_ solving the risk management and transparency challenge (2004).pdf","shared","resources/source-material/shared/Horwitz - Hedge Fund Risk Fundamentals_ Solving the Risk Management and Transparency Challenge (2004).pdf","Horwitz - Hedge Fund Risk Fundamentals_ Solving the Risk Management and Transparency Challenge (2004).pdf","Horwitz - Hedge Fund Risk Fundamentals_ Solving the Risk Management and Transparency Challenge (2004).pdf",".pdf","20092013","CF8493B37080F26085D4EE4789E879F5D46A1F211577647A9DFD647FC8AE07EB","2026-06-17T21:41:07Z"
"SHARED","how the rigged economics of the meat and dairy industries are encouraging you to consume way more than you shouldand - david robinson simon meatonomics (2013).epub","shared","resources/source-material/shared/How the Rigged Economics of the Meat and Dairy Industries Are Encouraging You to Consume Way More Than You Shouldand - David Robinson Simon Meatonomics (2013).epub","How the Rigged Economics of the Meat and Dairy Industries Are Encouraging You to Consume Way More Than You Shouldand - David Robinson Simon Meatonomics (2013).epub","How the Rigged Economics of the Meat and Dairy Industries Are Encouraging You to Consume Way More Than You Shouldand - David Robinson Simon Meatonomics (2013).epub",".epub","2120130","7F4998DBCAC302C3BEA6404B272B0A1D869BE4FFD63CAFFA85A4DE48B14E791C","2026-06-17T21:41:07Z"
"SHARED","how the west was lost.epub","shared","resources/source-material/shared/How The West Was Lost.epub","How The West Was Lost.epub","How The West Was Lost.epub",".epub","1931876","E82E691E94A3CF5499ECF4552166398E9705A545F75427CFE5849AB8A804DF3A","2026-06-17T21:41:07Z"
"SHARED","how to research 2006.pdf","shared","resources/source-material/shared/How to Research 2006.pdf","How to Research 2006.pdf","How to Research 2006.pdf",".pdf","1212255","3B8FD48D8DC41134A492C1D5B05EA1638E3D59A4471543DBF58BD2CC8C19D17B","2026-06-17T21:41:07Z"
"SHARED","howarth d., loedel p. the european central bank (palgrave, 2003)(isbn 0333924932)(264s)_gk_.pdf","shared","resources/source-material/shared/Howarth D., Loedel P. The European Central Bank (Palgrave, 2003)(ISBN 0333924932)(264s)_GK_.pdf","Howarth D., Loedel P. The European Central Bank (Palgrave, 2003)(ISBN 0333924932)(264s)_GK_.pdf","Howarth D., Loedel P. The European Central Bank (Palgrave, 2003)(ISBN 0333924932)(264s)_GK_.pdf",".pdf","763306","4963998D3DD8842C73029F71FFEDE0AE720DAEF6D1BC601B2577BF0D7B8DF40E","2026-06-17T21:41:07Z"
"SHARED","howden (ed.) - institutions in crisis_ european perspectives on the recession (2011).pdf","shared","resources/source-material/shared/Howden (Ed.) - Institutions in Crisis_ European Perspectives on the Recession (2011).pdf","Howden (Ed.) - Institutions in Crisis_ European Perspectives on the Recession (2011).pdf","Howden (Ed.) - Institutions in Crisis_ European Perspectives on the Recession (2011).pdf",".pdf","5149313","C013C4E76DD13CD921C63325CEB956E61AF7581FF1DB27F6CCB5D3E8A8627EB2","2026-06-17T21:41:07Z"
"SHARED","huang - determinants of financial development (2010).pdf","shared","resources/source-material/shared/Huang - Determinants of Financial Development (2010).pdf","Huang - Determinants of Financial Development (2010).pdf","Huang - Determinants of Financial Development (2010).pdf",".pdf","2305822","A7DBFA3A67BDAE4CA7FB8F55247DCADC2BDE31F68150D404FBDCB5B0AC17B4E2","2026-06-17T21:41:07Z"
"SHARED","hubbard & navarro - seeds of destruction_ why the path to economic ruin runs through washington, and how to reclaim american prosperity (2010).pdf","shared","resources/source-material/shared/Hubbard & Navarro - Seeds of Destruction_ Why The Path To Economic Ruin Runs Through Washington, and How To Reclaim American Prosperity (2010).pdf","Hubbard & Navarro - Seeds of Destruction_ Why The Path To Economic Ruin Runs Through Washington, and How To Reclaim American Prosperity (2010).pdf","Hubbard & Navarro - Seeds of Destruction_ Why The Path To Economic Ruin Runs Through Washington, and How To Reclaim American Prosperity (2010).pdf",".pdf","4420424","9FC8FFCEACC63CADA7AEBB0DF6F068A278C05C72B7C7D93490C09D67EA82F79F","2026-06-17T21:41:07Z"
"SHARED","hubbard (ed.) - financial markets and financial crises (1991).pdf","shared","resources/source-material/shared/Hubbard (Ed.) - Financial Markets and Financial Crises (1991).pdf","Hubbard (Ed.) - Financial Markets and Financial Crises (1991).pdf","Hubbard (Ed.) - Financial Markets and Financial Crises (1991).pdf",".pdf","5102097","3C89D4383BC9416D106DFD791E2BC1DBB012DFBD1572EC90FACF1A3C029FBBD5","2026-06-17T21:41:07Z"
"SHARED","huber & robertson - creating new money_ a monetary reform for the information age (2000).pdf","shared","resources/source-material/shared/Huber & Robertson - Creating New Money_ A Monetary Reform for the Information Age (2000).pdf","Huber & Robertson - Creating New Money_ A Monetary Reform for the Information Age (2000).pdf","Huber & Robertson - Creating New Money_ A Monetary Reform for the Information Age (2000).pdf",".pdf","16532125","B8316FEF1E09D601C7CBF272FB9C1293C66AB15C3B3AEDDB2450199C9FF7C01C","2026-06-17T21:41:07Z"
"SHARED","hudson - the monster_ how a gang of predatory lenders and wall street bankers fleeced america and spawned a global crisis (2010).epub","shared","resources/source-material/shared/Hudson - The Monster_ How a Gang of Predatory Lenders and Wall Street Bankers Fleeced America and Spawned a Global Crisis (2010).epub","Hudson - The Monster_ How a Gang of Predatory Lenders and Wall Street Bankers Fleeced America and Spawned a Global Crisis (2010).epub","Hudson - The Monster_ How a Gang of Predatory Lenders and Wall Street Bankers Fleeced America and Spawned a Global Crisis (2010).epub",".epub","559180","94940145A0C72D26C4BDBE9A1A7FBE8046CEFC5856272CC18705C35238AFFDCD","2026-06-17T21:41:07Z"
"SHARED","hudson.super imperialism  (2003).djvu","shared","resources/source-material/shared/Hudson.Super Imperialism  (2003).djvu","Hudson.Super Imperialism  (2003).djvu","Hudson.Super Imperialism  (2003).djvu",".djvu","2659024","CFFC7BA79431B12BA00CF56A4D02F41A4AD39CAF530F428AD4A1EF3900A3EF8E","2026-06-17T21:41:07Z"
"SHARED","hudson.the monster - how ... wall street bankers fleeced america (2011).epub","shared","resources/source-material/shared/Hudson.The Monster - How ... Wall Street Bankers Fleeced America (2011).epub","Hudson.The Monster - How ... Wall Street Bankers Fleeced America (2011).epub","Hudson.The Monster - How ... Wall Street Bankers Fleeced America (2011).epub",".epub","484134","9ACD0B4E30C5E8E76BFACA7A4D494FA83B96FF253C0480DA17A05AD7432D64AC","2026-06-17T21:41:07Z"
"SHARED","huffington - pigs at the trough_ how corporate greed and political corruption are undermining america (2009).epub","shared","resources/source-material/shared/Huffington - Pigs at the Trough_ How Corporate Greed and Political Corruption are Undermining America (2009).epub","Huffington - Pigs at the Trough_ How Corporate Greed and Political Corruption are Undermining America (2009).epub","Huffington - Pigs at the Trough_ How Corporate Greed and Political Corruption are Undermining America (2009).epub",".epub","2097210","1D93EB5DC3A236ED5BD70AAD10EFF9D3782D8FF7C29BCD7BEAA91DD1E2EFB799","2026-06-17T21:41:07Z"
"SHARED","hyndman r., et al. forecasting with exponential smoothing (springer, 2008)(isbn 3540719164)(356s)_gl_.pdf","shared","resources/source-material/shared/Hyndman R., et al. Forecasting with exponential smoothing (Springer, 2008)(ISBN 3540719164)(356s)_GL_.pdf","Hyndman R., et al. Forecasting with exponential smoothing (Springer, 2008)(ISBN 3540719164)(356s)_GL_.pdf","Hyndman R., et al. Forecasting with exponential smoothing (Springer, 2008)(ISBN 3540719164)(356s)_GL_.pdf",".pdf","2294140","C8EE83927D235BF135CDF63C8F9C2AFD4F4492230DDE9DDE18788E8AC66937B7","2026-06-17T21:41:07Z"
"SHARED","hypothesis testing in the market model.pdf","shared","resources/source-material/shared/Hypothesis Testing in the Market Model.pdf","Hypothesis Testing in the Market Model.pdf","Hypothesis Testing in the Market Model.pdf",".pdf","161797","A3878070C09ACBC16593198ED1BD351FABEAD754E697AD84D594F12C99BB468F","2026-06-17T21:41:07Z"
"SHARED","i just ran two mil regressions.pdf","shared","resources/source-material/shared/I Just Ran Two Mil Regressions.pdf","I Just Ran Two Mil Regressions.pdf","I Just Ran Two Mil Regressions.pdf",".pdf","725075","6B3B8F2586D20C57A6393C7D244E486732D6A807D2CE207228D8378787AD187C","2026-06-17T21:41:07Z"
"SHARED","identification of econometric models.pdf","shared","resources/source-material/shared/Identification of Econometric Models.PDF","Identification of Econometric Models.PDF","Identification of Econometric Models.PDF",".pdf","3085880","34A7F257B0F11B2998FB4C08ADB32E14229766E0913AE7AC16460385D6471692","2026-06-17T21:41:07Z"
"SHARED","idiots guide - complete idiots guide to small business.pdf","shared","resources/source-material/shared/IDIOTS GUIDE - Complete Idiots Guide to Small Business.pdf","IDIOTS GUIDE - Complete Idiots Guide to Small Business.pdf","IDIOTS GUIDE - Complete Idiots Guide to Small Business.pdf",".pdf","17246558","10F0386155388D43F89F9D778DB917BBCD5CCCA4E1478BE5EA3CEA664FD67E50","2026-06-17T21:41:07Z"
"SHARED","ignacio palacios-huerta - beautiful game theory [2014][a].pdf","shared","resources/source-material/shared/Ignacio Palacios-Huerta - Beautiful Game Theory [2014][A].pdf","Ignacio Palacios-Huerta - Beautiful Game Theory [2014][A].pdf","Ignacio Palacios-Huerta - Beautiful Game Theory [2014][A].pdf",".pdf","5824269","FC2DF1F12C2384D01480AAD6C7A89C141494CA04E78D5805CDFC9416EB2E78EF","2026-06-17T21:41:07Z"
"SHARED","ik22d.handbook.of.the.economics.of.risk.and.uncertainty.volume.1.pdf","shared","resources/source-material/shared/ik22d.Handbook.of.the.Economics.of.Risk.and.Uncertainty.Volume.1.pdf","ik22d.Handbook.of.the.Economics.of.Risk.and.Uncertainty.Volume.1.pdf","ik22d.Handbook.of.the.Economics.of.Risk.and.Uncertainty.Volume.1.pdf",".pdf","9286862","15D518D67C463F6BC29B8AFB25F0189001A36426816CB66F1355A751CD7EFFC9","2026-06-17T21:41:07Z"
"SHARED","iley & lewis - untangling the us deficit_ evaluating causes, cures and global imbalances (2007).pdf","shared","resources/source-material/shared/Iley & Lewis - Untangling the US Deficit_ Evaluating Causes, Cures and Global Imbalances (2007).pdf","Iley & Lewis - Untangling the US Deficit_ Evaluating Causes, Cures and Global Imbalances (2007).pdf","Iley & Lewis - Untangling the US Deficit_ Evaluating Causes, Cures and Global Imbalances (2007).pdf",".pdf","1536245","BF867CEAA31CA6200A99E007B73DEE3F3A77AE7F623DC664CB56451118E59025","2026-06-17T21:41:07Z"
"SHARED","imagine_ living in a socialist  - goldin, frances.mobi","shared","resources/source-material/shared/Imagine_ Living in a Socialist  - Goldin, Frances.mobi","Imagine_ Living in a Socialist  - Goldin, Frances.mobi","Imagine_ Living in a Socialist  - Goldin, Frances.mobi",".mobi","458042","7172143A765C46A6E5AB73DF1CE3684518CE831E2576CC9A5BC0DD9B9F62372E","2026-06-17T21:41:07Z"
"SHARED","implementing nonparametric and semiparametric estimators.pdf","shared","resources/source-material/shared/Implementing Nonparametric and Semiparametric Estimators.pdf","Implementing Nonparametric and Semiparametric Estimators.pdf","Implementing Nonparametric and Semiparametric Estimators.pdf",".pdf","938008","BE81A88E5E219B44DDA452FD1D3504ACCF9BC1E76A790812D96AAF3E3A2FEFE0","2026-06-17T21:41:07Z"
"SHARED","independent and stationary sequences of random variables (438 pages).pdf","shared","resources/source-material/shared/INDEPENDENT AND STATIONARY SEQUENCES OF RANDOM VARIABLES (438 pages).pdf","INDEPENDENT AND STATIONARY SEQUENCES OF RANDOM VARIABLES (438 pages).pdf","INDEPENDENT AND STATIONARY SEQUENCES OF RANDOM VARIABLES (438 pages).pdf",".pdf","14615642","757B561BC9F2F5627E07BAEBE621C102D662EB038AA6193F1F00BDDF9C2616D4","2026-06-17T21:41:07Z"
"SHARED","inference and causalitry in economic time series models.pdf","shared","resources/source-material/shared/Inference and Causalitry in Economic Time Series Models.PDF","Inference and Causalitry in Economic Time Series Models.PDF","Inference and Causalitry in Economic Time Series Models.PDF",".pdf","2552371","37B680B91631A0E1778831E090A2A66DF3B393E4881D39280C4B1AACC2C0DB45","2026-06-17T21:41:07Z"
"SHARED","inside volatility arbitrage-javaheri.pdf","shared","resources/source-material/shared/Inside Volatility Arbitrage-Javaheri.pdf","Inside Volatility Arbitrage-Javaheri.pdf","Inside Volatility Arbitrage-Javaheri.pdf",".pdf","5199797","0129DA6F349DF0B61992FB7CB138178E5F924673C9E3B2800A7F1A1593FF7F28","2026-06-17T21:41:08Z"
"SHARED","insider_s guide to trading the world_s stock markets.pdf","shared","resources/source-material/shared/Insider_s Guide to Trading the World_s Stock Markets.pdf","Insider_s Guide to Trading the World_s Stock Markets.pdf","Insider_s Guide to Trading the World_s Stock Markets.pdf",".pdf","2881066","3C3BB9928A4FEC72D6616237EBCDC288DE8DB807420F9B766A3D0AF4FDB3D32A","2026-06-17T21:41:08Z"
"SHARED","integral equation methods.pdf","shared","resources/source-material/shared/Integral Equation Methods.pdf","Integral Equation Methods.pdf","Integral Equation Methods.pdf",".pdf","16228041","4198F313473A12515A061556540A0B9670B9DC91A8277740428E2E8416FE94FB","2026-06-17T21:41:08Z"
"SHARED","intro to linear algebra.pdf","shared","resources/source-material/shared/Intro to Linear Algebra.pdf","Intro to Linear Algebra.pdf","Intro to Linear Algebra.pdf",".pdf","85295","2A2EFDDFFA13D74B71820E3617C761F8B1D20DE93F193715379B2EA5573F6B39","2026-06-17T21:41:08Z"
"SHARED","intro to maths for economics.pdf","shared","resources/source-material/shared/Intro to Maths for Economics.pdf","Intro to Maths for Economics.pdf","Intro to Maths for Economics.pdf",".pdf","862850","E10C089D112AE299D9C8BB83E583038C2E8C938862CC0BE07FCD113C8A3D11CE","2026-06-17T21:41:08Z"
"SHARED","intro_to_austrian_economics.pdf","shared","resources/source-material/shared/intro_to_austrian_economics.pdf","intro_to_austrian_economics.pdf","intro_to_austrian_economics.pdf",".pdf","6215545","F86BFBE3DD905E25BBFB360CF797E455A178C82F31EC0119EC6EC0B1DAED675D","2026-06-17T21:41:08Z"
"SHARED","introduction to algorithms 3rd edition.pdf","shared","resources/source-material/shared/Introduction to Algorithms 3rd Edition.pdf","Introduction to Algorithms 3rd Edition.pdf","Introduction to Algorithms 3rd Edition.pdf",".pdf","5076764","780800ADC787535F1ABA5083D71CF42384FBB80D40A4E2AEA68E827092A6E32E","2026-06-17T21:41:08Z"
"SHARED","introduction to computational finance and financial econometrics by eric zivot.pdf","shared","resources/source-material/shared/Introduction to Computational Finance and Financial Econometrics by Eric Zivot.pdf","Introduction to Computational Finance and Financial Econometrics by Eric Zivot.pdf","Introduction to Computational Finance and Financial Econometrics by Eric Zivot.pdf",".pdf","5226986","E697CF39E1DAA5C4C19D26E69C54CD18F168A0068EE2FA0B28F64A717A1366EF","2026-06-17T21:41:08Z"
"SHARED","introduction to computational finance without agonizing pain.pdf","shared","resources/source-material/shared/Introduction to Computational Finance without Agonizing pain.pdf","Introduction to Computational Finance without Agonizing pain.pdf","Introduction to Computational Finance without Agonizing pain.pdf",".pdf","962624","173153504C32E6A19A8B2710DC9F674DBA95DCD40FFC03ED1EC3C4FA30E65977","2026-06-17T21:41:08Z"
"SHARED","introduction to economic analysis by preston mcafee (344 pages).pdf","shared","resources/source-material/shared/Introduction to Economic Analysis by Preston McAfee (344 pages).pdf","Introduction to Economic Analysis by Preston McAfee (344 pages).pdf","Introduction to Economic Analysis by Preston McAfee (344 pages).pdf",".pdf","2127681","21AEF1B9CE78180A12FE099C243F4CE8325BB2793C3C0E3DA9274F8B7734631E","2026-06-17T21:41:08Z"
"SHARED","introduction to economic analysis.pdf","shared","resources/source-material/shared/Introduction to Economic Analysis.pdf","Introduction to Economic Analysis.pdf","Introduction to Economic Analysis.pdf",".pdf","2038380","CE7098D761640E60471FA06876D67B671A8BD97B8702D478B2DF65A4F1919C7F","2026-06-17T21:41:08Z"
"SHARED","introduction to mathematical finance-ross.pdf","shared","resources/source-material/shared/Introduction to Mathematical Finance-Ross.pdf","Introduction to Mathematical Finance-Ross.pdf","Introduction to Mathematical Finance-Ross.pdf",".pdf","39310354","9E8DF3D346AB2E383408258F3A196155F47477000B04DD4E8E4C680445D0D2A8","2026-06-17T21:41:08Z"
"SHARED","introduction to mathematical statist.pdf","shared","resources/source-material/shared/Introduction to mathematical statist.pdf","Introduction to mathematical statist.pdf","Introduction to mathematical statist.pdf",".pdf","15318816","66F235332088A57813735C9F5B937BFF09BD3B457E79A299F2372E119E4B1654","2026-06-17T21:41:08Z"
"SHARED","introduction to possibility.pdf","shared","resources/source-material/shared/Introduction to Possibility.pdf","Introduction to Possibility.pdf","Introduction to Possibility.pdf",".pdf","2452926","FA392C790A25EB8BCF44AAE7B2CC844C1D2B08BCD3DF430ACF6E71A291200907","2026-06-17T21:41:08Z"
"SHARED","introduction to probability and statistics using r.pdf","shared","resources/source-material/shared/Introduction to Probability and Statistics Using R.pdf","Introduction to Probability and Statistics Using R.pdf","Introduction to Probability and Statistics Using R.pdf",".pdf","2423680","AAB05B627E523D8256BA1D3FA5734E3EC616C9378497E01A4A20AAA3CE549EC6","2026-06-17T21:41:08Z"
"SHARED","introduction to quantitative finance.pdf","shared","resources/source-material/shared/Introduction to Quantitative Finance.pdf","Introduction to Quantitative Finance.pdf","Introduction to Quantitative Finance.pdf",".pdf","14464363","49F8E3E5306A4671D58B4B46E68759E2404D3FC8D73EA83ED4FC612F29DA904B","2026-06-17T21:41:08Z"
"SHARED","introduction to spatial analysis in r.pdf","shared","resources/source-material/shared/Introduction to Spatial Analysis in R.pdf","Introduction to Spatial Analysis in R.pdf","Introduction to Spatial Analysis in R.pdf",".pdf","135144","E098FEAB794A99A16C95457FEF5B277FDF3E4D8E9EF3BA81CFD1F03B441BAD80","2026-06-17T21:41:08Z"
"SHARED","introduction to stochastic differential equations 1.2 - evans l c.pdf","shared","resources/source-material/shared/Introduction To Stochastic Differential Equations 1.2 - Evans L C.pdf","Introduction To Stochastic Differential Equations 1.2 - Evans L C.pdf","Introduction To Stochastic Differential Equations 1.2 - Evans L C.pdf",".pdf","1342313","F6A9F4F369C7948F175EBE9CA2E3F0A143234442418B450CD2D52054E3025910","2026-06-17T21:41:08Z"
"SHARED","introduction_to_cost_and_management_accounting.pdf","shared","resources/source-material/shared/Introduction_To_Cost_And_Management_Accounting.pdf","Introduction_To_Cost_And_Management_Accounting.pdf","Introduction_To_Cost_And_Management_Accounting.pdf",".pdf","153516","C67D6E035896F0858F79183A7282F630F91872554F32057B49CC3960944909C6","2026-06-17T21:41:08Z"
"SHARED","investing for dummies, 6th edition.pdf","shared","resources/source-material/shared/Investing For Dummies, 6th Edition.pdf","Investing For Dummies, 6th Edition.pdf","Investing For Dummies, 6th Edition.pdf",".pdf","4810552","12E8F0239E68676869A004912D4A4774899BED7459367B279BD18D431713FC47","2026-06-17T21:41:08Z"
"SHARED","investing.in.hedge.funds-a.guide.to.measuring.risk.and.return.characteristics-www.mtws.blogfa.com.pdf","shared","resources/source-material/shared/Investing.in.Hedge.Funds-A.Guide.to.Measuring.Risk.and.Return.Characteristics-www.mtws.blogfa.com.pdf","Investing.in.Hedge.Funds-A.Guide.to.Measuring.Risk.and.Return.Characteristics-www.mtws.blogfa.com.pdf","Investing.in.Hedge.Funds-A.Guide.to.Measuring.Risk.and.Return.Characteristics-www.mtws.blogfa.com.pdf",".pdf","4765523","2F2EFB3E20C17EB436AE29B7627A6592AC225C2DB3B2181BFC3AB55C890F6AF3","2026-06-17T21:41:08Z"
"SHARED","irvine - zombies, bananas and why there are no economists in heaven (2012).epub","shared","resources/source-material/shared/Irvine - Zombies, Bananas and Why There Are No Economists in Heaven (2012).epub","Irvine - Zombies, Bananas and Why There Are No Economists in Heaven (2012).epub","Irvine - Zombies, Bananas and Why There Are No Economists in Heaven (2012).epub",".epub","5237840","ECAAA65AC15C4C2DF8CB44012759B999252C7E565EB6DAC517658C7C87859A70","2026-06-17T21:41:08Z"
"SHARED","islamic finance for dummies, faleel jamaldeen, 2012.epub","shared","resources/source-material/shared/Islamic Finance For Dummies, Faleel Jamaldeen, 2012.epub","Islamic Finance For Dummies, Faleel Jamaldeen, 2012.epub","Islamic Finance For Dummies, Faleel Jamaldeen, 2012.epub",".epub","2736299","D149BF91364D693A17F3081172B42D683407E6B926B2D12C4FE37B7B4AA0112D","2026-06-17T21:41:08Z"
"SHARED","ivry - the seven sins of wall street_ big banks, their washington lackeys, and the next financial crisis (2014).epub","shared","resources/source-material/shared/Ivry - The Seven Sins of Wall Street_ Big Banks, Their Washington Lackeys, and the Next Financial Crisis (2014).epub","Ivry - The Seven Sins of Wall Street_ Big Banks, Their Washington Lackeys, and the Next Financial Crisis (2014).epub","Ivry - The Seven Sins of Wall Street_ Big Banks, Their Washington Lackeys, and the Next Financial Crisis (2014).epub",".epub","498774","D98CCB95210D619B7B82D2EEA0257018F39AD790B0CC1D4CD01CD1C50C24644C","2026-06-17T21:41:08Z"
"SHARED","j.sloman_-_economics_6th_-_2006.pdf","shared","resources/source-material/shared/J.Sloman_-_Economics_6th_-_2006.pdf","J.Sloman_-_Economics_6th_-_2006.pdf","J.Sloman_-_Economics_6th_-_2006.pdf",".pdf","28708805","B8CE480C116D6B369600C35EAA2A463BC9ED2C3CE547BF06603A2AE5E9196EFD","2026-06-17T21:41:09Z"
"SHARED","jackson.prosperity without growth (2009).pdf","shared","resources/source-material/shared/Jackson.Prosperity Without Growth (2009).pdf","Jackson.Prosperity Without Growth (2009).pdf","Jackson.Prosperity Without Growth (2009).pdf",".pdf","1111739","F8A51A1ED1CA2C2801E1D132F751388009D8C4200F1D434FD13B6407091018B4","2026-06-17T21:41:09Z"
"SHARED","james lesage, robert kelley pace-introduction to spatial econometrics (statistics_  a series of textbooks and monographs)-chapman and hall_crc (2009).pdf","shared","resources/source-material/shared/James LeSage, Robert Kelley Pace-Introduction to Spatial Econometrics (Statistics_  A Series of Textbooks and Monographs)-Chapman and Hall_CRC (2009).pdf","James LeSage, Robert Kelley Pace-Introduction to Spatial Econometrics (Statistics_  A Series of Textbooks and Monographs)-Chapman and Hall_CRC (2009).pdf","James LeSage, Robert Kelley Pace-Introduction to Spatial Econometrics (Statistics_  A Series of Textbooks and Monographs)-Chapman and Hall_CRC (2009).pdf",".pdf","2910470","B7BD4655799A538E44EBFDD09DBD56E5393A99820A89341A0D78A19EC7448B12","2026-06-17T21:41:09Z"
"SHARED","jao y.c. the asian financial crisis and the ordeal of hong kong (quorum books, 2001)(isbn 1567204473)(233s)_gi_.pdf","shared","resources/source-material/shared/Jao Y.C. The Asian financial crisis and the ordeal of Hong Kong (Quorum Books, 2001)(ISBN 1567204473)(233s)_GI_.pdf","Jao Y.C. The Asian financial crisis and the ordeal of Hong Kong (Quorum Books, 2001)(ISBN 1567204473)(233s)_GI_.pdf","Jao Y.C. The Asian financial crisis and the ordeal of Hong Kong (Quorum Books, 2001)(ISBN 1567204473)(233s)_GI_.pdf",".pdf","1016837","B41579AD6E6BABC6704DD70C80FEF3BF11B26A6B2B954C4BDA976906731A887D","2026-06-17T21:41:09Z"
"SHARED","jeremiah - the coming economic armageddon_ what bible prophecy warns about the new global economy (2010).pdf","shared","resources/source-material/shared/Jeremiah - The Coming Economic Armageddon_ What Bible Prophecy Warns about the New Global Economy (2010).pdf","Jeremiah - The Coming Economic Armageddon_ What Bible Prophecy Warns about the New Global Economy (2010).pdf","Jeremiah - The Coming Economic Armageddon_ What Bible Prophecy Warns about the New Global Economy (2010).pdf",".pdf","15747243","FBA358089601A155EEDEEC6DD0982E8F6427B751CA194B35976CBDBDAF7FCB3C","2026-06-17T21:41:09Z"
"SHARED","jickling - barriers to corporate fraud (2009).pdf","shared","resources/source-material/shared/Jickling - Barriers to Corporate Fraud (2009).pdf","Jickling - Barriers to Corporate Fraud (2009).pdf","Jickling - Barriers to Corporate Fraud (2009).pdf",".pdf","5492804","053DD552AEBA6064B308E85FEBEF45D37B907A580E8A2BD75107DAC9925E3C32","2026-06-17T21:41:09Z"
"SHARED","johansen s. likelihood-based inference in cointegrated vector autoregressive models (oup, 1995)(isbn 0198774508)(o)(280s)_gl_.pdf","shared","resources/source-material/shared/Johansen S. Likelihood-based inference in cointegrated vector autoregressive models (OUP, 1995)(ISBN 0198774508)(O)(280s)_GL_.pdf","Johansen S. Likelihood-based inference in cointegrated vector autoregressive models (OUP, 1995)(ISBN 0198774508)(O)(280s)_GL_.pdf","Johansen S. Likelihood-based inference in cointegrated vector autoregressive models (OUP, 1995)(ISBN 0198774508)(O)(280s)_GL_.pdf",".pdf","4058543","6079AF6471A21819C8DABA32582418A204F53AD1C23487A26F377D94DF654CA5","2026-06-17T21:41:09Z"
"SHARED","john wiley & sons - 2003 - pricing communication networks. economics, technology and modelling - isbn 0470851309 - 368s - jakarta-underground.pdf","shared","resources/source-material/shared/John Wiley & Sons - 2003 - Pricing Communication Networks. Economics, Technology and Modelling - ISBN 0470851309 - 368s - Jakarta-Underground.pdf","John Wiley & Sons - 2003 - Pricing Communication Networks. Economics, Technology and Modelling - ISBN 0470851309 - 368s - Jakarta-Underground.pdf","John Wiley & Sons - 2003 - Pricing Communication Networks. Economics, Technology and Modelling - ISBN 0470851309 - 368s - Jakarta-Underground.pdf",".pdf","3308558","EA86A056202744E69F6EF68DABFF52344CCD4884EBA5FB0974E09AE339DDE18A","2026-06-17T21:41:09Z"
"SHARED","john wiley & sons - accounting reference desktop.pdf","shared","resources/source-material/shared/John Wiley & Sons - Accounting Reference Desktop.pdf","John Wiley & Sons - Accounting Reference Desktop.pdf","John Wiley & Sons - Accounting Reference Desktop.pdf",".pdf","4254660","8D52D9177084C78C5861521279DFF8A69F7B32217ECB9B8ABDA32CE7EC0555DD","2026-06-17T21:41:09Z"
"SHARED","john wiley & sons - economics of conflict - private sector activity in armed conflict.pdf","shared","resources/source-material/shared/John Wiley & Sons - Economics Of Conflict - Private Sector Activity In Armed Conflict.pdf","John Wiley & Sons - Economics Of Conflict - Private Sector Activity In Armed Conflict.pdf","John Wiley & Sons - Economics Of Conflict - Private Sector Activity In Armed Conflict.pdf",".pdf","787525","8DC426697E10EE4F5E590F513E0E02DED70F05AC2EF2C76442BD4EFE2FB0B136","2026-06-17T21:41:09Z"
"SHARED","john wiley & sons - interpretation and application of international accounting standards 2003.pdf","shared","resources/source-material/shared/John Wiley & Sons - Interpretation And Application Of International Accounting Standards 2003.pdf","John Wiley & Sons - Interpretation And Application Of International Accounting Standards 2003.pdf","John Wiley & Sons - Interpretation And Application Of International Accounting Standards 2003.pdf",".pdf","20680002","2ECDBF17E9488977E7E112C2DD0B01F4FB857A31C3B9BAA1450CF92C7E5A141F","2026-06-17T21:41:09Z"
"SHARED","john wiley & sons - the 7 irrefutable rules of small business growth - 2005.pdf","shared","resources/source-material/shared/John Wiley & Sons - The 7 Irrefutable Rules of Small Business Growth - 2005.pdf","John Wiley & Sons - The 7 Irrefutable Rules of Small Business Growth - 2005.pdf","John Wiley & Sons - The 7 Irrefutable Rules of Small Business Growth - 2005.pdf",".pdf","2055917","1D52B8CE30B7CCE963D64D95BB76611DF4DAA6E4986565AC8883CBAE13B463F8","2026-06-17T21:41:09Z"
"SHARED","john.wiley.and.sons.hospitality.management.accounting.ebook-lib.pdf","shared","resources/source-material/shared/John.Wiley.And.Sons.Hospitality.Management.Accounting.eBook-LiB.pdf","John.Wiley.And.Sons.Hospitality.Management.Accounting.eBook-LiB.pdf","John.Wiley.And.Sons.Hospitality.Management.Accounting.eBook-LiB.pdf",".pdf","8409223","A3BF495D43BC99B2021063BEF93B70C7CF74D742599CE9D08420DF20D990BBB4","2026-06-17T21:41:09Z"
"SHARED","johnson - life or debt 2010_ a new path to financial freedom (2010).epub","shared","resources/source-material/shared/Johnson - Life or Debt 2010_ a New Path to Financial Freedom (2010).epub","Johnson - Life or Debt 2010_ a New Path to Financial Freedom (2010).epub","Johnson - Life or Debt 2010_ a New Path to Financial Freedom (2010).epub",".epub","1887996","D824A85B5D8F55D501BBABB7D37486DA2F7B3D5F1F4EAF4CFBA9635E98696D05","2026-06-17T21:41:09Z"
"SHARED","johnston - perfectly legal_ the secret campaign to rig our tax system to benefit the super rich - and cheat everybody else (2003).pdf","shared","resources/source-material/shared/Johnston - Perfectly Legal_ the Secret Campaign to Rig Our Tax System to Benefit the Super Rich - and Cheat Everybody Else (2003).pdf","Johnston - Perfectly Legal_ the Secret Campaign to Rig Our Tax System to Benefit the Super Rich - and Cheat Everybody Else (2003).pdf","Johnston - Perfectly Legal_ the Secret Campaign to Rig Our Tax System to Benefit the Super Rich - and Cheat Everybody Else (2003).pdf",".pdf","1023018","CC027D1AC938753E56A7D2429E188BFB2DC2714DAB051811C88E37B62C65E231","2026-06-17T21:41:09Z"
"SHARED","jones (ed.) - challenges of the housing economy_ and international perspectives (2012).pdf","shared","resources/source-material/shared/Jones (Ed.) - Challenges of the Housing Economy_ and International Perspectives (2012).pdf","Jones (Ed.) - Challenges of the Housing Economy_ and International Perspectives (2012).pdf","Jones (Ed.) - Challenges of the Housing Economy_ and International Perspectives (2012).pdf",".pdf","2315573","19F98B24026E9E5C9D4C47B04CA44355304F26F5BCC593EC544669DCE26FE316","2026-06-17T21:41:09Z"
"SHARED","jones g. multinationals and global capitalism (oup, 2005)(isbn 0199272093)(353s)_gi_.pdf","shared","resources/source-material/shared/Jones G. Multinationals and global capitalism (OUP, 2005)(ISBN 0199272093)(353s)_GI_.pdf","Jones G. Multinationals and global capitalism (OUP, 2005)(ISBN 0199272093)(353s)_GI_.pdf","Jones G. Multinationals and global capitalism (OUP, 2005)(ISBN 0199272093)(353s)_GI_.pdf",".pdf","1899773","B6BF4CE9215AF71067E5596B321EEC699D5E8296D00E4E0F4A61091466A01A62","2026-06-17T21:41:09Z"
"SHARED","jonsson - why iceland_ how one of the world_s smallest countries became the meltdown_s biggest casualty (2009).pdf","shared","resources/source-material/shared/Jonsson - Why Iceland_ How One of the World_s Smallest Countries Became the Meltdown_s Biggest Casualty (2009).pdf","Jonsson - Why Iceland_ How One of the World_s Smallest Countries Became the Meltdown_s Biggest Casualty (2009).pdf","Jonsson - Why Iceland_ How One of the World_s Smallest Countries Became the Meltdown_s Biggest Casualty (2009).pdf",".pdf","11326896","29122AF4AE209DCBEB051CF9316D185464BF5B50D224E29F7000648B75618E41","2026-06-17T21:41:09Z"
"SHARED","jonung (eds.) - the great financial crisis in finland and sweden_ the nordic experience of financial liberalization (2009).pdf","shared","resources/source-material/shared/Jonung (eds.) - The Great Financial Crisis in Finland and Sweden_ The Nordic Experience of Financial Liberalization (2009).pdf","Jonung (eds.) - The Great Financial Crisis in Finland and Sweden_ The Nordic Experience of Financial Liberalization (2009).pdf","Jonung (eds.) - The Great Financial Crisis in Finland and Sweden_ The Nordic Experience of Financial Liberalization (2009).pdf",".pdf","1775583","483826D61A26906A3975E04333BA895FBC6C47A0E939F861A28971220E4D68A6","2026-06-17T21:41:09Z"
"SHARED","jorgenson d.w. econometrics (mit, 2000)(isbn 0262100940)(493s)_gl_.pdf","shared","resources/source-material/shared/Jorgenson D.W. Econometrics (MIT, 2000)(ISBN 0262100940)(493s)_GL_.pdf","Jorgenson D.W. Econometrics (MIT, 2000)(ISBN 0262100940)(493s)_GL_.pdf","Jorgenson D.W. Econometrics (MIT, 2000)(ISBN 0262100940)(493s)_GL_.pdf",".pdf","5918800","834685835111776498AC72214EE95B38DC39C6DE61D82222F13C5AE88C260A3F","2026-06-17T21:41:09Z"
"SHARED","kandasamy - linear algebra and smarandache linear algebra.pdf","shared","resources/source-material/shared/Kandasamy - Linear Algebra and Smarandache Linear Algebra.pdf","Kandasamy - Linear Algebra and Smarandache Linear Algebra.pdf","Kandasamy - Linear Algebra and Smarandache Linear Algebra.pdf",".pdf","1193422","57F75ECCE9CAA02D442B7CEB580542A777C4BBB583216DF7E40993E3722AF953","2026-06-17T21:41:09Z"
"SHARED","kaplan - the business start up kit.pdf","shared","resources/source-material/shared/Kaplan - The Business Start Up Kit.pdf","Kaplan - The Business Start Up Kit.pdf","Kaplan - The Business Start Up Kit.pdf",".pdf","1790026","F3B3F961E6C9A07D557F1D680042FB8966C45E264DBB303CC83DE84370C1BB31","2026-06-17T21:41:09Z"
"SHARED","kaplan professional - financing secrets of a millionaire real estate investor - 2003.pdf","shared","resources/source-material/shared/Kaplan Professional - Financing Secrets of a Millionaire Real Estate Investor - 2003.pdf","Kaplan Professional - Financing Secrets of a Millionaire Real Estate Investor - 2003.pdf","Kaplan Professional - Financing Secrets of a Millionaire Real Estate Investor - 2003.pdf",".pdf","4960802","3FBD5F991E01A8B5FDC776D3C68F0311C1EF657878AF56B2DE7B8D6FA5D27EAD","2026-06-17T21:41:09Z"
"SHARED","karadeloglou p., terraza v. (eds.) exchange rates and macroeconomic dynamics (palgrave, 2008)(isbn 0230500625)(258s)_gi_.pdf","shared","resources/source-material/shared/Karadeloglou P., Terraza V. (eds.) Exchange rates and macroeconomic dynamics (Palgrave, 2008)(ISBN 0230500625)(258s)_GI_.pdf","Karadeloglou P., Terraza V. (eds.) Exchange rates and macroeconomic dynamics (Palgrave, 2008)(ISBN 0230500625)(258s)_GI_.pdf","Karadeloglou P., Terraza V. (eds.) Exchange rates and macroeconomic dynamics (Palgrave, 2008)(ISBN 0230500625)(258s)_GI_.pdf",".pdf","1135913","62B6A613F6C3D13858C4FFB610161849A3F0692375B99DE2094DA3F77D6BF1EC","2026-06-17T21:41:09Z"
"SHARED","karasavvoglou & polychronidou (eds.) - economic crisis in europe and the balkans_ problems and prospects (2014).pdf","shared","resources/source-material/shared/Karasavvoglou & Polychronidou (Eds.) - Economic Crisis in Europe and the Balkans_ Problems and Prospects (2014).pdf","Karasavvoglou & Polychronidou (Eds.) - Economic Crisis in Europe and the Balkans_ Problems and Prospects (2014).pdf","Karasavvoglou & Polychronidou (Eds.) - Economic Crisis in Europe and the Balkans_ Problems and Prospects (2014).pdf",".pdf","5006214","5EA4A4BE09A90508C03E5C4274372AD2F7DAA2270B7EDF0845DD905F0FBF0774","2026-06-17T21:41:09Z"
"SHARED","karger - shortchanged_ life and debt in the fringe economy (2005).pdf","shared","resources/source-material/shared/Karger - Shortchanged_ Life and Debt in the Fringe Economy (2005).pdf","Karger - Shortchanged_ Life and Debt in the Fringe Economy (2005).pdf","Karger - Shortchanged_ Life and Debt in the Fringe Economy (2005).pdf",".pdf","968110","02F1A00FB84AC8D009A4268514FE84A27D64345315D56B1699A0DC5CCBD7304B","2026-06-17T21:41:09Z"
"SHARED","kates (ed.) - macroeconomic theory and its failings_ alternative perspectives on the global financial crisis (2010).pdf","shared","resources/source-material/shared/Kates (Ed.) - Macroeconomic Theory and Its Failings_ Alternative Perspectives on the Global Financial Crisis (2010).pdf","Kates (Ed.) - Macroeconomic Theory and Its Failings_ Alternative Perspectives on the Global Financial Crisis (2010).pdf","Kates (Ed.) - Macroeconomic Theory and Its Failings_ Alternative Perspectives on the Global Financial Crisis (2010).pdf",".pdf","13777802","7DB5ACE7748692574D2E0218AB2A5AD65E44CEB3B06E4B2DB7E5C89C6EEAFC7F","2026-06-17T21:41:09Z"
"SHARED","katz & mccormick 2000 the encyclopedia of trading strategies.pdf","shared","resources/source-material/shared/Katz & McCormick 2000 The Encyclopedia of Trading Strategies.pdf","Katz & McCormick 2000 The Encyclopedia of Trading Strategies.pdf","Katz & McCormick 2000 The Encyclopedia of Trading Strategies.pdf",".pdf","5286065","416F25F70E2B36F235F0333985A8809E61C2CD84ECBD4755C3CD5BDA2E311725","2026-06-17T21:41:10Z"
"SHARED","kaufman - the road to financial reformation (2009).pdf","shared","resources/source-material/shared/Kaufman - The Road to Financial Reformation (2009).pdf","Kaufman - The Road to Financial Reformation (2009).pdf","Kaufman - The Road to Financial Reformation (2009).pdf",".pdf","1182111","27C37FF3EC0F8DBFA5005AB884692671593FF591A47710BDBE834B65609526CF","2026-06-17T21:41:10Z"
"SHARED","keen.debunking economics expanded (2011).pdf","shared","resources/source-material/shared/Keen.Debunking Economics expanded (2011).pdf","Keen.Debunking Economics expanded (2011).pdf","Keen.Debunking Economics expanded (2011).pdf",".pdf","4427876","233FFBEB097BD7F4808AF20A75F73A161623CE626260BE7ED8F6C705062E061B","2026-06-17T21:41:10Z"
"SHARED","kessler - how to kick ass on wall street_ a survival guide for the wall street typhoon (2012).epub","shared","resources/source-material/shared/Kessler - How to Kick Ass on Wall Street_ a Survival Guide for the Wall Street Typhoon (2012).epub","Kessler - How to Kick Ass on Wall Street_ a Survival Guide for the Wall Street Typhoon (2012).epub","Kessler - How to Kick Ass on Wall Street_ a Survival Guide for the Wall Street Typhoon (2012).epub",".epub","114283","AFDB598F9BC5A92C408BC3631D489A3FC2B21B8649D1C61101FCFEE50AD5D361","2026-06-17T21:41:10Z"
"SHARED","keuzenkamp h.a. probability, econometrics and truth (cup, 2000)(isbn 0521553598)(324s)_gl_.pdf","shared","resources/source-material/shared/Keuzenkamp H.A. Probability, econometrics and truth (CUP, 2000)(ISBN 0521553598)(324s)_GL_.pdf","Keuzenkamp H.A. Probability, econometrics and truth (CUP, 2000)(ISBN 0521553598)(324s)_GL_.pdf","Keuzenkamp H.A. Probability, econometrics and truth (CUP, 2000)(ISBN 0521553598)(324s)_GL_.pdf",".pdf","1273119","339A455A2750EB74D6D1A903635AEF58EEF7672A4A9C7D27083C755ACE38925A","2026-06-17T21:41:10Z"
"SHARED","keynes j.m. the economic consequences of the peace (abika, 2000)(isbn 1603862129)(131s)_gpop_.pdf","shared","resources/source-material/shared/Keynes J.M. The Economic Consequences Of The Peace (Abika, 2000)(ISBN 1603862129)(131s)_GPop_.pdf","Keynes J.M. The Economic Consequences Of The Peace (Abika, 2000)(ISBN 1603862129)(131s)_GPop_.pdf","Keynes J.M. The Economic Consequences Of The Peace (Abika, 2000)(ISBN 1603862129)(131s)_GPop_.pdf",".pdf","346978","CB4E08B5BD5C3A4F548090F74F6E28B576340B80E660B7119075DB6AD143AD64","2026-06-17T21:41:10Z"
"SHARED","keynes j.m. the general theory of employment, interest and money (gutenberg, 2003)(isbn 144867185x)(o)(257s)_gpop_.pdf","shared","resources/source-material/shared/Keynes J.M. The General Theory of Employment, Interest and Money (Gutenberg, 2003)(ISBN 144867185X)(O)(257s)_GPop_.pdf","Keynes J.M. The General Theory of Employment, Interest and Money (Gutenberg, 2003)(ISBN 144867185X)(O)(257s)_GPop_.pdf","Keynes J.M. The General Theory of Employment, Interest and Money (Gutenberg, 2003)(ISBN 144867185X)(O)(257s)_GPop_.pdf",".pdf","808194","5E455672CDFA2F00E94ACA9347152743284EB3C261FAD8811B5B14EF3A8D91F7","2026-06-17T21:41:10Z"
"SHARED","khan - global markets and financial crises in asia_ towards a theory for the 21st century (2004).pdf","shared","resources/source-material/shared/Khan - Global Markets and Financial Crises in Asia_ Towards a Theory for the 21st Century (2004).pdf","Khan - Global Markets and Financial Crises in Asia_ Towards a Theory for the 21st Century (2004).pdf","Khan - Global Markets and Financial Crises in Asia_ Towards a Theory for the 21st Century (2004).pdf",".pdf","1085398","194E82DC45E6D3F8086BD72869C22BB89D988E845696D04C4F13E3EF32E497B2","2026-06-17T21:41:10Z"
"SHARED","khoo - profit from the panic_ how to make your fortune from the worst financial crisis since the great depression (2008).pdf","shared","resources/source-material/shared/Khoo - Profit from the Panic_ How to Make Your Fortune from the Worst Financial Crisis since the Great Depression (2008).pdf","Khoo - Profit from the Panic_ How to Make Your Fortune from the Worst Financial Crisis since the Great Depression (2008).pdf","Khoo - Profit from the Panic_ How to Make Your Fortune from the Worst Financial Crisis since the Great Depression (2008).pdf",".pdf","3979127","F52CB2344EB9855AC16260115F4C1F7A5BEDA885B648A929E1BA611CFC24D33E","2026-06-17T21:41:10Z"
"SHARED","kidd & richter - fighting corruption in asia (2003).pdf","shared","resources/source-material/shared/Kidd & Richter - Fighting Corruption in Asia (2003).pdf","Kidd & Richter - Fighting Corruption in Asia (2003).pdf","Kidd & Richter - Fighting Corruption in Asia (2003).pdf",".pdf","5330989","548262751DCBA73D091982FF6F6EEF1C2A83805FD9A9B2090174B3327C154281","2026-06-17T21:41:10Z"
"SHARED","kindleberger & aliber - manias, panics and crashes_ a history of financial crises (2005).pdf","shared","resources/source-material/shared/Kindleberger & Aliber - Manias, Panics and Crashes_ A History of Financial Crises (2005).pdf","Kindleberger & Aliber - Manias, Panics and Crashes_ A History of Financial Crises (2005).pdf","Kindleberger & Aliber - Manias, Panics and Crashes_ A History of Financial Crises (2005).pdf",".pdf","998621","6C519128D4FC0F206EF09C94AA2D206D2572FFFA7E2ED77E36A6EE5D7609B020","2026-06-17T21:41:10Z"
"SHARED","kindleberger c.p., aliber r. manias,.pdf","shared","resources/source-material/shared/Kindleberger C.P., Aliber R. Manias,.pdf","Kindleberger C.P., Aliber R. Manias,.pdf","Kindleberger C.P., Aliber R. Manias,.pdf",".pdf","1168431","37BEDAD4353B331F38F65D5D76357724296763E9C4B825CC5BBDC0A43ACD09EC","2026-06-17T21:41:10Z"
"SHARED","kindleberger c.p., aliber r.z. manias, panics and crashes.. a history of financial crises (palgrave, 2005)(isbn 140393651x)(318s)_gh_.pdf","shared","resources/source-material/shared/Kindleberger C.P., Aliber R.Z. Manias, Panics and Crashes.. A History of Financial Crises (Palgrave, 2005)(ISBN 140393651X)(318s)_GH_.pdf","Kindleberger C.P., Aliber R.Z. Manias, Panics and Crashes.. A History of Financial Crises (Palgrave, 2005)(ISBN 140393651X)(318s)_GH_.pdf","Kindleberger C.P., Aliber R.Z. Manias, Panics and Crashes.. A History of Financial Crises (Palgrave, 2005)(ISBN 140393651X)(318s)_GH_.pdf",".pdf","998621","6C519128D4FC0F206EF09C94AA2D206D2572FFFA7E2ED77E36A6EE5D7609B020","2026-06-17T21:41:10Z"
"SHARED","king - protect your wealth from the ravages of inflation_ a three-step method (2011).epub","shared","resources/source-material/shared/King - Protect Your Wealth from the Ravages of Inflation_ a Three-Step Method (2011).epub","King - Protect Your Wealth from the Ravages of Inflation_ a Three-Step Method (2011).epub","King - Protect Your Wealth from the Ravages of Inflation_ a Three-Step Method (2011).epub",".epub","4248903","411DD1C9B45E3FD7C725CC5C31FE4C6F307C081AAAB5A9F8D0211D4011545681","2026-06-17T21:41:10Z"
"SHARED","king - the ugly truth about small business_ 50 things that can go wrong.. and what you can do about it (2005).pdf","shared","resources/source-material/shared/King - The Ugly Truth about Small Business_ 50 Things That Can Go Wrong.. and What You Can Do about It (2005).pdf","King - The Ugly Truth about Small Business_ 50 Things That Can Go Wrong.. and What You Can Do about It (2005).pdf","King - The Ugly Truth about Small Business_ 50 Things That Can Go Wrong.. and What You Can Do about It (2005).pdf",".pdf","639738","AED9BE2015E67E89C35E4D6BE102C90ADD8FE77BF07BB481D7CBFD7FB2D21D03","2026-06-17T21:41:10Z"
"SHARED","kinsella.against intellectual property  2008.pdf","shared","resources/source-material/shared/Kinsella.Against Intellectual Property  2008.pdf","Kinsella.Against Intellectual Property  2008.pdf","Kinsella.Against Intellectual Property  2008.pdf",".pdf","349784","938CD8608CB314A802A85084B86CFF35A0FCF842FA71BB0D64E9F199780E0255","2026-06-17T21:41:10Z"
"SHARED","kirchgassner g., wolters j. introduction to modern time series analysis (springer, 2007)(isbn 354073290x)(277s)_gl_.pdf","shared","resources/source-material/shared/Kirchgassner G., Wolters J. Introduction to Modern Time Series Analysis (Springer, 2007)(ISBN 354073290X)(277s)_GL_.pdf","Kirchgassner G., Wolters J. Introduction to Modern Time Series Analysis (Springer, 2007)(ISBN 354073290X)(277s)_GL_.pdf","Kirchgassner G., Wolters J. Introduction to Modern Time Series Analysis (Springer, 2007)(ISBN 354073290X)(277s)_GL_.pdf",".pdf","1623837","B437988CC6BF16268EA0CBD69D229453FF39E59E5BCA55E4CCC567C87D2F4B76","2026-06-17T21:41:10Z"
"SHARED","knopper - appetite for self destruction_ the spectacular crash of the record industry in the digital age (2009).epub","shared","resources/source-material/shared/Knopper - Appetite for Self Destruction_ The Spectacular Crash of the Record Industry in the Digital Age (2009).epub","Knopper - Appetite for Self Destruction_ The Spectacular Crash of the Record Industry in the Digital Age (2009).epub","Knopper - Appetite for Self Destruction_ The Spectacular Crash of the Record Industry in the Digital Age (2009).epub",".epub","534267","411756BD43D6015C065FC0FD953FA61057CDCADA05F43A7263A1BF256278EEF8","2026-06-17T21:41:10Z"
"SHARED","kolb - lessons from the financial crisis_ causes, consequences, and our economic future (2010).pdf","shared","resources/source-material/shared/Kolb - Lessons from the Financial Crisis_ Causes, Consequences, and Our Economic Future (2010).pdf","Kolb - Lessons from the Financial Crisis_ Causes, Consequences, and Our Economic Future (2010).pdf","Kolb - Lessons from the Financial Crisis_ Causes, Consequences, and Our Economic Future (2010).pdf",".pdf","10582762","BEBD7992916173773CBE5CF8511CE05B2D3B924D941EE28B821BD21FAC51779D","2026-06-17T21:41:10Z"
"SHARED","kolb - sovereign debt from safety to default (2011).pdf","shared","resources/source-material/shared/Kolb - Sovereign Debt from Safety to Default (2011).pdf","Kolb - Sovereign Debt from Safety to Default (2011).pdf","Kolb - Sovereign Debt from Safety to Default (2011).pdf",".pdf","2865999","3DFA2D5896F60BCA55D9D6EE40582C9D130C8C6C965FBC75004721800DD114B6","2026-06-17T21:41:10Z"
"SHARED","kolb - the financial crisis of our time (2011).pdf","shared","resources/source-material/shared/Kolb - The Financial Crisis of Our Time (2011).pdf","Kolb - The Financial Crisis of Our Time (2011).pdf","Kolb - The Financial Crisis of Our Time (2011).pdf",".pdf","3532882","13D2BF891236CACF213D95FCCFB1D84E048A3B3F784464E3F7DE00AEBE2D2E34","2026-06-17T21:41:10Z"
"SHARED","kolb (ed.) - financial contagion_ the viral threat to the wealth of nations (2011).pdf","shared","resources/source-material/shared/Kolb (ed.) - Financial Contagion_ The Viral Threat to the Wealth of Nations (2011).pdf","Kolb (ed.) - Financial Contagion_ The Viral Threat to the Wealth of Nations (2011).pdf","Kolb (ed.) - Financial Contagion_ The Viral Threat to the Wealth of Nations (2011).pdf",".pdf","6456096","B66E1048643DEFD22D586F2DA7E720F06419A42A198EF8F12B053E2D0875F621","2026-06-17T21:41:10Z"
"SHARED","konya i. lectures notes in international trade (boston, 2001)(118s)_gi_.pdf","shared","resources/source-material/shared/Konya I. Lectures notes in international trade (Boston, 2001)(118s)_GI_.pdf","Konya I. Lectures notes in international trade (Boston, 2001)(118s)_GI_.pdf","Konya I. Lectures notes in international trade (Boston, 2001)(118s)_GI_.pdf",".pdf","468530","5D0F50B5E015F5A30B1FDD5D6A60D06E57422B0E05DE0B8E8BBBA7659E11E8C8","2026-06-17T21:41:10Z"
"SHARED","koop g. bayesian econometrics (wiley, 2003)(isbn 0470845678)(373s)_gl_.pdf","shared","resources/source-material/shared/Koop G. Bayesian econometrics (Wiley, 2003)(ISBN 0470845678)(373s)_GL_.pdf","Koop G. Bayesian econometrics (Wiley, 2003)(ISBN 0470845678)(373s)_GL_.pdf","Koop G. Bayesian econometrics (Wiley, 2003)(ISBN 0470845678)(373s)_GL_.pdf",".pdf","2419957","1AD9E0BD2113E122BD56D9B2A96D76DE0E48C55CD9DFD4EFBAFD29B9BAD20EC5","2026-06-17T21:41:10Z"
"SHARED","korten - agenda for a new economy_ from phantom wealth to real wealth (2009).pdf","shared","resources/source-material/shared/Korten - Agenda for a New Economy_ From Phantom Wealth to Real Wealth (2009).pdf","Korten - Agenda for a New Economy_ From Phantom Wealth to Real Wealth (2009).pdf","Korten - Agenda for a New Economy_ From Phantom Wealth to Real Wealth (2009).pdf",".pdf","1059472","0B57F98872DC3F31A0BC73A61664079BDA06B6C49794A0ECCD991E810D575609","2026-06-17T21:41:10Z"
"SHARED","kosman - the buyout of america_ how private equity will cause the next great credit crisis (2009).pdf","shared","resources/source-material/shared/Kosman - The Buyout of America_ How Private Equity will Cause the Next Great Credit Crisis (2009).pdf","Kosman - The Buyout of America_ How Private Equity will Cause the Next Great Credit Crisis (2009).pdf","Kosman - The Buyout of America_ How Private Equity will Cause the Next Great Credit Crisis (2009).pdf",".pdf","1204302","DC608C725CD44B9C9AC648CC8753AC62EECF07CB5C4CEE99EE638C2F887A52F0","2026-06-17T21:41:10Z"
"SHARED","kothari - executive greed_ examining business failures that contributed to the economic crisis (2010).pdf","shared","resources/source-material/shared/Kothari - Executive Greed_ Examining Business Failures that Contributed to the Economic Crisis (2010).pdf","Kothari - Executive Greed_ Examining Business Failures that Contributed to the Economic Crisis (2010).pdf","Kothari - Executive Greed_ Examining Business Failures that Contributed to the Economic Crisis (2010).pdf",".pdf","858969","3D08F12C3FCF692F380B48ECA3A6A3FE00668AADBD3A4A488383F87BA985268F","2026-06-17T21:41:10Z"
"SHARED","krattenthaler - advanced determinant calculus.pdf","shared","resources/source-material/shared/Krattenthaler - Advanced determinant calculus.pdf","Krattenthaler - Advanced determinant calculus.pdf","Krattenthaler - Advanced determinant calculus.pdf",".pdf","804199","B0A95C11165EF9A0A68CD910D512D4642956B8973F1592C4B877572441F41135","2026-06-17T21:41:10Z"
"SHARED","kroner - a blueprint for better banking (2009).pdf","shared","resources/source-material/shared/Kroner - A Blueprint for Better Banking (2009).pdf","Kroner - A Blueprint for Better Banking (2009).pdf","Kroner - A Blueprint for Better Banking (2009).pdf",".pdf","2174764","A921720307A774B59E2F54DA75AE209E409B5879DBDF2424B35046FA23CE35C0","2026-06-17T21:41:10Z"
"SHARED","kröse, smagt - an introduction to neural networks.pdf","shared","resources/source-material/shared/Kröse, Smagt - An Introduction to Neural Networks.pdf","Kröse, Smagt - An Introduction to Neural Networks.pdf","Kröse, Smagt - An Introduction to Neural Networks.pdf",".pdf","1324779","4F0563B46A9FF88B6C5A76274063163CB356D4CFD07548E6C52F0A50C064630C","2026-06-17T21:41:11Z"
"SHARED","kroszner & shiller (eds.) - reforming u.s. financial markets_ reflections before and beyond dodd-frank (2011).pdf","shared","resources/source-material/shared/Kroszner & Shiller (eds.) - Reforming U.S. Financial Markets_ Reflections before and beyond Dodd-Frank (2011).pdf","Kroszner & Shiller (eds.) - Reforming U.S. Financial Markets_ Reflections before and beyond Dodd-Frank (2011).pdf","Kroszner & Shiller (eds.) - Reforming U.S. Financial Markets_ Reflections before and beyond Dodd-Frank (2011).pdf",".pdf","1578548","48CE67E6BC691EC8304BFD51D4CC03E73EE80B6F07D72C912041F1DF5AB10503","2026-06-17T21:41:11Z"
"SHARED","krugman & wells - crises and consequences (2012).pdf","shared","resources/source-material/shared/Krugman & Wells - Crises and Consequences (2012).pdf","Krugman & Wells - Crises and Consequences (2012).pdf","Krugman & Wells - Crises and Consequences (2012).pdf",".pdf","1624441","1A6B9486A1C5D6E1E9F0644DF29CA69A2A3B4C021AC21B94FD304F5EACAAC0CE","2026-06-17T21:41:11Z"
"SHARED","krugman, paul - the return of depression economics and the crisis of 2008, 2nd edition, 2009.pdf","shared","resources/source-material/shared/Krugman, Paul - The Return of Depression Economics and the Crisis of 2008, 2nd Edition, 2009.pdf","Krugman, Paul - The Return of Depression Economics and the Crisis of 2008, 2nd Edition, 2009.pdf","Krugman, Paul - The Return of Depression Economics and the Crisis of 2008, 2nd Edition, 2009.pdf",".pdf","2994825","6E8BF909CFD26DF06FBB5428AC667F7853A02821D80B07B58224D919D1A3803D","2026-06-17T21:41:11Z"
"SHARED","krusell p. lecture notes for macroeconomics i (princeton, 2004)(196s)_gk_.pdf","shared","resources/source-material/shared/Krusell P. Lecture notes for Macroeconomics I (Princeton, 2004)(196s)_GK_.pdf","Krusell P. Lecture notes for Macroeconomics I (Princeton, 2004)(196s)_GK_.pdf","Krusell P. Lecture notes for Macroeconomics I (Princeton, 2004)(196s)_GK_.pdf",".pdf","1024913","5B0085F4CB1B5F3F99E84A7E58A0A4E28DE7F66EA7EB8615439D6A173B24E97E","2026-06-17T21:41:11Z"
"SHARED","kuan c.-m. introduction to econometric theory (ln, taipei, 2002)(202s)_gl_.pdf","shared","resources/source-material/shared/Kuan C.-M. Introduction to econometric theory (LN, Taipei, 2002)(202s)_GL_.pdf","Kuan C.-M. Introduction to econometric theory (LN, Taipei, 2002)(202s)_GL_.pdf","Kuan C.-M. Introduction to econometric theory (LN, Taipei, 2002)(202s)_GL_.pdf",".pdf","1178439","0861F3FE7005DB3E49042DFB7475CE3F5F3ED4F93836FE17A119138FF48A84B4","2026-06-17T21:41:11Z"
"SHARED","kunt (eds.) - the international financial crisis_ have the rules of finance changed (2011).pdf","shared","resources/source-material/shared/Kunt (eds.) - The International Financial Crisis_ Have the Rules of Finance Changed (2011).pdf","Kunt (eds.) - The International Financial Crisis_ Have the Rules of Finance Changed (2011).pdf","Kunt (eds.) - The International Financial Crisis_ Have the Rules of Finance Changed (2011).pdf",".pdf","2777912","8F30668B9996CF600A32C4726CD742E5B35C2BB99C0FD89869E4AD61D964EF21","2026-06-17T21:41:11Z"
"SHARED","kvant selecta algebra and analysis i.pdf","shared","resources/source-material/shared/KVANT SELECTA Algebra and Analysis I.pdf","KVANT SELECTA Algebra and Analysis I.pdf","KVANT SELECTA Algebra and Analysis I.pdf",".pdf","46781270","2143A7428A12E9977942F6C418921D62A0FD946A96F6C3DFE9A266FAFC6FD859","2026-06-17T21:41:11Z"
"SHARED","la raja - small change_ money, political parties, and campaign finance reform (2008).pdf","shared","resources/source-material/shared/La Raja - Small Change_ Money, Political Parties, and Campaign Finance Reform (2008).pdf","La Raja - Small Change_ Money, Political Parties, and Campaign Finance Reform (2008).pdf","La Raja - Small Change_ Money, Political Parties, and Campaign Finance Reform (2008).pdf",".pdf","16854556","2BEDA8B98F97F5805A3F81FE528D86BDA7CC842647C3D7C2E0FDEEFB29991388","2026-06-17T21:41:11Z"
"SHARED","labour econometrics.pdf","shared","resources/source-material/shared/Labour Econometrics.PDF","Labour Econometrics.PDF","Labour Econometrics.PDF",".pdf","3511131","194AC460321FD5BEF4E2967C9EA82E236A1E4756A3D4865CF431F3E9D5CF3A21","2026-06-17T21:41:11Z"
"SHARED","lack - the hedge fund mirage_ the illusion of big money and why it_s too good to be true (2012).epub","shared","resources/source-material/shared/Lack - The Hedge Fund Mirage_ the Illusion of Big Money and Why It_s Too Good to Be True (2012).epub","Lack - The Hedge Fund Mirage_ the Illusion of Big Money and Why It_s Too Good to Be True (2012).epub","Lack - The Hedge Fund Mirage_ the Illusion of Big Money and Why It_s Too Good to Be True (2012).epub",".epub","1584035","008296D5CD3E029F6EFEF726F5DD15FBCBB5DB5680CAD899433B114463CE0099","2026-06-17T21:41:11Z"
"SHARED","lanchester - i.o.u._ why everyone owes everyone and no one can pay (2010).epub","shared","resources/source-material/shared/Lanchester - I.O.U._ Why Everyone Owes Everyone and No One Can Pay (2010).epub","Lanchester - I.O.U._ Why Everyone Owes Everyone and No One Can Pay (2010).epub","Lanchester - I.O.U._ Why Everyone Owes Everyone and No One Can Pay (2010).epub",".epub","255835","575AEFAB1A44CECBCAC1993FCA59B162100961C77EB14D6D563E12F12EE102F3","2026-06-17T21:41:11Z"
"SHARED","landsburg s. the armchair economist (free press, 1995)(isbn 0029177766)(235s)_gpop_.pdf","shared","resources/source-material/shared/Landsburg S. The armchair economist (Free Press, 1995)(ISBN 0029177766)(235s)_GPop_.pdf","Landsburg S. The armchair economist (Free Press, 1995)(ISBN 0029177766)(235s)_GPop_.pdf","Landsburg S. The armchair economist (Free Press, 1995)(ISBN 0029177766)(235s)_GPop_.pdf",".pdf","731136","6383CF42E0DC65BD68A8C9FE089A4B44257265FBBF2B86570C32FBEAA6B036F2","2026-06-17T21:41:11Z"
"SHARED","lane - the zeroes_ my misadventures in the decade wall street went insane (2010).epub","shared","resources/source-material/shared/Lane - The Zeroes_ My Misadventures in the Decade Wall Street Went Insane (2010).epub","Lane - The Zeroes_ My Misadventures in the Decade Wall Street Went Insane (2010).epub","Lane - The Zeroes_ My Misadventures in the Decade Wall Street Went Insane (2010).epub",".epub","531430","48F3EB0022741D6D6087968A895BCDD27898F76E143D30655B1D53A18DA66B88","2026-06-17T21:41:11Z"
"SHARED","large sample estimation and hypothesis testing.pdf","shared","resources/source-material/shared/Large Sample Estimation and Hypothesis Testing.PDF","Large Sample Estimation and Hypothesis Testing.PDF","Large Sample Estimation and Hypothesis Testing.PDF",".pdf","8665578","6F9864377A2A0F9DB1C4CEBCC2F1CFFD16360C4E37206F8472CA275ABACE4788","2026-06-17T21:41:11Z"
"SHARED","large sample sieve estimation of semi-nonparametric models.pdf","shared","resources/source-material/shared/Large Sample Sieve Estimation of Semi-Nonparametric Models.pdf","Large Sample Sieve Estimation of Semi-Nonparametric Models.pdf","Large Sample Sieve Estimation of Semi-Nonparametric Models.pdf",".pdf","596867","AC445BEFEA248E0306D30D73F694F45FCEB83041A4C1010D4764D1091C6AFC2F","2026-06-17T21:41:11Z"
"SHARED","last m., kandel a., bunke h. (eds.) data mining in time series databases (ws, 2004)(isbn 9812382909)(o)(205s)_gl_.pdf","shared","resources/source-material/shared/Last M., Kandel A., Bunke H. (eds.) Data Mining In Time Series Databases (WS, 2004)(ISBN 9812382909)(O)(205s)_GL_.pdf","Last M., Kandel A., Bunke H. (eds.) Data Mining In Time Series Databases (WS, 2004)(ISBN 9812382909)(O)(205s)_GL_.pdf","Last M., Kandel A., Bunke H. (eds.) Data Mining In Time Series Databases (WS, 2004)(ISBN 9812382909)(O)(205s)_GL_.pdf",".pdf","4152451","6F59F1C10A33DE31D6ECF32AA43A6901B801D07E0CD7BE98B0C88AD5C58EAEE3","2026-06-17T21:41:11Z"
"SHARED","latent variable models in econometrics.pdf","shared","resources/source-material/shared/Latent Variable Models in Econometrics.PDF","Latent Variable Models in Econometrics.PDF","Latent Variable Models in Econometrics.PDF",".pdf","4455926","1349249A79DE3B2BF1C6CBDA3D2E5C26CAF46A3CCCFE98D8DB5C854A07518F7E","2026-06-17T21:41:11Z"
"SHARED","latouche - farewell to growth (2009).pdf","shared","resources/source-material/shared/Latouche - Farewell to Growth (2009).pdf","Latouche - Farewell to Growth (2009).pdf","Latouche - Farewell to Growth (2009).pdf",".pdf","1253201","5D08403388BB0255EAFBF7ED6A01ED419851DF46D2775F23909538F6E82AE84F","2026-06-17T21:41:11Z"
"SHARED","lawrence white - reducing the barriers to international trade in accounting services (aei press, 2001).pdf","shared","resources/source-material/shared/Lawrence White - Reducing The Barriers To International Trade In Accounting Services (Aei Press, 2001).pdf","Lawrence White - Reducing The Barriers To International Trade In Accounting Services (Aei Press, 2001).pdf","Lawrence White - Reducing The Barriers To International Trade In Accounting Services (Aei Press, 2001).pdf",".pdf","303205","17761A5224BCA1070808C5FC19E4114798A5FECB23E2777644B41100D3AC3A52","2026-06-17T21:41:11Z"
"SHARED","lawson - octopus_ sam israel, the secret market, and wall street_s wildest con (2012).epub","shared","resources/source-material/shared/Lawson - Octopus_ Sam Israel, the Secret Market, and Wall Street_s Wildest Con (2012).epub","Lawson - Octopus_ Sam Israel, the Secret Market, and Wall Street_s Wildest Con (2012).epub","Lawson - Octopus_ Sam Israel, the Secret Market, and Wall Street_s Wildest Con (2012).epub",".epub","1166527","3A6BAD9EA498C185738A1D3F2A6E06C211FE5F7108C7C6D39CF6CF0698B6D77C","2026-06-17T21:41:11Z"
"SHARED","lbna25574enn_002.pdf","shared","resources/source-material/shared/LBNA25574ENN_002.pdf","LBNA25574ENN_002.pdf","LBNA25574ENN_002.pdf",".pdf","1252788","1FC2DEAD4961891F04C8407C6C474AF9F242DE8D587EE64B1F0E607A5C721B9C","2026-06-17T21:41:11Z"
"SHARED","le goff - your money or your life_ economy and religion in the middle ages (1990).pdf","shared","resources/source-material/shared/Le Goff - Your Money or Your Life_ Economy and Religion in the Middle Ages (1990).pdf","Le Goff - Your Money or Your Life_ Economy and Religion in the Middle Ages (1990).pdf","Le Goff - Your Money or Your Life_ Economy and Religion in the Middle Ages (1990).pdf",".pdf","3403781","81C24ADAE2E68132379755B0DFD69747476A6E84F7AF88E34E6B852D1ECC22BD","2026-06-17T21:41:11Z"
"SHARED","lean in - sheryl sandberg.epub","shared","resources/source-material/shared/Lean In - Sheryl Sandberg.epub","Lean In - Sheryl Sandberg.epub","Lean In - Sheryl Sandberg.epub",".epub","2066132","3100622772F1D889EBC0B66B06AD55C207583F78BB7E6E5D5B76E9228AAE341B","2026-06-17T21:41:11Z"
"SHARED","learn the principles of business writing.pdf","shared","resources/source-material/shared/Learn the Principles of Business Writing.pdf","Learn the Principles of Business Writing.pdf","Learn the Principles of Business Writing.pdf",".pdf","1341732","B80CAD1E5DFF0EFE6590DDD192FA613B843EDDAD11045E2753698D14F45267E8","2026-06-17T21:41:11Z"
"SHARED","learning r for geospatial analysis.pdf","shared","resources/source-material/shared/Learning R for Geospatial Analysis.pdf","Learning R for Geospatial Analysis.pdf","Learning R for Geospatial Analysis.pdf",".pdf","10195104","8BB574AC40D8C1A65E059A36D50C0B06164FFEB7A8CE55AA68B0F37439C1CD1E","2026-06-17T21:41:11Z"
"SHARED","lectures note on game theory - john duffy.pdf","shared","resources/source-material/shared/Lectures Note On Game Theory - John Duffy.pdf","Lectures Note On Game Theory - John Duffy.pdf","Lectures Note On Game Theory - John Duffy.pdf",".pdf","2478642","08CB75526240131EE7C94E218542B3230F669C870ADB4C9946023061D0DCCC17","2026-06-17T21:41:11Z"
"SHARED","lectures on macroeconomics (7summits).pdf","shared","resources/source-material/shared/Lectures on Macroeconomics (7Summits).pdf","Lectures on Macroeconomics (7Summits).pdf","Lectures on Macroeconomics (7Summits).pdf",".pdf","27175479","942C698EB26731CD1ABD8D2A4A4C4D66130C459930D7F80934CE37CDC63DF1E9","2026-06-17T21:41:11Z"
"SHARED","leduff - detroit_ an american autopsy (2013).epub","shared","resources/source-material/shared/Leduff - Detroit_ an American Autopsy (2013).epub","Leduff - Detroit_ an American Autopsy (2013).epub","Leduff - Detroit_ an American Autopsy (2013).epub",".epub","2023558","BB58FB6DB91CDBC9145EE9DD5B97565271490FAEBBF8FF4D3C8B7816CC5CBF1B","2026-06-17T21:41:12Z"
"SHARED","lee - financial liberalization and the economic crisis in asia (2003).pdf","shared","resources/source-material/shared/Lee - Financial Liberalization and the Economic Crisis in Asia (2003).pdf","Lee - Financial Liberalization and the Economic Crisis in Asia (2003).pdf","Lee - Financial Liberalization and the Economic Crisis in Asia (2003).pdf",".pdf","1523347","62CB7EDFBCFCD6C198C0853D4980AD721F51E90D7ABE1FB5189068EBF1630AE0","2026-06-17T21:41:12Z"
"SHARED","lee - running the world’s markets_ the governance of financial infrastructure (2011)(1).pdf","shared","resources/source-material/shared/Lee - Running the World’s Markets_ the Governance of Financial Infrastructure (2011)(1).pdf","Lee - Running the World’s Markets_ the Governance of Financial Infrastructure (2011)(1).pdf","Lee - Running the World’s Markets_ the Governance of Financial Infrastructure (2011)(1).pdf",".pdf","8050271","0DED84938A2797D996589FBF99F62CFAD777688BDBE2DD33C5FC7B61B0B1BA01","2026-06-17T21:41:12Z"
"SHARED","lee - running the world’s markets_ the governance of financial infrastructure (2011).pdf","shared","resources/source-material/shared/Lee - Running the World’s Markets_ the Governance of Financial Infrastructure (2011).pdf","Lee - Running the World’s Markets_ the Governance of Financial Infrastructure (2011).pdf","Lee - Running the World’s Markets_ the Governance of Financial Infrastructure (2011).pdf",".pdf","8050271","0DED84938A2797D996589FBF99F62CFAD777688BDBE2DD33C5FC7B61B0B1BA01","2026-06-17T21:41:12Z"
"SHARED","lee f.s. post keynesian price theory (cup, 1999)(isbn 0521328705)(290s)_gg_.pdf","shared","resources/source-material/shared/Lee F.S. Post Keynesian price theory (CUP, 1999)(ISBN 0521328705)(290s)_GG_.pdf","Lee F.S. Post Keynesian price theory (CUP, 1999)(ISBN 0521328705)(290s)_GG_.pdf","Lee F.S. Post Keynesian price theory (CUP, 1999)(ISBN 0521328705)(290s)_GG_.pdf",".pdf","994231","02ECC1D476A1C1608266F02479F8E8C830E003430D601D4B572A4BE4560D0406","2026-06-17T21:41:12Z"
"SHARED","lehman - independent accounts_ the possibilities for auditor independence in the age of financial scandal (2007).pdf","shared","resources/source-material/shared/Lehman - Independent Accounts_ The Possibilities for Auditor Independence in the Age of Financial Scandal (2007).pdf","Lehman - Independent Accounts_ The Possibilities for Auditor Independence in the Age of Financial Scandal (2007).pdf","Lehman - Independent Accounts_ The Possibilities for Auditor Independence in the Age of Financial Scandal (2007).pdf",".pdf","2951307","89549DBFED62A5D96A7B837BAAD963BC8C5757AD200454CC179C0E683BC77E82","2026-06-17T21:41:12Z"
"SHARED","lemieux - somebody in charge_ a solution to recessions (2011).pdf","shared","resources/source-material/shared/Lemieux - Somebody in Charge_ A Solution to Recessions (2011).pdf","Lemieux - Somebody in Charge_ A Solution to Recessions (2011).pdf","Lemieux - Somebody in Charge_ A Solution to Recessions (2011).pdf",".pdf","2523708","79A14A2A088DA2F53401C82F21D9638C1CCDB91549A58B3278E44680713F2E9B","2026-06-17T21:41:12Z"
"SHARED","lesourne j., orlean a., walliser b. evolutionary microeconomics (springer, 2006)(isbn 3540285369)(293s)_gc_.pdf","shared","resources/source-material/shared/Lesourne J., Orlean A., Walliser B. Evolutionary microeconomics (Springer, 2006)(ISBN 3540285369)(293s)_GC_.pdf","Lesourne J., Orlean A., Walliser B. Evolutionary microeconomics (Springer, 2006)(ISBN 3540285369)(293s)_GC_.pdf","Lesourne J., Orlean A., Walliser B. Evolutionary microeconomics (Springer, 2006)(ISBN 3540285369)(293s)_GC_.pdf",".pdf","1939676","CEDB109B4B002B8277FB15A5634227C13048C4905B4D23C641D52A2BF6E66844","2026-06-17T21:41:12Z"
"SHARED","leveque, meniere.the economics of patents and copyrights.pdf","shared","resources/source-material/shared/Leveque, Meniere.The Economics of Patents and Copyrights.pdf","Leveque, Meniere.The Economics of Patents and Copyrights.pdf","Leveque, Meniere.The Economics of Patents and Copyrights.pdf",".pdf","440104","31782BB2734C452B5653B8AE1D9A98F4D064EAE4062F9620ED82E2B4383361BF","2026-06-17T21:41:12Z"
"SHARED","levi m.d. international finance (4ed., routledge, 2005)(isbn 0415308992)(606s)_gi_.pdf","shared","resources/source-material/shared/Levi M.D. International finance (4ed., Routledge, 2005)(ISBN 0415308992)(606s)_GI_.pdf","Levi M.D. International finance (4ed., Routledge, 2005)(ISBN 0415308992)(606s)_GI_.pdf","Levi M.D. International finance (4ed., Routledge, 2005)(ISBN 0415308992)(606s)_GI_.pdf",".pdf","4720814","02AA0CED49001C3B53C2D7D3B43499EF3A0A88761A8C0247A85C33DEC9B41DCB","2026-06-17T21:41:12Z"
"SHARED","levine - wealth and freedom_ an introduction to political economy (1995).pdf","shared","resources/source-material/shared/Levine - Wealth and Freedom_ an Introduction to Political Economy (1995).pdf","Levine - Wealth and Freedom_ an Introduction to Political Economy (1995).pdf","Levine - Wealth and Freedom_ an Introduction to Political Economy (1995).pdf",".pdf","6569172","D79C45ABFCFC5DF30C5F6E5FE3EE9E28B08430D675C3A656DD8583010CC33653","2026-06-17T21:41:12Z"
"SHARED","lewis - how much money does an economy need_ solving the central economic puzzle of money, prices, and jobs (2007).pdf","shared","resources/source-material/shared/Lewis - How Much Money Does an Economy Need_ Solving the Central Economic Puzzle of Money, Prices, and Jobs (2007).pdf","Lewis - How Much Money Does an Economy Need_ Solving the Central Economic Puzzle of Money, Prices, and Jobs (2007).pdf","Lewis - How Much Money Does an Economy Need_ Solving the Central Economic Puzzle of Money, Prices, and Jobs (2007).pdf",".pdf","4361106","45B0DE934344B542B5F54EDAFCA13675B42900453C95769C43E1930F4D0781D1","2026-06-17T21:41:12Z"
"SHARED","lewis - where keynes went wrong, and why world governments keep creating inflation, bubbles, and busts (2011).epub","shared","resources/source-material/shared/Lewis - Where Keynes Went Wrong, and Why World Governments Keep Creating Inflation, Bubbles, and Busts (2011).epub","Lewis - Where Keynes Went Wrong, and Why World Governments Keep Creating Inflation, Bubbles, and Busts (2011).epub","Lewis - Where Keynes Went Wrong, and Why World Governments Keep Creating Inflation, Bubbles, and Busts (2011).epub",".epub","2721892","A50AAD637A76ECB74826282E456D571F7AC9C3D0A15FC4D984E1A1A3B9C53727","2026-06-17T21:41:12Z"
"SHARED","lhabitant - hedge funds_ myths and limits (2002).pdf","shared","resources/source-material/shared/Lhabitant - Hedge Funds_ Myths and Limits (2002).pdf","Lhabitant - Hedge Funds_ Myths and Limits (2002).pdf","Lhabitant - Hedge Funds_ Myths and Limits (2002).pdf",".pdf","79300160","BDBB491BC1655DAC911B40AAD7DE098B0B1BEB3B27E40F8036084193D438FD67","2026-06-17T21:41:12Z"
"SHARED","lilley - dirty dealing_ the untold truth about global money laundering, international crime and terrorism (2006).pdf","shared","resources/source-material/shared/Lilley - Dirty Dealing_ The Untold Truth About Global Money Laundering, International Crime and Terrorism (2006).pdf","Lilley - Dirty Dealing_ The Untold Truth About Global Money Laundering, International Crime and Terrorism (2006).pdf","Lilley - Dirty Dealing_ The Untold Truth About Global Money Laundering, International Crime and Terrorism (2006).pdf",".pdf","1463825","7DCE5BBDDDB5780269458878BAA02926F4577D996B27FC6A5F4BDBEE77BCFC30","2026-06-17T21:41:12Z"
"SHARED","lim g.c., mcnelis p.d. computational macroeconomics for the open economy (mit, 2008)(isbn 0262123061)(o)(251s)_gk_.pdf","shared","resources/source-material/shared/Lim G.C., McNelis P.D. Computational Macroeconomics for the Open Economy (MIT, 2008)(ISBN 0262123061)(O)(251s)_GK_.pdf","Lim G.C., McNelis P.D. Computational Macroeconomics for the Open Economy (MIT, 2008)(ISBN 0262123061)(O)(251s)_GK_.pdf","Lim G.C., McNelis P.D. Computational Macroeconomics for the Open Economy (MIT, 2008)(ISBN 0262123061)(O)(251s)_GK_.pdf",".pdf","2663542","DF49822CD8D2696BD9CF732FB839A17AF2940496455ACE48EC374679CBA70B32","2026-06-17T21:41:12Z"
"SHARED","limited dependent variables.pdf","shared","resources/source-material/shared/Limited Dependent Variables.PDF","Limited Dependent Variables.PDF","Limited Dependent Variables.PDF",".pdf","2506282","6242DA2E170B1165031140CD78983C4D5B97860C935A3FE6201A3345342C8C1B","2026-06-17T21:41:12Z"
"SHARED","lin et al - national intellectual capital and the financial crisis in austria, belgium, the netherlands, and switzerland (2014).pdf","shared","resources/source-material/shared/Lin et al - National Intellectual Capital and the Financial Crisis in Austria, Belgium, The Netherlands, and Switzerland (2014).pdf","Lin et al - National Intellectual Capital and the Financial Crisis in Austria, Belgium, The Netherlands, and Switzerland (2014).pdf","Lin et al - National Intellectual Capital and the Financial Crisis in Austria, Belgium, The Netherlands, and Switzerland (2014).pdf",".pdf","3429747","9E09788A07CB26FFCEC77EFD9EB70E508EAE8FAC389EF868286FAE4FE534157F","2026-06-17T21:41:12Z"
"SHARED","lin et al - national intellectual capital and the financial crisis in israel, jordan, south africa, and turkey (2014).pdf","shared","resources/source-material/shared/Lin et al - National Intellectual Capital and the Financial Crisis in Israel, Jordan, South Africa, and Turkey (2014).pdf","Lin et al - National Intellectual Capital and the Financial Crisis in Israel, Jordan, South Africa, and Turkey (2014).pdf","Lin et al - National Intellectual Capital and the Financial Crisis in Israel, Jordan, South Africa, and Turkey (2014).pdf",".pdf","3558634","667F0AD896065781E6DFD55386D95F7FDFB47BDC49AED8CD1E8FCF6A5793300C","2026-06-17T21:41:12Z"
"SHARED","lindblom c.e. the market system (yup, 2001)(isbn 0300087527)(o)(305s)_gpop_.pdf","shared","resources/source-material/shared/Lindblom C.E. The market system (YUP, 2001)(ISBN 0300087527)(O)(305s)_GPop_.pdf","Lindblom C.E. The market system (YUP, 2001)(ISBN 0300087527)(O)(305s)_GPop_.pdf","Lindblom C.E. The market system (YUP, 2001)(ISBN 0300087527)(O)(305s)_GPop_.pdf",".pdf","1051966","F2BFAC9C243A36A2A4BBFEC63CD68D1B6AD6B46E475A2C8BE9D09C31DDD5F7F1","2026-06-17T21:41:12Z"
"SHARED","lindsey j. statistical analysis of stochastic processes in time (cup, 2004)(isbn 0521837413)(353s)_gl_.pdf","shared","resources/source-material/shared/Lindsey J. Statistical analysis of stochastic processes in time (CUP, 2004)(ISBN 0521837413)(353s)_GL_.pdf","Lindsey J. Statistical analysis of stochastic processes in time (CUP, 2004)(ISBN 0521837413)(353s)_GL_.pdf","Lindsey J. Statistical analysis of stochastic processes in time (CUP, 2004)(ISBN 0521837413)(353s)_GL_.pdf",".pdf","2121309","2390C62C12D47004404FBE546B37B463F18CAE13317BDCCC0D8619C8200C5835","2026-06-17T21:41:12Z"
"SHARED","linear algebra and its applications 1994 (david c lay) addison-wesley pub.pdf","shared","resources/source-material/shared/Linear Algebra And Its Applications 1994 (David C Lay) Addison-Wesley Pub.pdf","Linear Algebra And Its Applications 1994 (David C Lay) Addison-Wesley Pub.pdf","Linear Algebra And Its Applications 1994 (David C Lay) Addison-Wesley Pub.pdf",".pdf","16877162","A9185772C92A170914E50542A74A1FF2484B72222C3A77EB223DDBECC64F8D4D","2026-06-17T21:41:13Z"
"SHARED","linear algebra and matrix methods in econometrics.pdf","shared","resources/source-material/shared/Linear Algebra and Matrix Methods in Econometrics.PDF","Linear Algebra and Matrix Methods in Econometrics.PDF","Linear Algebra and Matrix Methods in Econometrics.PDF",".pdf","3412774","315C02DAC4194E03851D181632A222668044F0E42E167DFAB1D6EFB136E337D7","2026-06-17T21:41:13Z"
"SHARED","linear algebra exercises-n-answers.pdf","shared","resources/source-material/shared/Linear Algebra Exercises-n-Answers.pdf","Linear Algebra Exercises-n-Answers.pdf","Linear Algebra Exercises-n-Answers.pdf",".pdf","1896914","7F09F15EEC13B89AAD9C2726A414F255E52F8E34C70EE71F5B5B63DFD3ED7A3B","2026-06-17T21:41:13Z"
"SHARED","linear inverse problems in structural econometrics estimation based on spectral decomposition and regularization.pdf","shared","resources/source-material/shared/Linear Inverse Problems in Structural Econometrics Estimation based on spectral decomposition and regularization.pdf","Linear Inverse Problems in Structural Econometrics Estimation based on spectral decomposition and regularization.pdf","Linear Inverse Problems in Structural Econometrics Estimation based on spectral decomposition and regularization.pdf",".pdf","613697","5E71A108D7487BF0AE2C869A1E2FC2029AACCB686E4BAB3AB1C1F7CC99DAC483","2026-06-17T21:41:13Z"
"SHARED","linear recurrences through tilings and markov chains.pdf","shared","resources/source-material/shared/LINEAR RECURRENCES THROUGH TILINGS AND MARKOV CHAINS.pdf","LINEAR RECURRENCES THROUGH TILINGS AND MARKOV CHAINS.pdf","LINEAR RECURRENCES THROUGH TILINGS AND MARKOV CHAINS.pdf",".pdf","217976","FBBF063EAAB0403991F27100584AD65E83BD0638D72F04C6BA460600F4F63284","2026-06-17T21:41:13Z"
"SHARED","linton o. econometrics (ln, lse, 2002)(144s)_gl_.pdf","shared","resources/source-material/shared/Linton O. Econometrics (LN, LSE, 2002)(144s)_GL_.pdf","Linton O. Econometrics (LN, LSE, 2002)(144s)_GL_.pdf","Linton O. Econometrics (LN, LSE, 2002)(144s)_GL_.pdf",".pdf","717195","736ECDFDCA266A318BEE1C97117D9716563DCF5B83D79CFDD28C7785415121FA","2026-06-17T21:41:13Z"
"SHARED","lipschutz - finite mathematics.pdf","shared","resources/source-material/shared/Lipschutz - Finite Mathematics.pdf","Lipschutz - Finite Mathematics.pdf","Lipschutz - Finite Mathematics.pdf",".pdf","23212523","34A6CE85B0CB4B7B3C466DF64317E91ED93600427314FB127CAB1C1597D94D7B","2026-06-17T21:41:13Z"
"SHARED","lipschutz s. - schaum_s outline of theory and problems of linear algebra (2nd ed.).djvu","shared","resources/source-material/shared/Lipschutz S. - Schaum_s Outline of Theory and Problems of Linear Algebra (2nd ed.).djvu","Lipschutz S. - Schaum_s Outline of Theory and Problems of Linear Algebra (2nd ed.).djvu","Lipschutz S. - Schaum_s Outline of Theory and Problems of Linear Algebra (2nd ed.).djvu",".djvu","5178870","82F97DAA2A0E87118A0BD1290A4A03B882441434C25FEDC63605D7DB1CA95AE5","2026-06-17T21:41:13Z"
"SHARED","lipschutz s. - theory and problems of finite mathematics (schaums outlines).pdf","shared","resources/source-material/shared/Lipschutz S. - Theory and Problems of Finite Mathematics (Schaums Outlines).pdf","Lipschutz S. - Theory and Problems of Finite Mathematics (Schaums Outlines).pdf","Lipschutz S. - Theory and Problems of Finite Mathematics (Schaums Outlines).pdf",".pdf","23212523","34A6CE85B0CB4B7B3C466DF64317E91ED93600427314FB127CAB1C1597D94D7B","2026-06-17T21:41:13Z"
"SHARED","little - the paradox of wealth and poverty_ mapping the ethical dilemmas of global development (2003).pdf","shared","resources/source-material/shared/Little - The Paradox of Wealth and Poverty_ Mapping the Ethical Dilemmas of Global Development (2003).pdf","Little - The Paradox of Wealth and Poverty_ Mapping the Ethical Dilemmas of Global Development (2003).pdf","Little - The Paradox of Wealth and Poverty_ Mapping the Ethical Dilemmas of Global Development (2003).pdf",".pdf","11582705","11C43AB3D352B9003173BED5A2BD358C91FC9CC83ECFADC8738AD176A00FF6AF","2026-06-17T21:41:13Z"
"SHARED","littlechild - the fallacy of the mixed economy (1986).pdf","shared","resources/source-material/shared/Littlechild - The Fallacy of the Mixed Economy (1986).pdf","Littlechild - The Fallacy of the Mixed Economy (1986).pdf","Littlechild - The Fallacy of the Mixed Economy (1986).pdf",".pdf","5334814","02C0A6ECD3D5DB836BF5B666D467DCE22D931BFBD621DB4DB04E8DDA7308DD3E","2026-06-17T21:41:13Z"
"SHARED","ljundquist and sargent solutions.pdf","shared","resources/source-material/shared/Ljundquist and Sargent Solutions.pdf","Ljundquist and Sargent Solutions.pdf","Ljundquist and Sargent Solutions.pdf",".pdf","1878958","19439E82BC0334F213AF87C72A04DF46A9F2127FCCB04182F0171A62C0315DB2","2026-06-17T21:41:13Z"
"SHARED","ljungqvist l., sargent t. recursive macroeconomic theory (mit, 2000)(isbn 0262194511)(1038s)_gk_.pdf","shared","resources/source-material/shared/Ljungqvist L., Sargent T. Recursive Macroeconomic Theory (MIT, 2000)(ISBN 0262194511)(1038s)_GK_.pdf","Ljungqvist L., Sargent T. Recursive Macroeconomic Theory (MIT, 2000)(ISBN 0262194511)(1038s)_GK_.pdf","Ljungqvist L., Sargent T. Recursive Macroeconomic Theory (MIT, 2000)(ISBN 0262194511)(1038s)_GK_.pdf",".pdf","5744509","B8B3CCA35A825496518F33059C6645777D3631D68C0A22FBA7CCF63E9CA774C5","2026-06-17T21:41:13Z"
"SHARED","lloyd - business at a crossroads_ the crisis of corporate leadership (2010).pdf","shared","resources/source-material/shared/Lloyd - Business at a Crossroads_ The Crisis of Corporate Leadership (2010).pdf","Lloyd - Business at a Crossroads_ The Crisis of Corporate Leadership (2010).pdf","Lloyd - Business at a Crossroads_ The Crisis of Corporate Leadership (2010).pdf",".pdf","2841739","3758ADA795BD469312C94D799304D2F7BD7E9F4E867EB4EC05BB365C297BA975","2026-06-17T21:41:13Z"
"SHARED","locke & spender - confronting managerialism_ how the business elite and their schools threw our lives out of balance (2011).pdf","shared","resources/source-material/shared/Locke & Spender - Confronting Managerialism_ How the Business Elite and Their Schools Threw Our Lives Out of Balance (2011).pdf","Locke & Spender - Confronting Managerialism_ How the Business Elite and Their Schools Threw Our Lives Out of Balance (2011).pdf","Locke & Spender - Confronting Managerialism_ How the Business Elite and Their Schools Threw Our Lives Out of Balance (2011).pdf",".pdf","3701525","A0BD94B38B8B1528DBBD682B65BD22F56797544A9750018A724E0A249650427F","2026-06-17T21:41:13Z"
"SHARED","lomborg (ed.) - global crisis, global solutions, 2nd ed. (2009).pdf","shared","resources/source-material/shared/Lomborg (ed.) - Global Crisis, Global Solutions, 2nd ed. (2009).pdf","Lomborg (ed.) - Global Crisis, Global Solutions, 2nd ed. (2009).pdf","Lomborg (ed.) - Global Crisis, Global Solutions, 2nd ed. (2009).pdf",".pdf","7872686","B9DA98CE2FE58178DF1B5F5ED0B0956118AFDCD7CB1E752496C8AFF10BE5A0B6","2026-06-17T21:41:13Z"
"SHARED","lorca-susino - the euro in the 21st century_ economic crisis and financial uproar (2010).pdf","shared","resources/source-material/shared/Lorca-Susino - The Euro in the 21st Century_ Economic Crisis and Financial Uproar (2010).pdf","Lorca-Susino - The Euro in the 21st Century_ Economic Crisis and Financial Uproar (2010).pdf","Lorca-Susino - The Euro in the 21st Century_ Economic Crisis and Financial Uproar (2010).pdf",".pdf","7970145","57CF68DB0CDFEA1D795554CF3808A5920F17E849B8BA885558FC1CA17EEDAC72","2026-06-17T21:41:13Z"
"SHARED","lowenstein - the end of wall street (2010).epub","shared","resources/source-material/shared/Lowenstein - The End of Wall Street (2010).epub","Lowenstein - The End of Wall Street (2010).epub","Lowenstein - The End of Wall Street (2010).epub",".epub","420051","D93DA1B87FB14DCB640AD249F1BD003FBCBDD66705DC6D6DC23DC553463C69BF","2026-06-17T21:41:13Z"
"SHARED","lucas (ed.) - measuring and managing federal financial risk (2010).pdf","shared","resources/source-material/shared/Lucas (ed.) - Measuring and Managing Federal Financial Risk (2010).pdf","Lucas (ed.) - Measuring and Managing Federal Financial Risk (2010).pdf","Lucas (ed.) - Measuring and Managing Federal Financial Risk (2010).pdf",".pdf","1551426","7B8D3330C9C8C8168A997B1C0F7217BADAAEF82C4B00528F2F9FD97457AA5C29","2026-06-17T21:41:13Z"
"SHARED","lucas r.e.jr., sargent t.j. (eds.) rational expectations and econometric practice, vol. 1 (minnesota, 1981)(isbn 0816609179)(t)(o)(s)(409s)_gg_.djvu","shared","resources/source-material/shared/Lucas R.E.Jr., Sargent T.J. (eds.) Rational expectations and econometric practice, vol. 1 (Minnesota, 1981)(ISBN 0816609179)(T)(O)(S)(409s)_GG_.djvu","Lucas R.E.Jr., Sargent T.J. (eds.) Rational expectations and econometric practice, vol. 1 (Minnesota, 1981)(ISBN 0816609179)(T)(O)(S)(409s)_GG_.djvu","Lucas R.E.Jr., Sargent T.J. (eds.) Rational expectations and econometric practice, vol. 1 (Minnesota, 1981)(ISBN 0816609179)(T)(O)(S)(409s)_GG_.djvu",".djvu","3283067","6A10EC4AA03A8B6990544A5F77AD084A0D712FD1D06694BADE796C29B643013F","2026-06-17T21:41:13Z"
"SHARED","luetkepohl h. new introduction to multiple time series analysis (springer, 2005)(isbn 3540401725)(o)(765s)_gl_.pdf","shared","resources/source-material/shared/Luetkepohl H. New Introduction to Multiple Time Series Analysis (Springer, 2005)(ISBN 3540401725)(O)(765s)_GL_.pdf","Luetkepohl H. New Introduction to Multiple Time Series Analysis (Springer, 2005)(ISBN 3540401725)(O)(765s)_GL_.pdf","Luetkepohl H. New Introduction to Multiple Time Series Analysis (Springer, 2005)(ISBN 3540401725)(O)(765s)_GL_.pdf",".pdf","3842088","7CEF05A22FAB45BBA03EB8884CFFB21ED848BC1C57F4A2B33FF5E3B2432995C4","2026-06-17T21:41:13Z"
"SHARED","lumley - breaking the banks in motor city (2009).pdf","shared","resources/source-material/shared/Lumley - Breaking the Banks in Motor City (2009).pdf","Lumley - Breaking the Banks in Motor City (2009).pdf","Lumley - Breaking the Banks in Motor City (2009).pdf",".pdf","10353671","16752DE105057F1D42550D03F149423627A39EEFA744276D2C33D3D4CA9218FF","2026-06-17T21:41:13Z"
"SHARED","lutkepohl h., kratzig m. (eds.) applied time series econometrics (cup, 2004)(isbn 0521547873)(350s)_gl_.pdf","shared","resources/source-material/shared/Lutkepohl H., Kratzig M. (eds.) Applied time series econometrics (CUP, 2004)(ISBN 0521547873)(350s)_GL_.pdf","Lutkepohl H., Kratzig M. (eds.) Applied time series econometrics (CUP, 2004)(ISBN 0521547873)(350s)_GL_.pdf","Lutkepohl H., Kratzig M. (eds.) Applied time series econometrics (CUP, 2004)(ISBN 0521547873)(350s)_GL_.pdf",".pdf","5901980","0F5E68C184A855CA6BA61676846A9CCAAA455FA64E1F4D0D4991987E01848B9F","2026-06-17T21:41:13Z"
"SHARED","macdonald - a free nation deep in debt_ the financial roots of democracy (2003).pdf","shared","resources/source-material/shared/Macdonald - A Free Nation Deep in Debt_ the Financial Roots of Democracy (2003).pdf","Macdonald - A Free Nation Deep in Debt_ the Financial Roots of Democracy (2003).pdf","Macdonald - A Free Nation Deep in Debt_ the Financial Roots of Democracy (2003).pdf",".pdf","10591054","CA99D5046610D35384BA1C5617FE290E3F07672EB655B0DEEE7FEC219DD0A8A2","2026-06-17T21:41:13Z"
"SHARED","macdonald r. exchange rate economics (routledge, 2006)(isbn 0415125510)(465s)_gi_.pdf","shared","resources/source-material/shared/MacDonald R. Exchange Rate Economics (Routledge, 2006)(ISBN 0415125510)(465s)_GI_.pdf","MacDonald R. Exchange Rate Economics (Routledge, 2006)(ISBN 0415125510)(465s)_GI_.pdf","MacDonald R. Exchange Rate Economics (Routledge, 2006)(ISBN 0415125510)(465s)_GI_.pdf",".pdf","2210182","9F2F71F485CC20FB7ED05A574417EEADFAE89C1491514F3511BBB0DF9F92338D","2026-06-17T21:41:13Z"
"SHARED","macewan - debt & disorder_ international economic instability and u.s. imperial decline (1990).pdf","shared","resources/source-material/shared/MacEwan - Debt & Disorder_ International Economic Instability and U.S. Imperial Decline (1990).pdf","MacEwan - Debt & Disorder_ International Economic Instability and U.S. Imperial Decline (1990).pdf","MacEwan - Debt & Disorder_ International Economic Instability and U.S. Imperial Decline (1990).pdf",".pdf","6917456","67DF8B92616275E13EACAB5865B69817573CB21CD09CC9CF01F92BBEF803D91A","2026-06-17T21:41:15Z"
"SHARED","maclachlan c.m., brinkley d. (eds.) argentina.. what went wrong (praeger pub., 2006)(isbn 0275990761)(240s)_gi_.pdf","shared","resources/source-material/shared/MacLachlan C.M., Brinkley D. (eds.) Argentina.. What went wrong (Praeger Pub., 2006)(ISBN 0275990761)(240s)_GI_.pdf","MacLachlan C.M., Brinkley D. (eds.) Argentina.. What went wrong (Praeger Pub., 2006)(ISBN 0275990761)(240s)_GI_.pdf","MacLachlan C.M., Brinkley D. (eds.) Argentina.. What went wrong (Praeger Pub., 2006)(ISBN 0275990761)(240s)_GI_.pdf",".pdf","1213649","6009E66B7AC9DE5D89F3409425A11479AC0B0079C0E7C641A25CC83D0F909A1F","2026-06-17T21:41:15Z"
"SHARED","macneil & o_brien (eds.) - the future of financial regulation (2010).pdf","shared","resources/source-material/shared/MacNeil & O_Brien (Eds.) - The Future of Financial Regulation (2010).pdf","MacNeil & O_Brien (Eds.) - The Future of Financial Regulation (2010).pdf","MacNeil & O_Brien (Eds.) - The Future of Financial Regulation (2010).pdf",".pdf","3494976","7E6CD78C351F1AB2030AC2FD576243D04464FB30202A10B6589A967E050724D5","2026-06-17T21:41:15Z"
"SHARED","macroeconomics - paul wachtel.pdf","shared","resources/source-material/shared/Macroeconomics - Paul Wachtel.pdf","Macroeconomics - Paul Wachtel.pdf","Macroeconomics - Paul Wachtel.pdf",".pdf","1596600","AB1989F4C8C69F95BD8461C574B6D75047AA595E08BDAD70B4E8312F2AC71F9D","2026-06-17T21:41:15Z"
"SHARED","macroeconomics 10th ed. (intro txt) - m. parkin (pearson, 2011) bbs.pdf","shared","resources/source-material/shared/Macroeconomics 10th ed. (intro txt) - M. Parkin (Pearson, 2011) BBS.pdf","Macroeconomics 10th ed. (intro txt) - M. Parkin (Pearson, 2011) BBS.pdf","Macroeconomics 10th ed. (intro txt) - M. Parkin (Pearson, 2011) BBS.pdf",".pdf","12580154","AB4A691023C71D0C838F2BF9C2F0D4E7016ACC01854D47C8E626253E6D62D48F","2026-06-17T21:41:15Z"
"SHARED","macroeconomics, michael parkin.pdf","shared","resources/source-material/shared/Macroeconomics, Michael Parkin.pdf","Macroeconomics, Michael Parkin.pdf","Macroeconomics, Michael Parkin.pdf",".pdf","12580154","AB4A691023C71D0C838F2BF9C2F0D4E7016ACC01854D47C8E626253E6D62D48F","2026-06-17T21:41:15Z"
"SHARED","macroeconomics, r. glenn hubbard.pdf","shared","resources/source-material/shared/Macroeconomics, R. Glenn Hubbard.pdf","Macroeconomics, R. Glenn Hubbard.pdf","Macroeconomics, R. Glenn Hubbard.pdf",".pdf","7266900","9FB342FD5AA379EB66A1799DBDB50CC94D617A0E1FAD7417EDEBE5300494DC98","2026-06-17T21:41:15Z"
"SHARED","macroeconomics.pdf","shared","resources/source-material/shared/Macroeconomics.pdf","Macroeconomics.pdf","Macroeconomics.pdf",".pdf","1656139","E5FC9A05713C4BAC32CF8ADC27D0924C88377E5DB4C51DB57C2831FFD137CFD2","2026-06-17T21:41:15Z"
"SHARED","madrick - age of greed_ the triumph of finance and the decline of america, 1970 to the present (2011).epub","shared","resources/source-material/shared/Madrick - Age of Greed_ the Triumph of Finance and the Decline of America, 1970 to the Present (2011).epub","Madrick - Age of Greed_ the Triumph of Finance and the Decline of America, 1970 to the Present (2011).epub","Madrick - Age of Greed_ the Triumph of Finance and the Decline of America, 1970 to the Present (2011).epub",".epub","4182529","000AFDA00998FE56AADE19A70298EE7374F0E623E950279B38F95EEF1F0CD648","2026-06-17T21:41:15Z"
"SHARED","madura - what every investor needs to know about accounting fraud (2004).pdf","shared","resources/source-material/shared/Madura - What Every Investor Needs To Know About Accounting Fraud (2004).pdf","Madura - What Every Investor Needs To Know About Accounting Fraud (2004).pdf","Madura - What Every Investor Needs To Know About Accounting Fraud (2004).pdf",".pdf","768645","E0F2D4AABBFC3A7DC6C370A006E8A4188DB59C9CA5FCCC1CF38784884CBFA1E4","2026-06-17T21:41:15Z"
"SHARED","magdoff & yates - the abcs of the economic crisis_ what working people need to know (2009).pdf","shared","resources/source-material/shared/Magdoff & Yates - The ABCs of The Economic Crisis_ What Working People Need to Know (2009).pdf","Magdoff & Yates - The ABCs of The Economic Crisis_ What Working People Need to Know (2009).pdf","Magdoff & Yates - The ABCs of The Economic Crisis_ What Working People Need to Know (2009).pdf",".pdf","13505065","D92813184908303840F1E5E11DDE94630FFF0E0837CCF7A78D0F105962EDCC98","2026-06-17T21:41:16Z"
"SHARED","magdoff, foster.what every environmentalist needs to know about capitalism (2011).pdf","shared","resources/source-material/shared/Magdoff, Foster.What Every Environmentalist Needs to Know About Capitalism (2011).pdf","Magdoff, Foster.What Every Environmentalist Needs to Know About Capitalism (2011).pdf","Magdoff, Foster.What Every Environmentalist Needs to Know About Capitalism (2011).pdf",".pdf","648616","B36D71B0082BC70A859908EB0D6F575D765EC97F3BBD41EFB6B1AAAE1F4503A5","2026-06-17T21:41:16Z"
"SHARED","makansi - lights out_ the electricity crisis, the global economy, and what it means to you (2007).pdf","shared","resources/source-material/shared/Makansi - Lights Out_ The Electricity Crisis, the Global Economy, and What It Means to You (2007).pdf","Makansi - Lights Out_ The Electricity Crisis, the Global Economy, and What It Means to You (2007).pdf","Makansi - Lights Out_ The Electricity Crisis, the Global Economy, and What It Means to You (2007).pdf",".pdf","4001012","093027E15E59B457F00A30967F60EAFC48C527B4826CBB45AD80BB9E690AC702","2026-06-17T21:41:16Z"
"SHARED","making markets work journal.pdf","shared","resources/source-material/shared/Making Markets Work Journal.pdf","Making Markets Work Journal.pdf","Making Markets Work Journal.pdf",".pdf","674071","ED06846EDD7CAF15A454CEA61C275E5B82539CF6F3079C10CC8D34B3B628FD7E","2026-06-17T21:41:16Z"
"SHARED","mallon renewable energy policy and politics.pdf","shared","resources/source-material/shared/Mallon Renewable Energy Policy and Politics.pdf","Mallon Renewable Energy Policy and Politics.pdf","Mallon Renewable Energy Policy and Politics.pdf",".pdf","6678526","0DF7363D52DD07DDD9B52A293FFCDC6E97719FA8A77274A0FE2E8ED622DE6C37","2026-06-17T21:41:16Z"
"SHARED","malpass (ed.) - the housing crisis (1986).pdf","shared","resources/source-material/shared/Malpass (Ed.) - The Housing Crisis (1986).pdf","Malpass (Ed.) - The Housing Crisis (1986).pdf","Malpass (Ed.) - The Housing Crisis (1986).pdf",".pdf","2286773","F6514E4EE5B64DE6C16A26823017B6362D1991B25C96B1579A367DD6212D10A2","2026-06-17T21:41:16Z"
"SHARED","managerial economics and business strategy.pdf","shared","resources/source-material/shared/Managerial Economics And Business Strategy.pdf","Managerial Economics And Business Strategy.pdf","Managerial Economics And Business Strategy.pdf",".pdf","9365652","17067EE45CA581F6A5790C373A126415BA030DC955E232F2F7BF25B281E31819","2026-06-17T21:41:16Z"
"SHARED","managing public dept_ from diagnostics to reform implementation (world bank, 2007).pdf","shared","resources/source-material/shared/Managing Public Dept_ From Diagnostics to Reform Implementation (World Bank, 2007).pdf","Managing Public Dept_ From Diagnostics to Reform Implementation (World Bank, 2007).pdf","Managing Public Dept_ From Diagnostics to Reform Implementation (World Bank, 2007).pdf",".pdf","607282","D5F972E1B2D221F591E2B17C3F2D268595331622CAF18D23C68D693829989832","2026-06-17T21:41:16Z"
"SHARED","managing your business with outlook 2003 for dummies.pdf","shared","resources/source-material/shared/Managing Your Business with Outlook 2003 for Dummies.pdf","Managing Your Business with Outlook 2003 for Dummies.pdf","Managing Your Business with Outlook 2003 for Dummies.pdf",".pdf","10217889","75690A45DA09650A8F1342DF0E34DBBC3DB9A13DE76B30507F49921F4F2C377A","2026-06-17T21:41:16Z"
"SHARED","mandelbrot - the misbehavior of markets_ a fractal view of risk, ruin, and reward (2004).epub","shared","resources/source-material/shared/Mandelbrot - The Misbehavior of Markets_ a Fractal View of Risk, Ruin, and Reward (2004).epub","Mandelbrot - The Misbehavior of Markets_ a Fractal View of Risk, Ruin, and Reward (2004).epub","Mandelbrot - The Misbehavior of Markets_ a Fractal View of Risk, Ruin, and Reward (2004).epub",".epub","1966594","87D3549B95BDF14B6F1BACE678FF6D82F2D3AC1A7A766314F8586625B5541895","2026-06-17T21:41:16Z"
"SHARED","mankiw - macroeconomics, 7th ed.pdf","shared","resources/source-material/shared/mankiw - macroeconomics, 7th ed.pdf","mankiw - macroeconomics, 7th ed.pdf","mankiw - macroeconomics, 7th ed.pdf",".pdf","3959931","66326EC447F8726C6D9CC3A202A244AC7DF4D722DEC0017E6955531885DF8605","2026-06-17T21:41:17Z"
"SHARED","mankiw n.g. macroeconomics (5ed., worth pub., 2003)(isbn 0716752379)(462s)_gk_.pdf","shared","resources/source-material/shared/Mankiw N.G. Macroeconomics (5ed., Worth Pub., 2003)(ISBN 0716752379)(462s)_GK_.pdf","Mankiw N.G. Macroeconomics (5ed., Worth Pub., 2003)(ISBN 0716752379)(462s)_GK_.pdf","Mankiw N.G. Macroeconomics (5ed., Worth Pub., 2003)(ISBN 0716752379)(462s)_GK_.pdf",".pdf","5573316","9BAE56E537BD6496FFB18E27DBEA23244E0044A2339328831FBB43A372A99336","2026-06-17T21:41:17Z"
"SHARED","mankiw n.g. principles of economics (3ed., thomson, 2003)(isbn 0324168624)(791s)_gg_.pdf","shared","resources/source-material/shared/Mankiw N.G. Principles of economics (3ed., Thomson, 2003)(ISBN 0324168624)(791s)_GG_.pdf","Mankiw N.G. Principles of economics (3ed., Thomson, 2003)(ISBN 0324168624)(791s)_GG_.pdf","Mankiw N.G. Principles of economics (3ed., Thomson, 2003)(ISBN 0324168624)(791s)_GG_.pdf",".pdf","5911489","76EF529DE69693226BA6514B9D67B79FB5935DE6347047B352B329B89258A2C3","2026-06-17T21:41:17Z"
"SHARED","mankiw n.g. principles of macroeconomics (3ed., thomson, 2003)(isbn 0324171897)(o)(509s)_gk_.pdf","shared","resources/source-material/shared/Mankiw N.G. Principles of Macroeconomics (3ed., Thomson, 2003)(ISBN 0324171897)(O)(509s)_GK_.pdf","Mankiw N.G. Principles of Macroeconomics (3ed., Thomson, 2003)(ISBN 0324171897)(O)(509s)_GK_.pdf","Mankiw N.G. Principles of Macroeconomics (3ed., Thomson, 2003)(ISBN 0324171897)(O)(509s)_GK_.pdf",".pdf","8003602","0C892DE3421425CC792B63F4DE191E522BFA2111EDAEE01123B10C2961AC6375","2026-06-17T21:41:17Z"
"SHARED","mankiw n.g. principles of microeconomics  2001.pdf","shared","resources/source-material/shared/Mankiw N.G. Principles of microeconomics  2001.pdf","Mankiw N.G. Principles of microeconomics  2001.pdf","Mankiw N.G. Principles of microeconomics  2001.pdf",".pdf","5183818","0B20990129987D7997FB84405CAB3F002AF807B01EF700D316F122A0F69738E8","2026-06-17T21:41:17Z"
"SHARED","mankiw n.g. principles of microeconomics (4ed., thomson, 2007)(isbn 0324319169)(o)(481s)_gc_.pdf","shared","resources/source-material/shared/Mankiw N.G. Principles of microeconomics (4ed., Thomson, 2007)(ISBN 0324319169)(O)(481s)_GC_.pdf","Mankiw N.G. Principles of microeconomics (4ed., Thomson, 2007)(ISBN 0324319169)(O)(481s)_GC_.pdf","Mankiw N.G. Principles of microeconomics (4ed., Thomson, 2007)(ISBN 0324319169)(O)(481s)_GC_.pdf",".pdf","5927765","1DE4F228947EF80E2E9DF2885535BFA5D1B97FE8C91F09645F25B7CC6C47F486","2026-06-17T21:41:17Z"
"SHARED","manolopoulos - greece_s _odious_ debt_ the looting of the hellenic republic (2011).pdf","shared","resources/source-material/shared/Manolopoulos - Greece_s _Odious_ Debt_ the Looting of the Hellenic Republic (2011).pdf","Manolopoulos - Greece_s _Odious_ Debt_ the Looting of the Hellenic Republic (2011).pdf","Manolopoulos - Greece_s _Odious_ Debt_ the Looting of the Hellenic Republic (2011).pdf",".pdf","7986151","17994103A00B27D24403C3830CA44F7F1A07121C0EB1E13B4F5E016EB51E9F4B","2026-06-17T21:41:17Z"
"SHARED","mansharamani - boombustology_ spotting financial bubbles before they burst (2011).pdf","shared","resources/source-material/shared/Mansharamani - Boombustology_ Spotting Financial Bubbles Before They Burst (2011).pdf","Mansharamani - Boombustology_ Spotting Financial Bubbles Before They Burst (2011).pdf","Mansharamani - Boombustology_ Spotting Financial Bubbles Before They Burst (2011).pdf",".pdf","1767773","6FF0A5D617A6DA53AA9886191078F145738D2AEA8EDD6504F71892DAABC0E36B","2026-06-17T21:41:17Z"
"SHARED","marazzi - the violence of financial capitalism (2010).pdf","shared","resources/source-material/shared/Marazzi - The Violence of Financial Capitalism (2010).pdf","Marazzi - The Violence of Financial Capitalism (2010).pdf","Marazzi - The Violence of Financial Capitalism (2010).pdf",".pdf","2521403","B407B63A1ECB2220D3444AE043E640F18AC3C56E66120191349A3C1A15FF77C3","2026-06-17T21:41:17Z"
"SHARED","mariano r.s., tse y.-k. (eds.) econometric forecasting and high-frequency data analysis (ws, 2008)(isbn 9812778950)(200s)_gl_.pdf","shared","resources/source-material/shared/Mariano R.S., Tse Y.-K. (eds.) Econometric Forecasting And High-Frequency Data Analysis (WS, 2008)(ISBN 9812778950)(200s)_GL_.pdf","Mariano R.S., Tse Y.-K. (eds.) Econometric Forecasting And High-Frequency Data Analysis (WS, 2008)(ISBN 9812778950)(200s)_GL_.pdf","Mariano R.S., Tse Y.-K. (eds.) Econometric Forecasting And High-Frequency Data Analysis (WS, 2008)(ISBN 9812778950)(200s)_GL_.pdf",".pdf","1143401","25D6A30AA4A70E476AFCF34D04BCDC2AE908EE7DCBB4F840186BC04A7B7C67E3","2026-06-17T21:41:17Z"
"SHARED","mark n.c. international macroeconomics and finance (draft, blackwell, 2000)(isbn 063122288x)(o)(376s)_gi_.pdf","shared","resources/source-material/shared/Mark N.C. International Macroeconomics and Finance (draft, Blackwell, 2000)(ISBN 063122288X)(O)(376s)_GI_.pdf","Mark N.C. International Macroeconomics and Finance (draft, Blackwell, 2000)(ISBN 063122288X)(O)(376s)_GI_.pdf","Mark N.C. International Macroeconomics and Finance (draft, Blackwell, 2000)(ISBN 063122288X)(O)(376s)_GI_.pdf",".pdf","2294171","AB4BAB6529660410B9BA1F5FBAA83D3547BED7FD47E2CBC511A34AF3D131350F","2026-06-17T21:41:17Z"
"SHARED","marketing branding - defending the brand - aggressive strategies for protecting your brand in the online~0.pdf","shared","resources/source-material/shared/Marketing Branding - Defending the Brand - Aggressive Strategies for Protecting Your Brand in the Online~0.pdf","Marketing Branding - Defending the Brand - Aggressive Strategies for Protecting Your Brand in the Online~0.pdf","Marketing Branding - Defending the Brand - Aggressive Strategies for Protecting Your Brand in the Online~0.pdf",".pdf","7825611","8C9843D5191B2AB30B50F0A59BAEE3B06DFFD0659A577E9349DFF4CCF55B3E9B","2026-06-17T21:41:17Z"
"SHARED","marketing, planning and strategy.pdf","shared","resources/source-material/shared/Marketing, Planning And Strategy.pdf","Marketing, Planning And Strategy.pdf","Marketing, Planning And Strategy.pdf",".pdf","17777068","BC4D77325DC65D2F46C97D2B9F4A0A69ED2799E2BAE03C5D34A490D67F2A764C","2026-06-17T21:41:17Z"
"SHARED","markets with a continuum of traders - robert aumann.pdf","shared","resources/source-material/shared/Markets with a continuum of traders - Robert Aumann.pdf","Markets with a continuum of traders - Robert Aumann.pdf","Markets with a continuum of traders - Robert Aumann.pdf",".pdf","1452950","67B847330E75C949399D9484EF8A8CFC02A64A88EDF5E059A5AE3EB1A8D2E6A2","2026-06-17T21:41:17Z"
"SHARED","markov chains and stochastic stability - meyn s.pdf","shared","resources/source-material/shared/Markov Chains and Stochastic Stability - Meyn S.pdf","Markov Chains and Stochastic Stability - Meyn S.pdf","Markov Chains and Stochastic Stability - Meyn S.pdf",".pdf","7407796","5170B04B353322BEF49FE604A3004A4688AAD1A945548A2D4DB643AE7539D10A","2026-06-17T21:41:17Z"
"SHARED","martingale methods in financial modelling-musiela.pdf","shared","resources/source-material/shared/Martingale Methods in Financial Modelling-Musiela.pdf","Martingale Methods in Financial Modelling-Musiela.pdf","Martingale Methods in Financial Modelling-Musiela.pdf",".pdf","32984557","9798A32276A89562D15AFB478D00BF00FCD12E34D6D8E7F5ACD73FCA900691DF","2026-06-17T21:41:17Z"
"SHARED","marx.capital vol 1.djvu","shared","resources/source-material/shared/Marx.Capital Vol 1.djvu","Marx.Capital Vol 1.djvu","Marx.Capital Vol 1.djvu",".djvu","16994709","561FED2621E6E9808B2B4A52C70AB30259CBF7E6AB0EEE15E8BFE02C1F11189D","2026-06-17T21:41:17Z"
"SHARED","mas-colell, whinston, and green (501 pages).pdf","shared","resources/source-material/shared/Mas-Colell, Whinston, and Green (501 pages).pdf","Mas-Colell, Whinston, and Green (501 pages).pdf","Mas-Colell, Whinston, and Green (501 pages).pdf",".pdf","39007956","D4FC4D8AE4265AFFCD182078DAF63318DCE3E2C7AC9FA120273A74354B7D4243","2026-06-17T21:41:18Z"
"SHARED","mastering _metrics_ the path fr - joshua d. angrist.epub","shared","resources/source-material/shared/Mastering _Metrics_ The Path fr - Joshua D. Angrist.epub","Mastering _Metrics_ The Path fr - Joshua D. Angrist.epub","Mastering _Metrics_ The Path fr - Joshua D. Angrist.epub",".epub","3117115","1991399FA248E9AC9F0E46621C31A5DBBA170457CFA1D564C79F240503B41AC1","2026-06-17T21:41:18Z"
"SHARED","math - mcgraw hil - probability rand.pdf","shared","resources/source-material/shared/Math - McGraw Hil - Probability Rand.pdf","Math - McGraw Hil - Probability Rand.pdf","Math - McGraw Hil - Probability Rand.pdf",".pdf","7011007","077EC4CA14BFF319E40AC49DF0F5C63F670CCE11DCADA125AAB6E126CF334E5D","2026-06-17T21:41:18Z"
"SHARED","math - mcgraw hil - probability random variables and stochastic processes solutions manual - papoulis - 2002.pdf","shared","resources/source-material/shared/Math - McGraw Hil - Probability Random Variables and Stochastic Processes Solutions Manual - Papoulis - 2002.pdf","Math - McGraw Hil - Probability Random Variables and Stochastic Processes Solutions Manual - Papoulis - 2002.pdf","Math - McGraw Hil - Probability Random Variables and Stochastic Processes Solutions Manual - Papoulis - 2002.pdf",".pdf","17113967","DA908A18AB2A7220D0EC05AFD19C22800F53645376CE5B1E67A265A75C8A6777","2026-06-17T21:41:18Z"
"SHARED","mathematical economics and finance harrison &  waldron.pdf","shared","resources/source-material/shared/Mathematical Economics and Finance Harrison &  Waldron.pdf","Mathematical Economics and Finance Harrison &  Waldron.pdf","Mathematical Economics and Finance Harrison &  Waldron.pdf",".pdf","1391916","08544A0DA9CAA6FF40DDC0370281FCBD5CAF51160AF0D24CE8085EE73092A362","2026-06-17T21:41:18Z"
"SHARED","mathematical finance-fries.pdf","shared","resources/source-material/shared/Mathematical Finance-Fries.pdf","Mathematical Finance-Fries.pdf","Mathematical Finance-Fries.pdf",".pdf","17215507","D1A716DAE849552E66B30493CD5D273EE016D9177EF3D23F8835EF7E9D56389E","2026-06-17T21:41:18Z"
"SHARED","mathematical models for evacuation p.pdf","shared","resources/source-material/shared/Mathematical Models for Evacuation P.pdf","Mathematical Models for Evacuation P.pdf","Mathematical Models for Evacuation P.pdf",".pdf","5421521","3DAED21E3289BCA8B2E2B240EAA8E7E39AA230B8993C33FD68EAFD22CC6E78E6","2026-06-17T21:41:18Z"
"SHARED","mathematical statistics (and corrections) by jun shao, springer 1998 (545 pages).pdf","shared","resources/source-material/shared/Mathematical Statistics (and corrections) by Jun Shao, Springer 1998 (545 pages).pdf","Mathematical Statistics (and corrections) by Jun Shao, Springer 1998 (545 pages).pdf","Mathematical Statistics (and corrections) by Jun Shao, Springer 1998 (545 pages).pdf",".pdf","34023145","403C4EBF76BB97E10059C7C4266856E74674D0D30670EBDAF1DDE6E44FD2805D","2026-06-17T21:41:18Z"
"SHARED","mathematics - getting started with mathematica.pdf","shared","resources/source-material/shared/Mathematics - Getting Started with Mathematica.pdf","Mathematics - Getting Started with Mathematica.pdf","Mathematics - Getting Started with Mathematica.pdf",".pdf","162328","A0C46C3C6FA9DC58A552242B9037DA473A7618768E2F8FC8A9773CDADE9F65CF","2026-06-17T21:41:18Z"
"SHARED","mathematics - introduction to probability theory.pdf","shared","resources/source-material/shared/Mathematics - Introduction to Probability Theory.pdf","Mathematics - Introduction to Probability Theory.pdf","Mathematics - Introduction to Probability Theory.pdf",".pdf","2942191","8EE0A762605C058D78AB919D3B003CB41027AAE440C3A1C78554D1BFBDF0C4A9","2026-06-17T21:41:18Z"
"SHARED","mathematics - mathematica course.pdf","shared","resources/source-material/shared/Mathematics - Mathematica Course.pdf","Mathematics - Mathematica Course.pdf","Mathematics - Mathematica Course.pdf",".pdf","177201","FBD7F8F552E8E394E7869859455833CE2D6274397BD6EA407DA800730FB70A1D","2026-06-17T21:41:18Z"
"SHARED","mathematics - probabilistic inference using markov chain monte carlo methods.pdf","shared","resources/source-material/shared/Mathematics - Probabilistic Inference using Markov Chain Monte Carlo Methods.pdf","Mathematics - Probabilistic Inference using Markov Chain Monte Carlo Methods.pdf","Mathematics - Probabilistic Inference using Markov Chain Monte Carlo Methods.pdf",".pdf","1042045","45A4C5D87454B4185A41471A873A92102DC35822C87582E0081200DEE9080AD4","2026-06-17T21:41:18Z"
"SHARED","mathematics for economics and business (5th edition)_0273701959_ian jacques.pdf","shared","resources/source-material/shared/Mathematics for Economics and Business (5th Edition)_0273701959_Ian Jacques.pdf","Mathematics for Economics and Business (5th Edition)_0273701959_Ian Jacques.pdf","Mathematics for Economics and Business (5th Edition)_0273701959_Ian Jacques.pdf",".pdf","22492647","FA561021BEAA850C269D674FA5792C1DAE08859230F377C9768227FA30F910E9","2026-06-17T21:41:18Z"
"SHARED","mathematics for finance - an introduction to financial engineering-capinski.pdf","shared","resources/source-material/shared/Mathematics for Finance - An Introduction to Financial Engineering-Capinski.pdf","Mathematics for Finance - An Introduction to Financial Engineering-Capinski.pdf","Mathematics for Finance - An Introduction to Financial Engineering-Capinski.pdf",".pdf","6818553","6C88AD95130EE9B694AB4356C6148BE5C56A50C56B2A5293CD4D663DFE8E4D6A","2026-06-17T21:41:18Z"
"SHARED","mathematics of financial markets-elliot.pdf","shared","resources/source-material/shared/Mathematics of Financial Markets-Elliot.pdf","Mathematics of Financial Markets-Elliot.pdf","Mathematics of Financial Markets-Elliot.pdf",".pdf","2145931","DC0AF5B3722084128C164D4DF54B34C1CD490573BDEBE54DC911CEEC38586D3F","2026-06-17T21:41:18Z"
"SHARED","mathematics textbook expanded solutions.pdf","shared","resources/source-material/shared/Mathematics Textbook Expanded Solutions.pdf","Mathematics Textbook Expanded Solutions.pdf","Mathematics Textbook Expanded Solutions.pdf",".pdf","1868869","A965F0B086BAF4B1A7134BB352CC494EDFEE72EF2E52FD0E70FA59506DE249AD","2026-06-17T21:41:18Z"
"SHARED","maths for eco questions and answers.pdf","shared","resources/source-material/shared/Maths for eco questions and answers.pdf","Maths for eco questions and answers.pdf","Maths for eco questions and answers.pdf",".pdf","7244708","A0769D7F0F47630E6E45B631739A16D55E93A67AD3D444494DAE013DE8D3DF9F","2026-06-17T21:41:18Z"
"SHARED","matlab_linearalgebra.pdf","shared","resources/source-material/shared/MATLAB_LinearAlgebra.pdf","MATLAB_LinearAlgebra.pdf","MATLAB_LinearAlgebra.pdf",".pdf","27334","83E2DEE7D32B8BD86155FCA080E04A5D2EDC31D25C15607E9D7CE16FCAC9F9B3","2026-06-17T21:41:18Z"
"SHARED","matrix algebra review.pdf","shared","resources/source-material/shared/Matrix Algebra Review.pdf","Matrix Algebra Review.pdf","Matrix Algebra Review.pdf",".pdf","110286","222B578484EEDD99F8D57EB40B6E447606E34CE59EF1B3250ACE1F1A51A423C9","2026-06-17T21:41:18Z"
"SHARED","matrix analysis and applied linear algebra.pdf","shared","resources/source-material/shared/Matrix analysis and applied linear algebra.pdf","Matrix analysis and applied linear algebra.pdf","Matrix analysis and applied linear algebra.pdf",".pdf","8802772","8103DC78EA0C4FA952E28D3443E756D2D0AC62690D1D9FBEF03C2FB168DE6275","2026-06-17T21:41:18Z"
"SHARED","matrix computations and semiseparabl 1.pdf","shared","resources/source-material/shared/Matrix Computations and Semiseparabl 1.pdf","Matrix Computations and Semiseparabl 1.pdf","Matrix Computations and Semiseparabl 1.pdf",".pdf","3151354","BCBBEC1827063862A5A506D3C333EFC78B9CBD799CE5B389208B9612F10FB4DD","2026-06-17T21:41:18Z"
"SHARED","matrix computations and semiseparabl.pdf","shared","resources/source-material/shared/Matrix Computations and Semiseparabl.pdf","Matrix Computations and Semiseparabl.pdf","Matrix Computations and Semiseparabl.pdf",".pdf","3049328","B96DF0E67F02701F65C4E9C0C4E541B37C1FC94B077DF4DD0C5EA6E4554ABD4B","2026-06-17T21:41:18Z"
"SHARED","matson c. (ed.) the economy of early america (penn state, 2006)(isbn 0271027118)(o)(389s)_gh_.pdf","shared","resources/source-material/shared/Matson C. (ed.) The economy of early America (Penn State, 2006)(ISBN 0271027118)(O)(389s)_GH_.pdf","Matson C. (ed.) The economy of early America (Penn State, 2006)(ISBN 0271027118)(O)(389s)_GH_.pdf","Matson C. (ed.) The economy of early America (Penn State, 2006)(ISBN 0271027118)(O)(389s)_GH_.pdf",".pdf","2805443","C3190E3D9A684FED38520DEF084D5B00DF5E3FCAA4DF8B72E06542060B314664","2026-06-17T21:41:18Z"
"SHARED","matthews - elementary linear algebra.pdf","shared","resources/source-material/shared/Matthews - Elementary Linear Algebra.pdf","Matthews - Elementary Linear Algebra.pdf","Matthews - Elementary Linear Algebra.pdf",".pdf","1239077","B8514473B6DAFFA2759CA5F17BF2B7BEE7FD4C3572C27E1B578589586D1615CB","2026-06-17T21:41:18Z"
"SHARED","matthews - struggle and survival on wall street the economics of competition among securities firms (1994).djvu","shared","resources/source-material/shared/Matthews - Struggle and Survival on Wall Street The Economics of Competition among Securities Firms (1994).djvu","Matthews - Struggle and Survival on Wall Street The Economics of Competition among Securities Firms (1994).djvu","Matthews - Struggle and Survival on Wall Street The Economics of Competition among Securities Firms (1994).djvu",".djvu","2442577","AD8F2BB34C2EFD66404B175CEDFDDE2B0C0BF7CEDAE01CF1D23E6534138292E9","2026-06-17T21:41:19Z"
"SHARED","matthews r., feinstein c., odling-smee j. british economic growth 1856-1973 (oup, 1982)(isbn 0198284535)(o)(737s)_gh_.pdf","shared","resources/source-material/shared/Matthews R., Feinstein C., Odling-Smee J. British economic growth 1856-1973 (OUP, 1982)(ISBN 0198284535)(O)(737s)_GH_.pdf","Matthews R., Feinstein C., Odling-Smee J. British economic growth 1856-1973 (OUP, 1982)(ISBN 0198284535)(O)(737s)_GH_.pdf","Matthews R., Feinstein C., Odling-Smee J. British economic growth 1856-1973 (OUP, 1982)(ISBN 0198284535)(O)(737s)_GH_.pdf",".pdf","4291290","EE0029317F4919BD87AAED572E18E83BBAFB41DB590BC155566A39DA07EEAB11","2026-06-17T21:41:19Z"
"SHARED","mauldin - endgame_ the end of the debt supercycle and how it changes everything (2011).pdf","shared","resources/source-material/shared/Mauldin - Endgame_ the End of the Debt Supercycle and how It Changes Everything (2011).pdf","Mauldin - Endgame_ the End of the Debt Supercycle and how It Changes Everything (2011).pdf","Mauldin - Endgame_ the End of the Debt Supercycle and how It Changes Everything (2011).pdf",".pdf","1651255","E5A7AC2C8691538236B871D1005212EEDFCC4169D0D53D7FC211D6447034AE7E","2026-06-17T21:41:19Z"
"SHARED","mauldin & tepper - endgame_ the end of the debt supercycle and how it changes everything (2011).epub","shared","resources/source-material/shared/Mauldin & Tepper - Endgame_ the End of the Debt Supercycle and How It Changes Everything (2011).epub","Mauldin & Tepper - Endgame_ the End of the Debt Supercycle and How It Changes Everything (2011).epub","Mauldin & Tepper - Endgame_ the End of the Debt Supercycle and How It Changes Everything (2011).epub",".epub","3389136","749E04DDF53F13DED2D12DD1FDF50D272C0B4316312AA02978EA6DD111DF2D4F","2026-06-17T21:41:19Z"
"SHARED","maxfield s. gatekeepers of growth.. central banking in developing countries (pup, 1997)(isbn 0691026874)(o)(197s)_gi_.pdf","shared","resources/source-material/shared/Maxfield S. Gatekeepers of growth.. Central banking in developing countries (PUP, 1997)(ISBN 0691026874)(O)(197s)_GI_.pdf","Maxfield S. Gatekeepers of growth.. Central banking in developing countries (PUP, 1997)(ISBN 0691026874)(O)(197s)_GI_.pdf","Maxfield S. Gatekeepers of growth.. Central banking in developing countries (PUP, 1997)(ISBN 0691026874)(O)(197s)_GI_.pdf",".pdf","1083181","BB3D49E4F4FBE167A6A238C3DE1AF86C76460FBE99969558F2F7EC5BBB86E05B","2026-06-17T21:41:19Z"
"SHARED","maxwell - the price is wrong_ understanding what makes a price seem fair and the true cost of unfair pricing (2008).pdf","shared","resources/source-material/shared/Maxwell - The Price Is Wrong_ Understanding What Makes a Price Seem Fair and the True Cost of Unfair Pricing (2008).pdf","Maxwell - The Price Is Wrong_ Understanding What Makes a Price Seem Fair and the True Cost of Unfair Pricing (2008).pdf","Maxwell - The Price Is Wrong_ Understanding What Makes a Price Seem Fair and the True Cost of Unfair Pricing (2008).pdf",".pdf","1447064","5D707A929E31A216A9CE0D21F2634F4423F40D5DBE29D428104D4E07408ACEF4","2026-06-17T21:41:19Z"
"SHARED","mayo - exile on wall street_ one analyst_s fight to save the big banks from themselves (2012).epub","shared","resources/source-material/shared/Mayo - Exile on Wall Street_ One Analyst_s Fight to Save the Big Banks from Themselves (2012).epub","Mayo - Exile on Wall Street_ One Analyst_s Fight to Save the Big Banks from Themselves (2012).epub","Mayo - Exile on Wall Street_ One Analyst_s Fight to Save the Big Banks from Themselves (2012).epub",".epub","578513","291C95EBF24EE2155FA546C7C1CC4B182FB840BC03CC14556673DD0ECB638496","2026-06-17T21:41:19Z"
"SHARED","mba in finance.pdf","shared","resources/source-material/shared/Mba In Finance.pdf","Mba In Finance.pdf","Mba In Finance.pdf",".pdf","1400925","C387F4A078E26A84E5B348283282BFAC383DF79A2F5427E385B1ADD100A3BC27","2026-06-17T21:41:19Z"
"SHARED","mba_fundamentals_statistics.pdf","shared","resources/source-material/shared/MBA_Fundamentals_Statistics.pdf","MBA_Fundamentals_Statistics.pdf","MBA_Fundamentals_Statistics.pdf",".pdf","12185407","2F725C36D4B064209A38F7388F905B573791FE58C19F91E874110B7D494DDFE9","2026-06-17T21:41:19Z"
"SHARED","mcafee r.p. introduction to economic analysis (caltech, 2006)(isbn 160049000x)(328s)_gg_.pdf","shared","resources/source-material/shared/McAfee R.P. Introduction to Economic Analysis (Caltech, 2006)(ISBN 160049000X)(328s)_GG_.pdf","McAfee R.P. Introduction to Economic Analysis (Caltech, 2006)(ISBN 160049000X)(328s)_GG_.pdf","McAfee R.P. Introduction to Economic Analysis (Caltech, 2006)(ISBN 160049000X)(328s)_GG_.pdf",".pdf","2691519","F29B263EC6DEDA201D43E593ACDF853B16B3E9B9759BEF41B9DD77F8A6B460B8","2026-06-17T21:41:19Z"
"SHARED","mccall - financial recovery_ developing a healthy relationship with money (2011).epub","shared","resources/source-material/shared/McCall - Financial Recovery_ Developing a Healthy Relationship with Money (2011).epub","McCall - Financial Recovery_ Developing a Healthy Relationship with Money (2011).epub","McCall - Financial Recovery_ Developing a Healthy Relationship with Money (2011).epub",".epub","763023","9A95D01B008888D9220D57B12E6678B64160EA24598F5CB6CBD3810F4C240BA1","2026-06-17T21:41:19Z"
"SHARED","mccarty et al - political bubbles_ financial crisis and the failure of american democracy (2013).pdf","shared","resources/source-material/shared/McCarty et al - Political Bubbles_ Financial Crisis and the Failure of American Democracy (2013).pdf","McCarty et al - Political Bubbles_ Financial Crisis and the Failure of American Democracy (2013).pdf","McCarty et al - Political Bubbles_ Financial Crisis and the Failure of American Democracy (2013).pdf",".pdf","2142202","A54F48D1D51DEA2BC92629FD2E49774D5E66760D55AF26F63E8BEC8EF4F1220E","2026-06-17T21:41:19Z"
"SHARED","mcclellan - full of bull_ unscramble wall street doubletalk to protect and build your portfolio (2010).pdf","shared","resources/source-material/shared/McClellan - Full of Bull_ Unscramble Wall Street Doubletalk to Protect and Build Your Portfolio (2010).pdf","McClellan - Full of Bull_ Unscramble Wall Street Doubletalk to Protect and Build Your Portfolio (2010).pdf","McClellan - Full of Bull_ Unscramble Wall Street Doubletalk to Protect and Build Your Portfolio (2010).pdf",".pdf","1099133","13C38D35F6C81E4B1E0DD1F8F353FFCC0DAC01EF82E7BB1C7E81E0664DE0B92A","2026-06-17T21:41:19Z"
"SHARED","mccleskey - when free markets fail_  saving the market when it can_t save itself (2010).pdf","shared","resources/source-material/shared/McCleskey - When Free Markets Fail_  Saving the Market When It Can_t Save Itself (2010).pdf","McCleskey - When Free Markets Fail_  Saving the Market When It Can_t Save Itself (2010).pdf","McCleskey - When Free Markets Fail_  Saving the Market When It Can_t Save Itself (2010).pdf",".pdf","12830363","5B075BBEED75DB5160240E2E72A4FAB8B47B481058ECA43D49EC9589FF888D34","2026-06-17T21:41:19Z"
"SHARED","mcelvaine - the great depression_ america, 1929-1941 (2009).pdf","shared","resources/source-material/shared/McElvaine - The Great Depression_ America, 1929-1941 (2009).pdf","McElvaine - The Great Depression_ America, 1929-1941 (2009).pdf","McElvaine - The Great Depression_ America, 1929-1941 (2009).pdf",".pdf","3843569","FB991709BFC29D435F7F33B5A371372AF0A44B640AB515F96CEF98E8B534A1EC","2026-06-17T21:41:19Z"
"SHARED","mcgraw hill - fundamentals corporate finance.pdf","shared","resources/source-material/shared/McGraw Hill - Fundamentals Corporate Finance.pdf","McGraw Hill - Fundamentals Corporate Finance.pdf","McGraw Hill - Fundamentals Corporate Finance.pdf",".pdf","3934669","5AA2F3D2DCF92F416060BDB01428C29C12E8A45D163DD542839C88695EAFC41D","2026-06-17T21:41:19Z"
"SHARED","mcgraw hill - schaum_s outlines statistics (4th ed - 2008).pdf","shared","resources/source-material/shared/McGraw Hill - Schaum_s Outlines Statistics (4th Ed - 2008).pdf","McGraw Hill - Schaum_s Outlines Statistics (4th Ed - 2008).pdf","McGraw Hill - Schaum_s Outlines Statistics (4th Ed - 2008).pdf",".pdf","4426032","6AFFE2941AE7E1418F1EDBB4DC8A4EE5DE68D4998EF39829B1704362434F1777","2026-06-17T21:41:19Z"
"SHARED","mcgraw.hill..accounting.for.managers.ebook-lib.pdf","shared","resources/source-material/shared/McGraw.Hill..Accounting.For.Managers.eBook-LiB.pdf","McGraw.Hill..Accounting.For.Managers.eBook-LiB.pdf","McGraw.Hill..Accounting.For.Managers.eBook-LiB.pdf",".pdf","3179955","067F1899388CC3E44203D9A7516A1BE004E57F72859896A3384620A14A949AA0","2026-06-17T21:41:20Z"
"SHARED","mcgraw-hill - brealey & myers - finance - financial analysis with excel.pdf","shared","resources/source-material/shared/McGraw-Hill - Brealey & Myers - Finance - Financial Analysis With Excel.PDF","McGraw-Hill - Brealey & Myers - Finance - Financial Analysis With Excel.PDF","McGraw-Hill - Brealey & Myers - Finance - Financial Analysis With Excel.PDF",".pdf","5633621","8E24E1C22C49B41F8CD424EA166F13C06155523AF66DE8562F70BA068B36B348","2026-06-17T21:41:19Z"
"SHARED","mcgraw-hill - brealey & myers - finance - investment valuation, 2nd edition.pdf","shared","resources/source-material/shared/Mcgraw-Hill - Brealey & Myers - Finance - Investment Valuation, 2Nd Edition.pdf","Mcgraw-Hill - Brealey & Myers - Finance - Investment Valuation, 2Nd Edition.pdf","Mcgraw-Hill - Brealey & Myers - Finance - Investment Valuation, 2Nd Edition.pdf",".pdf","4018480","96B2DE8615E4E9E3492CBAFB490EA665C69640C167FA15CB8C13A0D7C53C031B","2026-06-17T21:41:19Z"
"SHARED","mcgraw-hill - brealey & myers - finance - statistical analysis with excel.pdf","shared","resources/source-material/shared/McGraw-Hill - Brealey & Myers - Finance - Statistical Analysis With Excel.pdf","McGraw-Hill - Brealey & Myers - Finance - Statistical Analysis With Excel.pdf","McGraw-Hill - Brealey & Myers - Finance - Statistical Analysis With Excel.pdf",".pdf","1567930","456530FDE8B8F0B0D0EEDE237D1BA01DA5B8E4EA680CB70566C368DB2941FBF7","2026-06-17T21:41:19Z"
"SHARED","mcgraw-hill - briefcase books - finance for non-financial managers.pdf","shared","resources/source-material/shared/McGraw-Hill - Briefcase Books - Finance for Non-Financial Managers.pdf","McGraw-Hill - Briefcase Books - Finance for Non-Financial Managers.pdf","McGraw-Hill - Briefcase Books - Finance for Non-Financial Managers.pdf",".pdf","147630","32173DF7169B4D16516712B5A1DDB1294C69FE27C790FBE331E5CB1D7E4609AA","2026-06-17T21:41:19Z"
"SHARED","mcgraw-hill - business statistics demystified.pdf","shared","resources/source-material/shared/McGraw-Hill - Business Statistics Demystified.pdf","McGraw-Hill - Business Statistics Demystified.pdf","McGraw-Hill - Business Statistics Demystified.pdf",".pdf","6186414","3A655200780C316DE0A29C4283DBF6B629DD4905DF4D8E2AD7C692A52C6370AE","2026-06-17T21:41:19Z"
"SHARED","mcgraw-hill - development economics studies - the world economy - a millennial perspective.pdf","shared","resources/source-material/shared/McGraw-Hill - Development Economics Studies - The World Economy - A Millennial Perspective.pdf","McGraw-Hill - Development Economics Studies - The World Economy - A Millennial Perspective.pdf","McGraw-Hill - Development Economics Studies - The World Economy - A Millennial Perspective.pdf",".pdf","2366920","1AF6C5904A44B90453B9342E51B07FA1C6B875F4BB29AFC87896C85EAEE2C745","2026-06-17T21:41:19Z"
"SHARED","mcgrawhill - finance for non-financial managers.pdf","shared","resources/source-material/shared/McGrawHill - Finance for Non-Financial Managers.pdf","McGrawHill - Finance for Non-Financial Managers.pdf","McGrawHill - Finance for Non-Financial Managers.pdf",".pdf","2618573","FE2CC4939EFA56556AA2512997561531E33016271F9A389696B59AB1B9B13C59","2026-06-17T21:41:20Z"
"SHARED","mcgraw-hill - foundations of international economics.pdf","shared","resources/source-material/shared/McGraw-Hill - Foundations of International Economics.pdf","McGraw-Hill - Foundations of International Economics.pdf","McGraw-Hill - Foundations of International Economics.pdf",".pdf","27758708","DE3B60E8FE9361F32DAC7A2F6F635BC037A86FE3203AF11CF396934DE7407A87","2026-06-17T21:41:19Z"
"SHARED","mcgraw-hill - fundamentals of managerial economics.pdf","shared","resources/source-material/shared/Mcgraw-Hill - Fundamentals Of Managerial Economics.pdf","Mcgraw-Hill - Fundamentals Of Managerial Economics.pdf","Mcgraw-Hill - Fundamentals Of Managerial Economics.pdf",".pdf","9688661","F57F54AEDAD5F502FDF61292C2D49B74BA9E6514A30ED1572D3C241C9186F985","2026-06-17T21:41:19Z"
"SHARED","mcgraw-hill - principles of corporate finance.pdf","shared","resources/source-material/shared/McGraw-Hill - Principles Of Corporate Finance.pdf","McGraw-Hill - Principles Of Corporate Finance.pdf","McGraw-Hill - Principles Of Corporate Finance.pdf",".pdf","3523731","C6A5CD5CD5BCC631D9E60CC4924FBED7F05DAE2F27EEBD4A1A164D55E73F3D43","2026-06-17T21:41:19Z"
"SHARED","mcgraw-hill - probability, random variables and random processes (schaum_s outlines, ocr) - 1997.pdf","shared","resources/source-material/shared/Mcgraw-Hill - Probability, Random Variables And Random Processes (Schaum_s Outlines, Ocr) - 1997.pdf","Mcgraw-Hill - Probability, Random Variables And Random Processes (Schaum_s Outlines, Ocr) - 1997.pdf","Mcgraw-Hill - Probability, Random Variables And Random Processes (Schaum_s Outlines, Ocr) - 1997.pdf",".pdf","4714613","EA1832BE5648BAD8D876ADD10FC7DF9B7C2CCBAE7D4CE8A71AD229F8ABB9630B","2026-06-17T21:41:19Z"
"SHARED","mcgraw-hill - the law of financial success.pdf","shared","resources/source-material/shared/McGraw-Hill - The Law of Financial Success.pdf","McGraw-Hill - The Law of Financial Success.pdf","McGraw-Hill - The Law of Financial Success.pdf",".pdf","18251386","7E34E1238A7A208E2A08CB3D21F99FCD2A3A9858026F03DBC5AC75E056400849","2026-06-17T21:41:20Z"
"SHARED","mcgraw-hill osborne - accounting for managers.pdf","shared","resources/source-material/shared/MCGraw-Hill Osborne - Accounting for Managers.pdf","MCGraw-Hill Osborne - Accounting for Managers.pdf","MCGraw-Hill Osborne - Accounting for Managers.pdf",".pdf","2838584","49333C47373EB7718614395BAAD8AE866567F8236F0600D3F10795A6D0931FEE","2026-06-17T21:41:20Z"
"SHARED","mcgraw-hill osborne schaum_s outline principles of economics 2nd.pdf","shared","resources/source-material/shared/MCGraw-Hill Osborne Schaum_s Outline Principles of Economics 2nd.pdf","MCGraw-Hill Osborne Schaum_s Outline Principles of Economics 2nd.pdf","MCGraw-Hill Osborne Schaum_s Outline Principles of Economics 2nd.pdf",".pdf","2317751","75A7D7AA28C0F8A6BCD2021BBAC7AB4E0975EB7E856AA391BFE03878E8F6F167","2026-06-17T21:41:20Z"
"SHARED","mcgraw-hill.schaums.easy.outline.bookkeeping.and.accounting.ebook-yyepg.pdf","shared","resources/source-material/shared/McGraw-Hill.Schaums.Easy.Outline.Bookkeeping.and.Accounting.eBook-YYePG.pdf","McGraw-Hill.Schaums.Easy.Outline.Bookkeeping.and.Accounting.eBook-YYePG.pdf","McGraw-Hill.Schaums.Easy.Outline.Bookkeeping.and.Accounting.eBook-YYePG.pdf",".pdf","5311233","19766A6EC69A33FA63A1B269BCC6E31E7377F3AA552BDEBF6A0652BBDC2B98C5","2026-06-17T21:41:20Z"
"SHARED","mckenzie r.b., lee d.r. microeconomics for mbas (cup, 2006)(isbn 0521859816)(595s)_gc_.pdf","shared","resources/source-material/shared/McKenzie R.B., Lee D.R. Microeconomics for MBAs (CUP, 2006)(ISBN 0521859816)(595s)_GC_.pdf","McKenzie R.B., Lee D.R. Microeconomics for MBAs (CUP, 2006)(ISBN 0521859816)(595s)_GC_.pdf","McKenzie R.B., Lee D.R. Microeconomics for MBAs (CUP, 2006)(ISBN 0521859816)(595s)_GC_.pdf",".pdf","9146934","D6593A7E9C942E3E1DE0BF9D980C483533457503955104725211606BF0E1B540","2026-06-17T21:41:20Z"
"SHARED","mclean & nocera - all the devils are here_ the hidden history of the financial crisis (2010).epub","shared","resources/source-material/shared/McLean & Nocera - All the Devils are here_ the Hidden History of the Financial Crisis (2010).epub","McLean & Nocera - All the Devils are here_ the Hidden History of the Financial Crisis (2010).epub","McLean & Nocera - All the Devils are here_ the Hidden History of the Financial Crisis (2010).epub",".epub","560697","BC035EF5045F7EC4118AEB4E8D563F20F7E36F3F178916A1242DFF765ED4FE5E","2026-06-17T21:41:20Z"
"SHARED","mcleay, radia,thomas.money creation in the modern economy.pdf","shared","resources/source-material/shared/McLeay, Radia,Thomas.Money Creation in the modern economy.pdf","McLeay, Radia,Thomas.Money Creation in the modern economy.pdf","McLeay, Radia,Thomas.Money Creation in the modern economy.pdf",".pdf","114272","6877B22D1F22A16D8E8A6D11649F7C11B3100F01E905E10B0D7BA7FFC15936F0","2026-06-17T21:41:20Z"
"SHARED","mcleay, radia,thomas.money in the modern economy.pdf","shared","resources/source-material/shared/McLeay, Radia,Thomas.Money in the modern economy.pdf","McLeay, Radia,Thomas.Money in the modern economy.pdf","McLeay, Radia,Thomas.Money in the modern economy.pdf",".pdf","547789","19D14A89255B08ACBF23288D2FFB5FE0C64ABDACAE296D9A6F260CEA69C2F34A","2026-06-17T21:41:20Z"
"SHARED","mcleod.freedom of expression ... in the age of intellectual property (2007).pdf","shared","resources/source-material/shared/McLeod.Freedom of Expression ... in the Age of Intellectual Property (2007).pdf","McLeod.Freedom of Expression ... in the Age of Intellectual Property (2007).pdf","McLeod.Freedom of Expression ... in the Age of Intellectual Property (2007).pdf",".pdf","1495074","A938B733428523F4F174E389A114FEE0B2190EF540D28D9D2D83F7BB3D9321A7","2026-06-17T21:41:21Z"
"SHARED","mcnally - global slump_ the economics and politics of crisis and resistance (2011).pdf","shared","resources/source-material/shared/McNally - Global Slump_ the Economics and Politics of Crisis and Resistance (2011).pdf","McNally - Global Slump_ the Economics and Politics of Crisis and Resistance (2011).pdf","McNally - Global Slump_ the Economics and Politics of Crisis and Resistance (2011).pdf",".pdf","1157982","3E48B93FBA943134FD63EEBE8BEC218D28F6C50B535CAEBA4D5F7EE737B52606","2026-06-17T21:41:21Z"
"SHARED","measurement of aggreegate total factor productivity growth.pdf","shared","resources/source-material/shared/Measurement of Aggreegate Total Factor Productivity Growth.pdf","Measurement of Aggreegate Total Factor Productivity Growth.pdf","Measurement of Aggreegate Total Factor Productivity Growth.pdf",".pdf","439067","E790E8C082C7A61F3B06354999C934071B7445F98E3625ECC2288019915858F3","2026-06-17T21:41:21Z"
"SHARED","measuring risk in complex stochastic systems - j. franke, w. hardle, g. stahl.pdf","shared","resources/source-material/shared/Measuring Risk in Complex Stochastic Systems - J. Franke, W. Hardle, G. Stahl.pdf","Measuring Risk in Complex Stochastic Systems - J. Franke, W. Hardle, G. Stahl.pdf","Measuring Risk in Complex Stochastic Systems - J. Franke, W. Hardle, G. Stahl.pdf",".pdf","6139954","E9E6A237645175BAB1AAAE48FEE55F505ACA94D3630B0E79BEBD888026C5C586","2026-06-17T21:41:21Z"
"SHARED","mellyn - broken markets_ a user_s guide to the post-finance economy (2012).pdf","shared","resources/source-material/shared/Mellyn - Broken Markets_ a User_s Guide to the Post-Finance Economy (2012).pdf","Mellyn - Broken Markets_ a User_s Guide to the Post-Finance Economy (2012).pdf","Mellyn - Broken Markets_ a User_s Guide to the Post-Finance Economy (2012).pdf",".pdf","3415218","4359784FDAF8DE9478372DB445CD5EE1B7F319A12AEB32A2F6E1B9D6C381A0F3","2026-06-17T21:41:21Z"
"SHARED","menger c. principles of economics (mises institute, 2004)(isbn 0814753809)(o)(328s)_gpop_.pdf","shared","resources/source-material/shared/Menger C. Principles of economics (Mises Institute, 2004)(ISBN 0814753809)(O)(328s)_GPop_.pdf","Menger C. Principles of economics (Mises Institute, 2004)(ISBN 0814753809)(O)(328s)_GPop_.pdf","Menger C. Principles of economics (Mises Institute, 2004)(ISBN 0814753809)(O)(328s)_GPop_.pdf",".pdf","1315739","0792C79218C0725C4A033DADD581D27CAAB5A3AF7EA084D72944D62656285641","2026-06-17T21:41:21Z"
"SHARED","menschel - markets, mobs & mayhem_ a modern look at the madness of crowds (2002).pdf","shared","resources/source-material/shared/Menschel - Markets, Mobs & Mayhem_ A Modern Look At the Madness of Crowds (2002).pdf","Menschel - Markets, Mobs & Mayhem_ A Modern Look At the Madness of Crowds (2002).pdf","Menschel - Markets, Mobs & Mayhem_ A Modern Look At the Madness of Crowds (2002).pdf",".pdf","9885136","FAAEC18B372CE31E9B382A0CC1A596FF73B40DDED4E2E9014B3362EE29691FD1","2026-06-17T21:41:21Z"
"SHARED","menshikov - millionaires and managers - structure of us financial oligarchy (1969).pdf","shared","resources/source-material/shared/Menshikov - Millionaires and Managers - Structure of US Financial Oligarchy (1969).pdf","Menshikov - Millionaires and Managers - Structure of US Financial Oligarchy (1969).pdf","Menshikov - Millionaires and Managers - Structure of US Financial Oligarchy (1969).pdf",".pdf","2767285","653D58A2310658D33F5A8DB69A7241EF18BA7E146F0BE62EAFEDE445A3574394","2026-06-17T21:41:22Z"
"SHARED","methodology and theory for bootstrap.pdf","shared","resources/source-material/shared/Methodology and theory for Bootstrap.PDF","Methodology and theory for Bootstrap.PDF","Methodology and theory for Bootstrap.PDF",".pdf","2155912","8451F67B1D4227A68ADAFF08B71BC55F59596A92CC2A8E6BBF5CAD77CE3D15B1","2026-06-17T21:41:22Z"
"SHARED","methods of mathematical finance-karatzas shreve.pdf","shared","resources/source-material/shared/Methods of Mathematical Finance-Karatzas Shreve.pdf","Methods of Mathematical Finance-Karatzas Shreve.pdf","Methods of Mathematical Finance-Karatzas Shreve.pdf",".pdf","88764222","DC0FFE49E2F18CCE054A75533B81CF1CDF9599ACC258C1F9E965EBB2745490DA","2026-06-17T21:41:22Z"
"SHARED","mian & sufi - house of debt_ how they caused the great recession, and how we can prevent it from happening again (2014).epub","shared","resources/source-material/shared/Mian & Sufi - House of Debt_ How They Caused the Great Recession, and How We Can Prevent It from Happening Again (2014).epub","Mian & Sufi - House of Debt_ How They Caused the Great Recession, and How We Can Prevent It from Happening Again (2014).epub","Mian & Sufi - House of Debt_ How They Caused the Great Recession, and How We Can Prevent It from Happening Again (2014).epub",".epub","599926","1826552ECD89D6397CEBD63899BA8409E0697ECEF4AC4867C797DA9EDD220058","2026-06-17T21:41:22Z"
"SHARED","michie r.c. guilty money.. the city of london in victorian and edwardian culture, 1815-1914 (pickering & chatto pub., 2009)(isbn 185196892x)(o)(289s)_gh_.pdf","shared","resources/source-material/shared/Michie R.C. Guilty Money.. The City of London in Victorian and Edwardian Culture, 1815-1914 (Pickering & Chatto Pub., 2009)(ISBN 185196892X)(O)(289s)_GH_.pdf","Michie R.C. Guilty Money.. The City of London in Victorian and Edwardian Culture, 1815-1914 (Pickering & Chatto Pub., 2009)(ISBN 185196892X)(O)(289s)_GH_.pdf","Michie R.C. Guilty Money.. The City of London in Victorian and Edwardian Culture, 1815-1914 (Pickering & Chatto Pub., 2009)(ISBN 185196892X)(O)(289s)_GH_.pdf",".pdf","1191926","7318F6E652A5616BA489822B5C11A805D4B874112DD6BEA1212677ECBA30F205","2026-06-17T21:41:22Z"
"SHARED","michie r.c. the london stock exchange (oup, 1999)(isbn 0199242550)(o)(697s)_fk_.pdf","shared","resources/source-material/shared/Michie R.C. The London Stock Exchange (OUP, 1999)(ISBN 0199242550)(O)(697s)_FK_.pdf","Michie R.C. The London Stock Exchange (OUP, 1999)(ISBN 0199242550)(O)(697s)_FK_.pdf","Michie R.C. The London Stock Exchange (OUP, 1999)(ISBN 0199242550)(O)(697s)_FK_.pdf",".pdf","3106668","C46A13D636470FEC34F6718FDA74E92698D609E449FE2DA2CB2DE1178D3D111A","2026-06-17T21:41:22Z"
"SHARED","microeconometric models of investment and unemployment.pdf","shared","resources/source-material/shared/Microeconometric Models of Investment and Unemployment.pdf","Microeconometric Models of Investment and Unemployment.pdf","Microeconometric Models of Investment and Unemployment.pdf",".pdf","677674","33F0911536A87A36939797E1BAB51D3677A2090A6803D6D3C9FAAFDFAB6C2979","2026-06-17T21:41:22Z"
"SHARED","microeconomic theory - mas-colell.pdf","shared","resources/source-material/shared/Microeconomic Theory - Mas-Colell.pdf","Microeconomic Theory - Mas-Colell.pdf","Microeconomic Theory - Mas-Colell.pdf",".pdf","39007956","D4FC4D8AE4265AFFCD182078DAF63318DCE3E2C7AC9FA120273A74354B7D4243","2026-06-17T21:41:22Z"
"SHARED","microeconomic theory solution manual - mas-colell.pdf","shared","resources/source-material/shared/Microeconomic Theory Solution Manual - Mas-Colell.pdf","Microeconomic Theory Solution Manual - Mas-Colell.pdf","Microeconomic Theory Solution Manual - Mas-Colell.pdf",".pdf","41299336","AC11D39F98C6AF95333DDB2ECFBBF53A7D7D26402BBF2DC6DD42DB0FE0842F08","2026-06-17T21:41:22Z"
"SHARED","microeconomics basics (stern school of business).pdf","shared","resources/source-material/shared/Microeconomics Basics (Stern School of Business).pdf","Microeconomics Basics (Stern School of Business).pdf","Microeconomics Basics (Stern School of Business).pdf",".pdf","901338","BC1FA1B641F556682F5B15DAF0789B6F9FEC4AD2462B65F8C8019C86400006E0","2026-06-17T21:41:22Z"
"SHARED","microeconomics for mbas.pdf","shared","resources/source-material/shared/Microeconomics for MBAs.pdf","Microeconomics for MBAs.pdf","Microeconomics for MBAs.pdf",".pdf","9010001","E75461DFAE97C22EE11927AC5017D54105DE4CA44C47B6420C8F0723B66A291D","2026-06-17T21:41:22Z"
"SHARED","miles d., scott a. macroeconomics (2ed., wiley, 2005)(isbn 0470868929)(633s)_gk_.pdf","shared","resources/source-material/shared/Miles D., Scott A. Macroeconomics (2ed., Wiley, 2005)(ISBN 0470868929)(633s)_GK_.pdf","Miles D., Scott A. Macroeconomics (2ed., Wiley, 2005)(ISBN 0470868929)(633s)_GK_.pdf","Miles D., Scott A. Macroeconomics (2ed., Wiley, 2005)(ISBN 0470868929)(633s)_GK_.pdf",".pdf","3534851","C86875860729DBFCC0E77D8E0E569B4D614DC01F58BA5B439101E26D93096896","2026-06-17T21:41:22Z"
"SHARED","miller n.h. notes on microeconomic theory (ln, harvard, 2003)(247s)_gc_.pdf","shared","resources/source-material/shared/Miller N.H. Notes on microeconomic theory (LN, Harvard, 2003)(247s)_GC_.pdf","Miller N.H. Notes on microeconomic theory (LN, Harvard, 2003)(247s)_GC_.pdf","Miller N.H. Notes on microeconomic theory (LN, Harvard, 2003)(247s)_GC_.pdf",".pdf","1879861","64E767A703524AB34CED7101A5FF8A090A6DBA4D092FFF7CD21D1DF941D30F03","2026-06-17T21:41:22Z"
"SHARED","mills - buy, lie, and sell high_ how investors lost out on enron and the internet bubble (2002).pdf","shared","resources/source-material/shared/Mills - Buy, Lie, and Sell High_ How Investors Lost Out on Enron and the Internet Bubble (2002).pdf","Mills - Buy, Lie, and Sell High_ How Investors Lost Out on Enron and the Internet Bubble (2002).pdf","Mills - Buy, Lie, and Sell High_ How Investors Lost Out on Enron and the Internet Bubble (2002).pdf",".pdf","1443253","D507F87ABCEF6A72D7FBCDA0C6C848A5857F52C705DE54CB9DD61DD629928918","2026-06-17T21:41:22Z"
"SHARED","minsky - stabilizing an unstable economy (2008).pdf","shared","resources/source-material/shared/Minsky - Stabilizing an Unstable Economy (2008).pdf","Minsky - Stabilizing an Unstable Economy (2008).pdf","Minsky - Stabilizing an Unstable Economy (2008).pdf",".pdf","6505003","E1B6A8880E40B72EC61A15B4115047D1B0B9789610CAF8E4B30BAE9EC35AABC3","2026-06-17T21:41:22Z"
"SHARED","mitsopoulos & pelagidis - understanding the crisis in greece_ from boom to bust (2011).pdf","shared","resources/source-material/shared/Mitsopoulos & Pelagidis - Understanding the Crisis in Greece_ from Boom to Bust (2011).pdf","Mitsopoulos & Pelagidis - Understanding the Crisis in Greece_ from Boom to Bust (2011).pdf","Mitsopoulos & Pelagidis - Understanding the Crisis in Greece_ from Boom to Bust (2011).pdf",".pdf","2953428","4D0FCA603A7D0B73507988AEB3C2AF5C6E5818B9F0BB1ECCE4F83169E1BF3612","2026-06-17T21:41:22Z"
"SHARED","model based parameter estimation the.pdf","shared","resources/source-material/shared/Model Based Parameter Estimation The.pdf","Model Based Parameter Estimation The.pdf","Model Based Parameter Estimation The.pdf",".pdf","4656173","01A317821FE657DB075DC02756F1325EB94DD21F29DEBD6A8E04B80D283DD120","2026-06-17T21:41:22Z"
"SHARED","model choice and specification analysis.pdf","shared","resources/source-material/shared/Model Choice and Specification Analysis.PDF","Model Choice and Specification Analysis.PDF","Model Choice and Specification Analysis.PDF",".pdf","2935998","42E8D17577CF6549D7490BF5100B6172AC7EE3F54CEA4035FDB21529A7FA6CFF","2026-06-17T21:41:22Z"
"SHARED","modeling bounded rationality - ariel rubinstein.pdf","shared","resources/source-material/shared/Modeling bounded rationality - Ariel Rubinstein.pdf","Modeling bounded rationality - Ariel Rubinstein.pdf","Modeling bounded rationality - Ariel Rubinstein.pdf",".pdf","1353761","2A931D049278494BB850F555579751D128B6DDCC0CB261DEF440CC70C40D1748","2026-06-17T21:41:23Z"
"SHARED","modeling peak oil journal.pdf","shared","resources/source-material/shared/Modeling Peak Oil Journal.pdf","Modeling Peak Oil Journal.pdf","Modeling Peak Oil Journal.pdf",".pdf","4941400","46D262854592ABB60C77E02088C9B5A34A59D72DEAE53F6AAEE084AFDBE40C68","2026-06-17T21:41:23Z"
"SHARED","modelling financial derivatives with mathematica.pdf","shared","resources/source-material/shared/Modelling Financial Derivatives with Mathematica.pdf","Modelling Financial Derivatives with Mathematica.pdf","Modelling Financial Derivatives with Mathematica.pdf",".pdf","6620385","A2B4E8DA3A180B87D101EF1D695BBC6730400CCDA1C4E2426AF7D8570CC2CE66","2026-06-17T21:41:23Z"
"SHARED","modelling financial derivatives with mathematica","shared","resources/source-material/shared/Modelling Financial Derivatives with Mathematica/CD-ROM/PC/BOOK/CHAP01.NB","Modelling Financial Derivatives with Mathematica/CD-ROM/PC/BOOK/CHAP01.NB","CHAP01.NB",".nb","288051","320F1EB7F385A46771B8AD15A4FF45B6F96A4756FF5C7CB93026966BFF21C7E1","2026-06-17T21:41:50Z"
"SHARED","modelling financial derivatives with mathematica","shared","resources/source-material/shared/Modelling Financial Derivatives with Mathematica/CD-ROM/PC/BOOK/CHAP02.NB","Modelling Financial Derivatives with Mathematica/CD-ROM/PC/BOOK/CHAP02.NB","CHAP02.NB",".nb","2025475","2D1AA0C1A8B8D45794D66A3A8F04BC75D2AB56B486A0C147D1BEC8A4E9C8F138","2026-06-17T21:41:50Z"
"SHARED","modelling financial derivatives with mathematica","shared","resources/source-material/shared/Modelling Financial Derivatives with Mathematica/CD-ROM/PC/BOOK/CHAP03.NB","Modelling Financial Derivatives with Mathematica/CD-ROM/PC/BOOK/CHAP03.NB","CHAP03.NB",".nb","123063","AFFB1A71356578D879A3AD581BF172CE5D0C2857B36E3BBF37F941F9C4B82BDD","2026-06-17T21:41:50Z"
"SHARED","modelling financial derivatives with mathematica","shared","resources/source-material/shared/Modelling Financial Derivatives with Mathematica/CD-ROM/PC/BOOK/CHAP04.NB","Modelling Financial Derivatives with Mathematica/CD-ROM/PC/BOOK/CHAP04.NB","CHAP04.NB",".nb","274479","31A909A4E52601931241A065AFC46C5355E96818FEB5DB5510F7F1F03F4F3A23","2026-06-17T21:41:50Z"
"SHARED","modelling financial derivatives with mathematica","shared","resources/source-material/shared/Modelling Financial Derivatives with Mathematica/CD-ROM/PC/BOOK/CHAP05.NB","Modelling Financial Derivatives with Mathematica/CD-ROM/PC/BOOK/CHAP05.NB","CHAP05.NB",".nb","201594","34B1EA9C9CD5EE35B8CE744DA4124B433BB8882AA1961A886B4496E2269AB035","2026-06-17T21:41:50Z"
"SHARED","modelling financial derivatives with mathematica","shared","resources/source-material/shared/Modelling Financial Derivatives with Mathematica/CD-ROM/PC/BOOK/CHAP06.NB","Modelling Financial Derivatives with Mathematica/CD-ROM/PC/BOOK/CHAP06.NB","CHAP06.NB",".nb","863235","C702A8D1E609B3D857341D523944D1E615D77A2EDB7E491B59817E173CE2C7E6","2026-06-17T21:41:50Z"
"SHARED","modelling financial derivatives with mathematica","shared","resources/source-material/shared/Modelling Financial Derivatives with Mathematica/CD-ROM/PC/BOOK/CHAP07.NB","Modelling Financial Derivatives with Mathematica/CD-ROM/PC/BOOK/CHAP07.NB","CHAP07.NB",".nb","1246356","9FA9B0F6982B34AEA75A84540AF90E5682E008A58C1E61154B41DF74324C516C","2026-06-17T21:41:50Z"
"SHARED","modelling financial derivatives with mathematica","shared","resources/source-material/shared/Modelling Financial Derivatives with Mathematica/CD-ROM/PC/BOOK/CHAP08.NB","Modelling Financial Derivatives with Mathematica/CD-ROM/PC/BOOK/CHAP08.NB","CHAP08.NB",".nb","1452647","5E4AE4DE874494FBFA192B8BF08A4B4F582686873F29A211828BD636426412D4","2026-06-17T21:41:50Z"
"SHARED","modelling financial derivatives with mathematica","shared","resources/source-material/shared/Modelling Financial Derivatives with Mathematica/CD-ROM/PC/BOOK/CHAP09.NB","Modelling Financial Derivatives with Mathematica/CD-ROM/PC/BOOK/CHAP09.NB","CHAP09.NB",".nb","44044","6DDA61B3763C5D2086E49EE26AC8E3A4369C528F97946FCDA85AED0D0C9B1CFE","2026-06-17T21:41:50Z"
"SHARED","modelling financial derivatives with mathematica","shared","resources/source-material/shared/Modelling Financial Derivatives with Mathematica/CD-ROM/PC/BOOK/CHAP10.NB","Modelling Financial Derivatives with Mathematica/CD-ROM/PC/BOOK/CHAP10.NB","CHAP10.NB",".nb","70422","AE24859BD1C5727FB4F69217D051A7DA52B978548F9772F0F1CC1AA6C3B65F97","2026-06-17T21:41:51Z"
"SHARED","modelling financial derivatives with mathematica","shared","resources/source-material/shared/Modelling Financial Derivatives with Mathematica/CD-ROM/PC/BOOK/CHAP11.NB","Modelling Financial Derivatives with Mathematica/CD-ROM/PC/BOOK/CHAP11.NB","CHAP11.NB",".nb","201313","3EC95F99541EED0B126D13AEF5E7782954A7D1C399958E84A66325A0888D9679","2026-06-17T21:41:51Z"
"SHARED","modelling financial derivatives with mathematica","shared","resources/source-material/shared/Modelling Financial Derivatives with Mathematica/CD-ROM/PC/BOOK/CHAP12.NB","Modelling Financial Derivatives with Mathematica/CD-ROM/PC/BOOK/CHAP12.NB","CHAP12.NB",".nb","709875","9D5D6CDB0C25BE30FA8A06F23D263FBA2BAFF3D3DA460E55E538E301A6F8513C","2026-06-17T21:41:51Z"
"SHARED","modelling financial derivatives with mathematica","shared","resources/source-material/shared/Modelling Financial Derivatives with Mathematica/CD-ROM/PC/BOOK/CHAP13.NB","Modelling Financial Derivatives with Mathematica/CD-ROM/PC/BOOK/CHAP13.NB","CHAP13.NB",".nb","45285","73FC5F611B14CCB42EE6CC7CD7B4F09CCE17F06C0738BE0F29B99634EE83F678","2026-06-17T21:41:51Z"
"SHARED","modelling financial derivatives with mathematica","shared","resources/source-material/shared/Modelling Financial Derivatives with Mathematica/CD-ROM/PC/BOOK/CHAP14.NB","Modelling Financial Derivatives with Mathematica/CD-ROM/PC/BOOK/CHAP14.NB","CHAP14.NB",".nb","281668","3A4D8986548C8E4CEE766B914C378F91F9CFBE75A03AC801654C67264C6B56DE","2026-06-17T21:41:51Z"
"SHARED","modelling financial derivatives with mathematica","shared","resources/source-material/shared/Modelling Financial Derivatives with Mathematica/CD-ROM/PC/BOOK/CHAP15.NB","Modelling Financial Derivatives with Mathematica/CD-ROM/PC/BOOK/CHAP15.NB","CHAP15.NB",".nb","409747","CC152A0CC851AAB8C2911E82B69E86C478CE44449DC381F84A9B726C3B633436","2026-06-17T21:41:51Z"
"SHARED","modelling financial derivatives with mathematica","shared","resources/source-material/shared/Modelling Financial Derivatives with Mathematica/CD-ROM/PC/BOOK/CHAP16.NB","Modelling Financial Derivatives with Mathematica/CD-ROM/PC/BOOK/CHAP16.NB","CHAP16.NB",".nb","260345","D5647747DD8F3750B7B664EF85759BA2F8414869ABA611E572DBB91AEF1B9242","2026-06-17T21:41:51Z"
"SHARED","modelling financial derivatives with mathematica","shared","resources/source-material/shared/Modelling Financial Derivatives with Mathematica/CD-ROM/PC/BOOK/CHAP17.NB","Modelling Financial Derivatives with Mathematica/CD-ROM/PC/BOOK/CHAP17.NB","CHAP17.NB",".nb","107145","4D1B0ED66994C7AF0E0F64EC4ADFB177E55672CD5715D0EF33B6DDFB2C37F5A5","2026-06-17T21:41:51Z"
"SHARED","modelling financial derivatives with mathematica","shared","resources/source-material/shared/Modelling Financial Derivatives with Mathematica/CD-ROM/PC/BOOK/CHAP18.NB","Modelling Financial Derivatives with Mathematica/CD-ROM/PC/BOOK/CHAP18.NB","CHAP18.NB",".nb","102085","2D95AD8D6BDB375B05F6C112C9CFD7476709D37BB99B110354BE4889E318A114","2026-06-17T21:41:51Z"
"SHARED","modelling financial derivatives with mathematica","shared","resources/source-material/shared/Modelling Financial Derivatives with Mathematica/CD-ROM/PC/BOOK/CHAP19.NB","Modelling Financial Derivatives with Mathematica/CD-ROM/PC/BOOK/CHAP19.NB","CHAP19.NB",".nb","560660","83FA8F2427AC0EC5C855CCDC5A856025E9BD617D866E44A67D616D2BB329ABF4","2026-06-17T21:41:51Z"
"SHARED","modelling financial derivatives with mathematica","shared","resources/source-material/shared/Modelling Financial Derivatives with Mathematica/CD-ROM/PC/BOOK/CHAP20.NB","Modelling Financial Derivatives with Mathematica/CD-ROM/PC/BOOK/CHAP20.NB","CHAP20.NB",".nb","127006","6D198AEB6F7D1024E5E09178F19B2D0E94E83A6DA6C1C970DF29A261D7B45360","2026-06-17T21:41:51Z"
"SHARED","modelling financial derivatives with mathematica","shared","resources/source-material/shared/Modelling Financial Derivatives with Mathematica/CD-ROM/PC/BOOK/CHAP21.NB","Modelling Financial Derivatives with Mathematica/CD-ROM/PC/BOOK/CHAP21.NB","CHAP21.NB",".nb","354649","F37567A7F67F486DBB32BB3A05A6D8D53B7261F58E5809B4FDBBF7954D75892C","2026-06-17T21:41:51Z"
"SHARED","modelling financial derivatives with mathematica","shared","resources/source-material/shared/Modelling Financial Derivatives with Mathematica/CD-ROM/PC/BOOK/CHAP22.NB","Modelling Financial Derivatives with Mathematica/CD-ROM/PC/BOOK/CHAP22.NB","CHAP22.NB",".nb","70551","9792F0C08162AB2D17C27CE7F888B9B6E652D4FDD8A427760AD1D15437A818BE","2026-06-17T21:41:51Z"
"SHARED","modelling financial derivatives with mathematica","shared","resources/source-material/shared/Modelling Financial Derivatives with Mathematica/CD-ROM/PC/BOOK/CHAP23.NB","Modelling Financial Derivatives with Mathematica/CD-ROM/PC/BOOK/CHAP23.NB","CHAP23.NB",".nb","91574","36485839F8A83933D63FD5A3342AD92A7C207FE64A6AE929B67B797B7E59AE25","2026-06-17T21:41:51Z"
"SHARED","modelling financial derivatives with mathematica","shared","resources/source-material/shared/Modelling Financial Derivatives with Mathematica/CD-ROM/PC/BOOK/CHAP24.NB","Modelling Financial Derivatives with Mathematica/CD-ROM/PC/BOOK/CHAP24.NB","CHAP24.NB",".nb","93515","14AF3CB710107AE1603EBB73E6CD6B5E6295F17C51018E853D007DC3676D5E0F","2026-06-17T21:41:51Z"
"SHARED","modelling financial derivatives with mathematica","shared","resources/source-material/shared/Modelling Financial Derivatives with Mathematica/CD-ROM/PC/BOOK/CHAP25.NB","Modelling Financial Derivatives with Mathematica/CD-ROM/PC/BOOK/CHAP25.NB","CHAP25.NB",".nb","55722","D41AE6035A063F4F24DF9BA36B93E325BA3F9C4BEC3E2D757E4A4F1D8FA73A76","2026-06-17T21:41:51Z"
"SHARED","modelling financial derivatives with mathematica","shared","resources/source-material/shared/Modelling Financial Derivatives with Mathematica/CD-ROM/PC/BOOK/CHAP26.NB","Modelling Financial Derivatives with Mathematica/CD-ROM/PC/BOOK/CHAP26.NB","CHAP26.NB",".nb","287386","9350E2BF0935084C20DA6B44380CE0B78CED45272E4B6DD58737F1B99C4BF2B2","2026-06-17T21:41:51Z"
"SHARED","modelling financial derivatives with mathematica","shared","resources/source-material/shared/Modelling Financial Derivatives with Mathematica/CD-ROM/PC/BOOK/CHAP27.NB","Modelling Financial Derivatives with Mathematica/CD-ROM/PC/BOOK/CHAP27.NB","CHAP27.NB",".nb","52468","366B4722EED7A129BCF847256FED063EDDB967407A120EBAD8264EB1A0C22EDF","2026-06-17T21:41:51Z"
"SHARED","modelling financial derivatives with mathematica","shared","resources/source-material/shared/Modelling Financial Derivatives with Mathematica/CD-ROM/PC/BOOK/CHAP28.NB","Modelling Financial Derivatives with Mathematica/CD-ROM/PC/BOOK/CHAP28.NB","CHAP28.NB",".nb","220178","AF16AC65729F490EE3A41D356C5DB75FA40E6703BA3C8153B144A9B583894126","2026-06-17T21:41:51Z"
"SHARED","modelling financial derivatives with mathematica","shared","resources/source-material/shared/Modelling Financial Derivatives with Mathematica/CD-ROM/PC/MATHRDR/SETUPEX.EXE","Modelling Financial Derivatives with Mathematica/CD-ROM/PC/MATHRDR/SETUPEX.EXE","SETUPEX.EXE",".exe","4681194","8FB9D8A34347BF9E81FF8C6770E46EACC1206026720A5266B67C29EAA98AD5F8","2026-06-17T21:41:51Z"
"SHARED","modelling financial derivatives with mathematica","shared","resources/source-material/shared/Modelling Financial Derivatives with Mathematica/CD-ROM/PC/PACKAGES/ANALYTICAMERICAN.M","Modelling Financial Derivatives with Mathematica/CD-ROM/PC/PACKAGES/ANALYTICAMERICAN.M","ANALYTICAMERICAN.M",".m","2703","9A09661EC3B3A3E2E11C5503E595B2D3A6AE14E8DA49E2E14D47FD9D4D4F691B","2026-06-17T21:41:51Z"
"SHARED","modelling financial derivatives with mathematica","shared","resources/source-material/shared/Modelling Financial Derivatives with Mathematica/CD-ROM/PC/PACKAGES/BLACKSCHOLES.M","Modelling Financial Derivatives with Mathematica/CD-ROM/PC/PACKAGES/BLACKSCHOLES.M","BLACKSCHOLES.M",".m","4796","87F653D57AB8DF6F47CC8F18A39D958EB38700354004E953C4D85025372B855F","2026-06-17T21:41:51Z"
"SHARED","modelling financial derivatives with mathematica","shared","resources/source-material/shared/Modelling Financial Derivatives with Mathematica/CD-ROM/UNIX/BOOK/CHAP01.NB","Modelling Financial Derivatives with Mathematica/CD-ROM/UNIX/BOOK/CHAP01.NB","CHAP01.NB",".nb","288051","320F1EB7F385A46771B8AD15A4FF45B6F96A4756FF5C7CB93026966BFF21C7E1","2026-06-17T21:41:51Z"
"SHARED","modelling financial derivatives with mathematica","shared","resources/source-material/shared/Modelling Financial Derivatives with Mathematica/CD-ROM/UNIX/BOOK/CHAP02.NB","Modelling Financial Derivatives with Mathematica/CD-ROM/UNIX/BOOK/CHAP02.NB","CHAP02.NB",".nb","2025475","2D1AA0C1A8B8D45794D66A3A8F04BC75D2AB56B486A0C147D1BEC8A4E9C8F138","2026-06-17T21:41:51Z"
"SHARED","modelling financial derivatives with mathematica","shared","resources/source-material/shared/Modelling Financial Derivatives with Mathematica/CD-ROM/UNIX/BOOK/CHAP03.NB","Modelling Financial Derivatives with Mathematica/CD-ROM/UNIX/BOOK/CHAP03.NB","CHAP03.NB",".nb","123063","AFFB1A71356578D879A3AD581BF172CE5D0C2857B36E3BBF37F941F9C4B82BDD","2026-06-17T21:41:51Z"
"SHARED","modelling financial derivatives with mathematica","shared","resources/source-material/shared/Modelling Financial Derivatives with Mathematica/CD-ROM/UNIX/BOOK/CHAP04.NB","Modelling Financial Derivatives with Mathematica/CD-ROM/UNIX/BOOK/CHAP04.NB","CHAP04.NB",".nb","274479","31A909A4E52601931241A065AFC46C5355E96818FEB5DB5510F7F1F03F4F3A23","2026-06-17T21:41:51Z"
"SHARED","modelling financial derivatives with mathematica","shared","resources/source-material/shared/Modelling Financial Derivatives with Mathematica/CD-ROM/UNIX/BOOK/CHAP05.NB","Modelling Financial Derivatives with Mathematica/CD-ROM/UNIX/BOOK/CHAP05.NB","CHAP05.NB",".nb","201594","34B1EA9C9CD5EE35B8CE744DA4124B433BB8882AA1961A886B4496E2269AB035","2026-06-17T21:41:51Z"
"SHARED","modelling financial derivatives with mathematica","shared","resources/source-material/shared/Modelling Financial Derivatives with Mathematica/CD-ROM/UNIX/BOOK/CHAP06.NB","Modelling Financial Derivatives with Mathematica/CD-ROM/UNIX/BOOK/CHAP06.NB","CHAP06.NB",".nb","863235","C702A8D1E609B3D857341D523944D1E615D77A2EDB7E491B59817E173CE2C7E6","2026-06-17T21:41:51Z"
"SHARED","modelling financial derivatives with mathematica","shared","resources/source-material/shared/Modelling Financial Derivatives with Mathematica/CD-ROM/UNIX/BOOK/CHAP07.NB","Modelling Financial Derivatives with Mathematica/CD-ROM/UNIX/BOOK/CHAP07.NB","CHAP07.NB",".nb","1246356","9FA9B0F6982B34AEA75A84540AF90E5682E008A58C1E61154B41DF74324C516C","2026-06-17T21:41:51Z"
"SHARED","modelling financial derivatives with mathematica","shared","resources/source-material/shared/Modelling Financial Derivatives with Mathematica/CD-ROM/UNIX/BOOK/CHAP08.NB","Modelling Financial Derivatives with Mathematica/CD-ROM/UNIX/BOOK/CHAP08.NB","CHAP08.NB",".nb","1452647","5E4AE4DE874494FBFA192B8BF08A4B4F582686873F29A211828BD636426412D4","2026-06-17T21:41:51Z"
"SHARED","modelling financial derivatives with mathematica","shared","resources/source-material/shared/Modelling Financial Derivatives with Mathematica/CD-ROM/UNIX/BOOK/CHAP09.NB","Modelling Financial Derivatives with Mathematica/CD-ROM/UNIX/BOOK/CHAP09.NB","CHAP09.NB",".nb","44044","6DDA61B3763C5D2086E49EE26AC8E3A4369C528F97946FCDA85AED0D0C9B1CFE","2026-06-17T21:41:51Z"
"SHARED","modelling financial derivatives with mathematica","shared","resources/source-material/shared/Modelling Financial Derivatives with Mathematica/CD-ROM/UNIX/BOOK/CHAP10.NB","Modelling Financial Derivatives with Mathematica/CD-ROM/UNIX/BOOK/CHAP10.NB","CHAP10.NB",".nb","70422","AE24859BD1C5727FB4F69217D051A7DA52B978548F9772F0F1CC1AA6C3B65F97","2026-06-17T21:41:51Z"
"SHARED","modelling financial derivatives with mathematica","shared","resources/source-material/shared/Modelling Financial Derivatives with Mathematica/CD-ROM/UNIX/BOOK/CHAP11.NB","Modelling Financial Derivatives with Mathematica/CD-ROM/UNIX/BOOK/CHAP11.NB","CHAP11.NB",".nb","201313","3EC95F99541EED0B126D13AEF5E7782954A7D1C399958E84A66325A0888D9679","2026-06-17T21:41:51Z"
"SHARED","modelling financial derivatives with mathematica","shared","resources/source-material/shared/Modelling Financial Derivatives with Mathematica/CD-ROM/UNIX/BOOK/CHAP12.NB","Modelling Financial Derivatives with Mathematica/CD-ROM/UNIX/BOOK/CHAP12.NB","CHAP12.NB",".nb","709875","9D5D6CDB0C25BE30FA8A06F23D263FBA2BAFF3D3DA460E55E538E301A6F8513C","2026-06-17T21:41:51Z"
"SHARED","modelling financial derivatives with mathematica","shared","resources/source-material/shared/Modelling Financial Derivatives with Mathematica/CD-ROM/UNIX/BOOK/CHAP13.NB","Modelling Financial Derivatives with Mathematica/CD-ROM/UNIX/BOOK/CHAP13.NB","CHAP13.NB",".nb","45285","73FC5F611B14CCB42EE6CC7CD7B4F09CCE17F06C0738BE0F29B99634EE83F678","2026-06-17T21:41:51Z"
"SHARED","modelling financial derivatives with mathematica","shared","resources/source-material/shared/Modelling Financial Derivatives with Mathematica/CD-ROM/UNIX/BOOK/CHAP14.NB","Modelling Financial Derivatives with Mathematica/CD-ROM/UNIX/BOOK/CHAP14.NB","CHAP14.NB",".nb","281668","3A4D8986548C8E4CEE766B914C378F91F9CFBE75A03AC801654C67264C6B56DE","2026-06-17T21:41:51Z"
"SHARED","modelling financial derivatives with mathematica","shared","resources/source-material/shared/Modelling Financial Derivatives with Mathematica/CD-ROM/UNIX/BOOK/CHAP15.NB","Modelling Financial Derivatives with Mathematica/CD-ROM/UNIX/BOOK/CHAP15.NB","CHAP15.NB",".nb","409747","CC152A0CC851AAB8C2911E82B69E86C478CE44449DC381F84A9B726C3B633436","2026-06-17T21:41:51Z"
"SHARED","modelling financial derivatives with mathematica","shared","resources/source-material/shared/Modelling Financial Derivatives with Mathematica/CD-ROM/UNIX/BOOK/CHAP16.NB","Modelling Financial Derivatives with Mathematica/CD-ROM/UNIX/BOOK/CHAP16.NB","CHAP16.NB",".nb","260345","D5647747DD8F3750B7B664EF85759BA2F8414869ABA611E572DBB91AEF1B9242","2026-06-17T21:41:51Z"
"SHARED","modelling financial derivatives with mathematica","shared","resources/source-material/shared/Modelling Financial Derivatives with Mathematica/CD-ROM/UNIX/BOOK/CHAP17.NB","Modelling Financial Derivatives with Mathematica/CD-ROM/UNIX/BOOK/CHAP17.NB","CHAP17.NB",".nb","107145","4D1B0ED66994C7AF0E0F64EC4ADFB177E55672CD5715D0EF33B6DDFB2C37F5A5","2026-06-17T21:41:51Z"
"SHARED","modelling financial derivatives with mathematica","shared","resources/source-material/shared/Modelling Financial Derivatives with Mathematica/CD-ROM/UNIX/BOOK/CHAP18.NB","Modelling Financial Derivatives with Mathematica/CD-ROM/UNIX/BOOK/CHAP18.NB","CHAP18.NB",".nb","102085","2D95AD8D6BDB375B05F6C112C9CFD7476709D37BB99B110354BE4889E318A114","2026-06-17T21:41:51Z"
"SHARED","modelling financial derivatives with mathematica","shared","resources/source-material/shared/Modelling Financial Derivatives with Mathematica/CD-ROM/UNIX/BOOK/CHAP19.NB","Modelling Financial Derivatives with Mathematica/CD-ROM/UNIX/BOOK/CHAP19.NB","CHAP19.NB",".nb","560660","83FA8F2427AC0EC5C855CCDC5A856025E9BD617D866E44A67D616D2BB329ABF4","2026-06-17T21:41:51Z"
"SHARED","modelling financial derivatives with mathematica","shared","resources/source-material/shared/Modelling Financial Derivatives with Mathematica/CD-ROM/UNIX/BOOK/CHAP20.NB","Modelling Financial Derivatives with Mathematica/CD-ROM/UNIX/BOOK/CHAP20.NB","CHAP20.NB",".nb","127006","6D198AEB6F7D1024E5E09178F19B2D0E94E83A6DA6C1C970DF29A261D7B45360","2026-06-17T21:41:51Z"
"SHARED","modelling financial derivatives with mathematica","shared","resources/source-material/shared/Modelling Financial Derivatives with Mathematica/CD-ROM/UNIX/BOOK/CHAP21.NB","Modelling Financial Derivatives with Mathematica/CD-ROM/UNIX/BOOK/CHAP21.NB","CHAP21.NB",".nb","354649","F37567A7F67F486DBB32BB3A05A6D8D53B7261F58E5809B4FDBBF7954D75892C","2026-06-17T21:41:52Z"
"SHARED","modelling financial derivatives with mathematica","shared","resources/source-material/shared/Modelling Financial Derivatives with Mathematica/CD-ROM/UNIX/BOOK/CHAP22.NB","Modelling Financial Derivatives with Mathematica/CD-ROM/UNIX/BOOK/CHAP22.NB","CHAP22.NB",".nb","70551","9792F0C08162AB2D17C27CE7F888B9B6E652D4FDD8A427760AD1D15437A818BE","2026-06-17T21:41:52Z"
"SHARED","modelling financial derivatives with mathematica","shared","resources/source-material/shared/Modelling Financial Derivatives with Mathematica/CD-ROM/UNIX/BOOK/CHAP23.NB","Modelling Financial Derivatives with Mathematica/CD-ROM/UNIX/BOOK/CHAP23.NB","CHAP23.NB",".nb","91574","36485839F8A83933D63FD5A3342AD92A7C207FE64A6AE929B67B797B7E59AE25","2026-06-17T21:41:52Z"
"SHARED","modelling financial derivatives with mathematica","shared","resources/source-material/shared/Modelling Financial Derivatives with Mathematica/CD-ROM/UNIX/BOOK/CHAP24.NB","Modelling Financial Derivatives with Mathematica/CD-ROM/UNIX/BOOK/CHAP24.NB","CHAP24.NB",".nb","93515","14AF3CB710107AE1603EBB73E6CD6B5E6295F17C51018E853D007DC3676D5E0F","2026-06-17T21:41:52Z"
"SHARED","modelling financial derivatives with mathematica","shared","resources/source-material/shared/Modelling Financial Derivatives with Mathematica/CD-ROM/UNIX/BOOK/CHAP25.NB","Modelling Financial Derivatives with Mathematica/CD-ROM/UNIX/BOOK/CHAP25.NB","CHAP25.NB",".nb","55722","D41AE6035A063F4F24DF9BA36B93E325BA3F9C4BEC3E2D757E4A4F1D8FA73A76","2026-06-17T21:41:52Z"
"SHARED","modelling financial derivatives with mathematica","shared","resources/source-material/shared/Modelling Financial Derivatives with Mathematica/CD-ROM/UNIX/BOOK/CHAP26.NB","Modelling Financial Derivatives with Mathematica/CD-ROM/UNIX/BOOK/CHAP26.NB","CHAP26.NB",".nb","287386","9350E2BF0935084C20DA6B44380CE0B78CED45272E4B6DD58737F1B99C4BF2B2","2026-06-17T21:41:52Z"
"SHARED","modelling financial derivatives with mathematica","shared","resources/source-material/shared/Modelling Financial Derivatives with Mathematica/CD-ROM/UNIX/BOOK/CHAP27.NB","Modelling Financial Derivatives with Mathematica/CD-ROM/UNIX/BOOK/CHAP27.NB","CHAP27.NB",".nb","52468","366B4722EED7A129BCF847256FED063EDDB967407A120EBAD8264EB1A0C22EDF","2026-06-17T21:41:52Z"
"SHARED","modelling financial derivatives with mathematica","shared","resources/source-material/shared/Modelling Financial Derivatives with Mathematica/CD-ROM/UNIX/BOOK/CHAP28.NB","Modelling Financial Derivatives with Mathematica/CD-ROM/UNIX/BOOK/CHAP28.NB","CHAP28.NB",".nb","220178","AF16AC65729F490EE3A41D356C5DB75FA40E6703BA3C8153B144A9B583894126","2026-06-17T21:41:52Z"
"SHARED","modelling financial derivatives with mathematica","shared","resources/source-material/shared/Modelling Financial Derivatives with Mathematica/CD-ROM/UNIX/PACKAGES/ANALYTICAMERICAN.M","Modelling Financial Derivatives with Mathematica/CD-ROM/UNIX/PACKAGES/ANALYTICAMERICAN.M","ANALYTICAMERICAN.M",".m","2703","9A09661EC3B3A3E2E11C5503E595B2D3A6AE14E8DA49E2E14D47FD9D4D4F691B","2026-06-17T21:41:52Z"
"SHARED","modelling financial derivatives with mathematica","shared","resources/source-material/shared/Modelling Financial Derivatives with Mathematica/CD-ROM/UNIX/PACKAGES/BLACKSCHOLES.M","Modelling Financial Derivatives with Mathematica/CD-ROM/UNIX/PACKAGES/BLACKSCHOLES.M","BLACKSCHOLES.M",".m","4796","87F653D57AB8DF6F47CC8F18A39D958EB38700354004E953C4D85025372B855F","2026-06-17T21:41:52Z"
"SHARED","modelling financial derivatives with mathematica","shared","resources/source-material/shared/Modelling Financial Derivatives with Mathematica/Modelling Financial Derivatives with Mathematica.pdf","Modelling Financial Derivatives with Mathematica/Modelling Financial Derivatives with Mathematica.pdf","Modelling Financial Derivatives with Mathematica.pdf",".pdf","6620385","6A2D479BBF0AA15E0395ECCA1A490C94A8CDCD290798847BA05DBA37839E6DBF","2026-06-17T21:41:50Z"
"SHARED","models of aggregate economic relationships that account for heterogeneity.pdf","shared","resources/source-material/shared/Models of Aggregate Economic Relationships that Account for Heterogeneity.pdf","Models of Aggregate Economic Relationships that Account for Heterogeneity.pdf","Models of Aggregate Economic Relationships that Account for Heterogeneity.pdf",".pdf","412874","22330836B038F00EBBE455C8F4109653B7164C1F42B2E39EA3E19CBB0512845A","2026-06-17T21:41:23Z"
"SHARED","modern macroeconomics - its origins, development and current state.pdf","shared","resources/source-material/shared/Modern Macroeconomics - Its Origins, Development And Current State.pdf","Modern Macroeconomics - Its Origins, Development And Current State.pdf","Modern Macroeconomics - Its Origins, Development And Current State.pdf",".pdf","3176586","8E7DA9664095E0664E88FC509967376479419DEA3402E9A96BA636411865100D","2026-06-17T21:41:23Z"
"SHARED","modular forms with integral and half.pdf","shared","resources/source-material/shared/Modular Forms with Integral and Half.pdf","Modular Forms with Integral and Half.pdf","Modular Forms with Integral and Half.pdf",".pdf","4926786","B4810C34B01BD4B8C2BB6620CE2C5F32B5CC2D9D02BBE6376FF7CA114F484B1A","2026-06-17T21:41:23Z"
"SHARED","monte carlo experimentation in econometrics.pdf","shared","resources/source-material/shared/Monte Carlo Experimentation in Econometrics.PDF","Monte Carlo Experimentation in Econometrics.PDF","Monte Carlo Experimentation in Econometrics.PDF",".pdf","2230959","5581EB55E333EA33C6F2619D4453B43C1BB323A9701927F1B1AEDBBB74A4127D","2026-06-17T21:41:23Z"
"SHARED","monte-carlo methods in finance-jackel.pdf","shared","resources/source-material/shared/Monte-Carlo Methods In Finance-Jackel.pdf","Monte-Carlo Methods In Finance-Jackel.pdf","Monte-Carlo Methods In Finance-Jackel.pdf",".pdf","25546491","06809F516D07D0178ECDCD8F11E9156AA8CFA5FE73C8D8A0CE16D45F800D18C5","2026-06-17T21:41:23Z"
"SHARED","morgenson & rosner - reckless endangerment_ how outsized ambition, greed, and corruption led to economic armageddon (2011).epub","shared","resources/source-material/shared/Morgenson & Rosner - Reckless Endangerment_ How Outsized Ambition, Greed, and Corruption Led to Economic Armageddon (2011).epub","Morgenson & Rosner - Reckless Endangerment_ How Outsized Ambition, Greed, and Corruption Led to Economic Armageddon (2011).epub","Morgenson & Rosner - Reckless Endangerment_ How Outsized Ambition, Greed, and Corruption Led to Economic Armageddon (2011).epub",".epub","2408724","60F27EDC6DDFBD55B9CC3634845569A37D432936862FF70BC1430B2E6C17101E","2026-06-17T21:41:23Z"
"SHARED","mosini v. (ed.) equilibrium in economics.. scope and limits (routledge, 2007)(isbn 0415391377)(o)(311s)_gg_.pdf","shared","resources/source-material/shared/Mosini V. (ed.) Equilibrium in economics.. Scope and limits (Routledge, 2007)(ISBN 0415391377)(O)(311s)_GG_.pdf","Mosini V. (ed.) Equilibrium in economics.. Scope and limits (Routledge, 2007)(ISBN 0415391377)(O)(311s)_GG_.pdf","Mosini V. (ed.) Equilibrium in economics.. Scope and limits (Routledge, 2007)(ISBN 0415391377)(O)(311s)_GG_.pdf",".pdf","1039104","799FD3D7AEC5FD23DE6F5AF745DD58F16DCB703FE9D68D43874F7A7C93699F27","2026-06-17T21:41:23Z"
"SHARED","moynihan - financial origami_ how the wall street model broke (2011).pdf","shared","resources/source-material/shared/Moynihan - Financial Origami_ How the Wall Street Model Broke (2011).pdf","Moynihan - Financial Origami_ How the Wall Street Model Broke (2011).pdf","Moynihan - Financial Origami_ How the Wall Street Model Broke (2011).pdf",".pdf","2123794","0D084BB59D6C37194653BF00404B7DB1D849FE113098801944FA5619DC928D78","2026-06-17T21:41:23Z"
"SHARED","multigrid methods.pdf","shared","resources/source-material/shared/MultiGrid Methods.pdf","MultiGrid Methods.pdf","MultiGrid Methods.pdf",".pdf","9747736","84A0CA9A6227CED27D92C1CC5DCDA3950790F2B7D43237836D2B7D8C3B229647","2026-06-17T21:41:23Z"
"SHARED","multiple hypothesis testing.pdf","shared","resources/source-material/shared/Multiple Hypothesis Testing.PDF","Multiple Hypothesis Testing.PDF","Multiple Hypothesis Testing.PDF",".pdf","2990180","3931C353C77CBAF846DA13F2FB4522B6A92B1DD41D215FF6390E3F2DC462D45C","2026-06-17T21:41:23Z"
"SHARED","munson - rigged money_ beating wall street at its own game (2012).epub","shared","resources/source-material/shared/Munson - Rigged Money_ Beating Wall Street at Its own Game (2012).epub","Munson - Rigged Money_ Beating Wall Street at Its own Game (2012).epub","Munson - Rigged Money_ Beating Wall Street at Its own Game (2012).epub",".epub","1578012","FB7E0D8DDEC5847F2325E235909CB840A5CBFAF3F9D2D265EE4EC7837DF541D2","2026-06-17T21:41:23Z"
"SHARED","mwg_solutions (704 pages).pdf","shared","resources/source-material/shared/MWG_Solutions (704 pages).pdf","MWG_Solutions (704 pages).pdf","MWG_Solutions (704 pages).pdf",".pdf","35429160","C32F38D4F5AC891D2B95F4C76912E78813B0FA7F667B5393AEAB7B3336860A8C","2026-06-17T21:41:23Z"
"SHARED","n._gregory_mankiw-brief_principles_of_macroeconomics-south-western_college_pub(2008).pdf","shared","resources/source-material/shared/N._Gregory_Mankiw-Brief_principles_of_macroeconomics-South-Western_College_Pub(2008).pdf","N._Gregory_Mankiw-Brief_principles_of_macroeconomics-South-Western_College_Pub(2008).pdf","N._Gregory_Mankiw-Brief_principles_of_macroeconomics-South-Western_College_Pub(2008).pdf",".pdf","18746235","F4DBEBAA8A4976700227D2A0C8D1B8B9267564EEE5AA6FC60D8CBB3E312262FE","2026-06-17T21:41:23Z"
"SHARED","nacneil & o’brien (eds.) - the future of financial regulation (2010).pdf","shared","resources/source-material/shared/NacNeil & O’Brien (Eds.) - The Future of Financial Regulation (2010).pdf","NacNeil & O’Brien (Eds.) - The Future of Financial Regulation (2010).pdf","NacNeil & O’Brien (Eds.) - The Future of Financial Regulation (2010).pdf",".pdf","3494977","8433F4875BBA4E439E926F2802D7329A373C842AF364722B320E7B4F77901A95","2026-06-17T21:41:23Z"
"SHARED","naked economics - charles wheelan.epub","shared","resources/source-material/shared/Naked Economics - Charles Wheelan.epub","Naked Economics - Charles Wheelan.epub","Naked Economics - Charles Wheelan.epub",".epub","361557","222F01B96B1D3ED90E72394A6491B1A5BD17078D981205E318F2F45F249DFDFA","2026-06-17T21:41:23Z"
"SHARED","naked economics - charles wheelan.pdf","shared","resources/source-material/shared/Naked Economics - Charles Wheelan.pdf","Naked Economics - Charles Wheelan.pdf","Naked Economics - Charles Wheelan.pdf",".pdf","1648212","904399E5969D44D8A630CD5AFB1D5BD6243883F313F7907C82D9207E9D0C1FBE","2026-06-17T21:41:23Z"
"SHARED","neural networks in finance. gaining predictive edge in the market [mcnelis p.d.].pdf","shared","resources/source-material/shared/Neural Networks in Finance. Gaining Predictive Edge in the Market [McNelis P.D.].pdf","Neural Networks in Finance. Gaining Predictive Edge in the Market [McNelis P.D.].pdf","Neural Networks in Finance. Gaining Predictive Edge in the Market [McNelis P.D.].pdf",".pdf","3539153","61C1F78D90F035E7F640D046B0B17CBAFAAAE9EEFCACCB9EC6E025605D3B9B16","2026-06-17T21:41:23Z"
"SHARED","new econometric approaches to stabilization policy in stochastic models of macroeconomic fluctuations.pdf","shared","resources/source-material/shared/New Econometric Approaches to Stabilization Policy in Stochastic Models of Macroeconomic Fluctuations.PDF","New Econometric Approaches to Stabilization Policy in Stochastic Models of Macroeconomic Fluctuations.PDF","New Econometric Approaches to Stabilization Policy in Stochastic Models of Macroeconomic Fluctuations.PDF",".pdf","3172692","4CB417527DADD0A6A6056ECA1798D5E663B1E98FEC096E65134ADDB709B997FA","2026-06-17T21:41:23Z"
"SHARED","new foundations in mathematics the g.pdf","shared","resources/source-material/shared/New Foundations in Mathematics The G.pdf","New Foundations in Mathematics The G.pdf","New Foundations in Mathematics The G.pdf",".pdf","5005892","92743B2F7FDE41CF9982CAAB6A17A75255CD2DD1A774307161FD50B27C4D31D0","2026-06-17T21:41:23Z"
"SHARED","niemi (eds.) - consumer credit, debt & bankruptcy_ comparative and international perspectives (2009).pdf","shared","resources/source-material/shared/Niemi (Eds.) - Consumer Credit, Debt & Bankruptcy_ Comparative and International Perspectives (2009).pdf","Niemi (Eds.) - Consumer Credit, Debt & Bankruptcy_ Comparative and International Perspectives (2009).pdf","Niemi (Eds.) - Consumer Credit, Debt & Bankruptcy_ Comparative and International Perspectives (2009).pdf",".pdf","2053666","965D9682E75B8E3643C0413040CEFFA2FDD6AA86BBF9C1E9361E83B3592C1E30","2026-06-17T21:41:23Z"
"SHARED","noam chomsky - 2003.08.11 - preventive war, the supreme crime.pdf","shared","resources/source-material/shared/Noam Chomsky - 2003.08.11 - Preventive war, the supreme crime.pdf","Noam Chomsky - 2003.08.11 - Preventive war, the supreme crime.pdf","Noam Chomsky - 2003.08.11 - Preventive war, the supreme crime.pdf",".pdf","97016","047CC3CF5E256F6EA80657E6EECDC5AA82CD2A73193523054CCB80A71160AD74","2026-06-17T21:41:23Z"
"SHARED","noam chomsky - 5 books.pdf","shared","resources/source-material/shared/Noam Chomsky - 5 books.pdf","Noam Chomsky - 5 books.pdf","Noam Chomsky - 5 books.pdf",".pdf","3569524","E76D6321AF2F0640CBD7B7848F4621C9499EEBB884D87B6F1B66143A9051AE5B","2026-06-17T21:41:23Z"
"SHARED","noam chomsky - 9-11.pdf","shared","resources/source-material/shared/Noam Chomsky - 9-11.pdf","Noam Chomsky - 9-11.pdf","Noam Chomsky - 9-11.pdf",".pdf","319983","D7E0CF17C058B2BB8D510E31297F0328EADADB30B89323FD97CD0E610D784656","2026-06-17T21:41:23Z"
"SHARED","noam chomsky - america_s war on terror.pdf","shared","resources/source-material/shared/Noam Chomsky - America_s war on terror.pdf","Noam Chomsky - America_s war on terror.pdf","Noam Chomsky - America_s war on terror.pdf",".pdf","269147","3C545EBBBF62EE238FF864A75D541F0EABF634E71FFC4F7FE865B820863FEB61","2026-06-17T21:41:23Z"
"SHARED","noam chomsky - class warfare.pdf","shared","resources/source-material/shared/Noam Chomsky - Class Warfare.pdf","Noam Chomsky - Class Warfare.pdf","Noam Chomsky - Class Warfare.pdf",".pdf","1094212","66D3DC500651E0A3871FB50CCF53384B477A5B3ACC5B808497DF1026EC2BD3D7","2026-06-17T21:41:23Z"
"SHARED","noam chomsky - fateful triangle - the united states, israel and the palestinians.pdf","shared","resources/source-material/shared/Noam Chomsky - Fateful Triangle - The United States, Israel and the Palestinians.pdf","Noam Chomsky - Fateful Triangle - The United States, Israel and the Palestinians.pdf","Noam Chomsky - Fateful Triangle - The United States, Israel and the Palestinians.pdf",".pdf","3501512","D1B363855C0389251FE0E39084B87E30A519B5D5483561031D9F09EF133F7524","2026-06-17T21:41:24Z"
"SHARED","noam chomsky - hegemony or survival - america_s quest for global dominance.pdf","shared","resources/source-material/shared/Noam Chomsky - Hegemony or Survival - America_s Quest for Global Dominance.pdf","Noam Chomsky - Hegemony or Survival - America_s Quest for Global Dominance.pdf","Noam Chomsky - Hegemony or Survival - America_s Quest for Global Dominance.pdf",".pdf","1360649","35C1FCB06D7989DB0E322F053CF6AA2C11FCD4E1733599C465656D8E10067297","2026-06-17T21:41:24Z"
"SHARED","noam chomsky - imperial ambitions.pdf","shared","resources/source-material/shared/Noam Chomsky - Imperial Ambitions.pdf","Noam Chomsky - Imperial Ambitions.pdf","Noam Chomsky - Imperial Ambitions.pdf",".pdf","3803150","968183FAE03AD09869B06EFDB849EA4EC64740852C08EBC29E41E56BE2DBA325","2026-06-17T21:41:24Z"
"SHARED","noam chomsky - liberating the mind from orthodoxies.pdf","shared","resources/source-material/shared/Noam Chomsky - Liberating the Mind from Orthodoxies.pdf","Noam Chomsky - Liberating the Mind from Orthodoxies.pdf","Noam Chomsky - Liberating the Mind from Orthodoxies.pdf",".pdf","148829","899182645C762D8DD484291CF602BE2B38041A703F1F76FD43994358E056983B","2026-06-17T21:41:24Z"
"SHARED","noam chomsky - media control.pdf","shared","resources/source-material/shared/Noam Chomsky - Media Control.pdf","Noam Chomsky - Media Control.pdf","Noam Chomsky - Media Control.pdf",".pdf","481116","1461EC46E0E20C99AB94CF5104A97F131BDA963AA7C48283AF1893D5CFF6537F","2026-06-17T21:41:24Z"
"SHARED","noam chomsky - necessary illusions.pdf","shared","resources/source-material/shared/Noam Chomsky - Necessary Illusions.pdf","Noam Chomsky - Necessary Illusions.pdf","Noam Chomsky - Necessary Illusions.pdf",".pdf","2663116","CD3FB25EC6230F58E5A50127A7E5D748B116552D91833A72B01AFC05A394955F","2026-06-17T21:41:24Z"
"SHARED","noam chomsky - on miseducation.pdf","shared","resources/source-material/shared/Noam Chomsky - On Miseducation.pdf","Noam Chomsky - On Miseducation.pdf","Noam Chomsky - On Miseducation.pdf",".pdf","974813","C9C7FD1382334703DFE41FD08D0A6A8C9FF59DE24D769104B96332A104D03BAD","2026-06-17T21:41:24Z"
"SHARED","noam chomsky - on osama bin laden.pdf","shared","resources/source-material/shared/Noam Chomsky - On Osama Bin Laden.pdf","Noam Chomsky - On Osama Bin Laden.pdf","Noam Chomsky - On Osama Bin Laden.pdf",".pdf","66525","74EB87128C440CFE3C40D6E5A3ABA3BAAB5ADA48620DB9F1FF6A2D57A2FAD5F7","2026-06-17T21:41:24Z"
"SHARED","noam chomsky - on war in  afganistan.pdf","shared","resources/source-material/shared/Noam Chomsky - On War in  Afganistan.pdf","Noam Chomsky - On War in  Afganistan.pdf","Noam Chomsky - On War in  Afganistan.pdf",".pdf","113209","2C7D17FBD266FB2D009A51B9266A28742661979FC5693A4DCFADB1421267394C","2026-06-17T21:41:24Z"
"SHARED","noam chomsky - philosophers and public philosophy.pdf","shared","resources/source-material/shared/Noam Chomsky - Philosophers and Public Philosophy.pdf","Noam Chomsky - Philosophers and Public Philosophy.pdf","Noam Chomsky - Philosophers and Public Philosophy.pdf",".pdf","1300505","E9ABEB815A0E2EFF99B67E2BD431B745D954E55A07072D9E9C64676A87F333D0","2026-06-17T21:41:24Z"
"SHARED","noam chomsky - pirates and emperors, old and new.pdf","shared","resources/source-material/shared/Noam Chomsky - Pirates and Emperors, Old and New.pdf","Noam Chomsky - Pirates and Emperors, Old and New.pdf","Noam Chomsky - Pirates and Emperors, Old and New.pdf",".pdf","1298067","F642F1BAF58A62157B84C467C36FEA4AEE963A106D7B1C02535CDEBE54EC2318","2026-06-17T21:41:24Z"
"SHARED","noam chomsky - powers and prospects.pdf","shared","resources/source-material/shared/Noam Chomsky - Powers and Prospects.pdf","Noam Chomsky - Powers and Prospects.pdf","Noam Chomsky - Powers and Prospects.pdf",".pdf","1257942","BEDC0DD91282292DA031ECE41B04210CD8CF942D17BB7DD94880C16BFF76831D","2026-06-17T21:41:24Z"
"SHARED","noam chomsky - profit over people.pdf","shared","resources/source-material/shared/Noam Chomsky - Profit over People.pdf","Noam Chomsky - Profit over People.pdf","Noam Chomsky - Profit over People.pdf",".pdf","691903","2111910033B05E3A31562AED1DABCC5FBADB82C8CC085A8884F4A4DF8D637BE2","2026-06-17T21:41:24Z"
"SHARED","noam chomsky - the culture of terrorism.pdf","shared","resources/source-material/shared/Noam Chomsky - The Culture of Terrorism.pdf","Noam Chomsky - The Culture of Terrorism.pdf","Noam Chomsky - The Culture of Terrorism.pdf",".pdf","1274054","1F52F473D9B895E6EB1B45E896B77379A5174B8B35007DDCA04A1F8F54A66057","2026-06-17T21:41:24Z"
"SHARED","noam chomsky - the propaganda system.pdf","shared","resources/source-material/shared/Noam Chomsky - The Propaganda System.pdf","Noam Chomsky - The Propaganda System.pdf","Noam Chomsky - The Propaganda System.pdf",".pdf","108242","8F25AED72691C3414C8C5FDCD09C20CF2CB378761FA6F99D5BD83C0E544BBC71","2026-06-17T21:41:24Z"
"SHARED","noam chomsky - turning the tide  u.s. intervention in central america and the struggle for peace.pdf","shared","resources/source-material/shared/Noam Chomsky - Turning the Tide  U.S. intervention in Central America and the Struggle for Peace.pdf","Noam Chomsky - Turning the Tide  U.S. intervention in Central America and the Struggle for Peace.pdf","Noam Chomsky - Turning the Tide  U.S. intervention in Central America and the Struggle for Peace.pdf",".pdf","1957549","F456F9101A469DFB5BA30A30B0948B63E95F348530CBE72471DD8A35AF434CBB","2026-06-17T21:41:24Z"
"SHARED","noam chomsky - war against people.pdf","shared","resources/source-material/shared/Noam Chomsky - War Against People.PDF","Noam Chomsky - War Against People.PDF","Noam Chomsky - War Against People.PDF",".pdf","291923","1F9C62F4E9B7F45021E5347A1AA1E9B687962EDB71D0B0BDCAF853EC055188DA","2026-06-17T21:41:24Z"
"SHARED","noam chomsky - who are the global terrorists.pdf","shared","resources/source-material/shared/Noam Chomsky - Who are the Global Terrorists.pdf","Noam Chomsky - Who are the Global Terrorists.pdf","Noam Chomsky - Who are the Global Terrorists.pdf",".pdf","111956","971B5A89417ECAFD3EB429A8B8FC6266DB180F9E29980C01D002960E61EC85C2","2026-06-17T21:41:24Z"
"SHARED","nonlinear optimization with financial applications.pdf","shared","resources/source-material/shared/Nonlinear Optimization with Financial Applications.pdf","Nonlinear Optimization with Financial Applications.pdf","Nonlinear Optimization with Financial Applications.pdf",".pdf","5743494","CF4760BEEA7490C77658A3EBC8CC1DFCA92C7EFF39CF7C18684C0339FFC0306D","2026-06-17T21:41:25Z"
"SHARED","non-linear regression models.pdf","shared","resources/source-material/shared/Non-Linear Regression Models.PDF","Non-Linear Regression Models.PDF","Non-Linear Regression Models.PDF",".pdf","3241993","84C6D62C64A2B5AC73DB312BD837428E297C4058C8342E4086DF2A3837343E8C","2026-06-17T21:41:24Z"
"SHARED","nonparametric approaches to auctions.pdf","shared","resources/source-material/shared/Nonparametric Approaches to Auctions.pdf","Nonparametric Approaches to Auctions.pdf","Nonparametric Approaches to Auctions.pdf",".pdf","1037189","A623AE93444EA21C93B3B40D7AF19FDCF748C78540A5CD7CF8DAE977E511B722","2026-06-17T21:41:25Z"
"SHARED","nonparametric identification.pdf","shared","resources/source-material/shared/NonParametric Identification.pdf","NonParametric Identification.pdf","NonParametric Identification.pdf",".pdf","506517","9F09AC022B64069DFB93F040238370EA11F3B925B589179FC27E9B9441B70ED0","2026-06-17T21:41:25Z"
"SHARED","nonrenewable resource scarcity journal.pdf","shared","resources/source-material/shared/Nonrenewable Resource Scarcity Journal.pdf","Nonrenewable Resource Scarcity Journal.pdf","Nonrenewable Resource Scarcity Journal.pdf",".pdf","3305727","359E3FDDF6AF0AB4BFCDD3A414587BDB43637DA717C255B9EF4DF61429E27F81","2026-06-17T21:41:25Z"
"SHARED","non-standard spatial statistics and spatial econometrics.pdf","shared","resources/source-material/shared/Non-standard Spatial Statistics and Spatial Econometrics.pdf","Non-standard Spatial Statistics and Spatial Econometrics.pdf","Non-standard Spatial Statistics and Spatial Econometrics.pdf",".pdf","7394602","235C6F70FEFC8C81DAB5B80CEBA8D1EF7B1D0F46B1696208E60CBCB0B6965550","2026-06-17T21:41:25Z"
"SHARED","norberg - financial fiasco_ how america’s infatuation with homeownership and easy money created the economic crisis (2009).pdf","shared","resources/source-material/shared/Norberg - Financial Fiasco_ How America’s Infatuation with Homeownership and Easy Money Created the Economic Crisis (2009).pdf","Norberg - Financial Fiasco_ How America’s Infatuation with Homeownership and Easy Money Created the Economic Crisis (2009).pdf","Norberg - Financial Fiasco_ How America’s Infatuation with Homeownership and Easy Money Created the Economic Crisis (2009).pdf",".pdf","3352601","DBFE91C431486223ACA48695416485F79CE5C3106CD514628D539AF41A88A1B9","2026-06-17T21:41:25Z"
"SHARED","notes for a course in game theory - maxwell b. stinchcombe.pdf","shared","resources/source-material/shared/Notes for a Course in Game Theory - Maxwell B. Stinchcombe.pdf","Notes for a Course in Game Theory - Maxwell B. Stinchcombe.pdf","Notes for a Course in Game Theory - Maxwell B. Stinchcombe.pdf",".pdf","917843","97ADE1CEB6E9609CB4B733D67CF2B8146BEE6411DF423A2DCF19559032D4B5D5","2026-06-17T21:41:25Z"
"SHARED","numerical mathematics and advanced a.pdf","shared","resources/source-material/shared/Numerical Mathematics and Advanced A.pdf","Numerical Mathematics and Advanced A.pdf","Numerical Mathematics and Advanced A.pdf",".pdf","12648988","12DB61C52D234D4E71A9D2E753CA98931E2AB68E03943456A763A4CAF15E6D2C","2026-06-17T21:41:25Z"
"SHARED","numerical methods in finance and economics-a matlab based introduction-brandimarte.pdf","shared","resources/source-material/shared/Numerical Methods in Finance and Economics-A MATLAB Based Introduction-Brandimarte.pdf","Numerical Methods in Finance and Economics-A MATLAB Based Introduction-Brandimarte.pdf","Numerical Methods in Finance and Economics-A MATLAB Based Introduction-Brandimarte.pdf",".pdf","34567900","A9A500B56DF6CE24B79F9C3F48D0E45AA1D1A096A1523001210BD19E56A3A6E2","2026-06-17T21:41:25Z"
"SHARED","o_gorman f. (ed.) victorian literature and finance (oup, 2007)(isbn 0199281920)(216s)_gh_.pdf","shared","resources/source-material/shared/O_Gorman F. (ed.) Victorian literature and finance (OUP, 2007)(ISBN 0199281920)(216s)_GH_.pdf","O_Gorman F. (ed.) Victorian literature and finance (OUP, 2007)(ISBN 0199281920)(216s)_GH_.pdf","O_Gorman F. (ed.) Victorian literature and finance (OUP, 2007)(ISBN 0199281920)(216s)_GH_.pdf",".pdf","1184657","95C4F7F4CD08DB364F42412E99EC08F89755C1354D2016746E025E4A63C29F15","2026-06-17T21:41:26Z"
"SHARED","o’connor - the fiscal crisis of the state (2009).pdf","shared","resources/source-material/shared/O’Connor - The Fiscal Crisis of the State (2009).pdf","O’Connor - The Fiscal Crisis of the State (2009).pdf","O’Connor - The Fiscal Crisis of the State (2009).pdf",".pdf","7790943","CAA75A1466A617A95B598E63A7302972299BAA87E71C8EAA4A226998A6503323","2026-06-17T21:41:26Z"
"SHARED","oecd. economic surveys.. russian federation (oecd, 2006)(isbn 9264029958)(227s)_gi_.pdf","shared","resources/source-material/shared/OECD. Economic Surveys.. Russian Federation (OECD, 2006)(ISBN 9264029958)(227s)_GI_.pdf","OECD. Economic Surveys.. Russian Federation (OECD, 2006)(ISBN 9264029958)(227s)_GI_.pdf","OECD. Economic Surveys.. Russian Federation (OECD, 2006)(ISBN 9264029958)(227s)_GI_.pdf",".pdf","2401327","9E795DEB15A715D8BFFFECD0D77698786D4B9AE6BFC9630FB7BD86DC5200BF52","2026-06-17T21:41:25Z"
"SHARED","officer l.h. everyday economics (palgrave, 2009)(isbn 0230617115)(220s)_gpop_.pdf","shared","resources/source-material/shared/Officer L.H. Everyday Economics (Palgrave, 2009)(ISBN 0230617115)(220s)_GPop_.pdf","Officer L.H. Everyday Economics (Palgrave, 2009)(ISBN 0230617115)(220s)_GPop_.pdf","Officer L.H. Everyday Economics (Palgrave, 2009)(ISBN 0230617115)(220s)_GPop_.pdf",".pdf","770684","D9C5041ED61994A2FEE17C423131EF0CF1BEF1B9A409FD139B046C13F8B00739","2026-06-17T21:41:25Z"
"SHARED","oil stockpiles journal.pdf","shared","resources/source-material/shared/Oil Stockpiles Journal.pdf","Oil Stockpiles Journal.pdf","Oil Stockpiles Journal.pdf",".pdf","459424","09BFDA3BDD51CDCFF61019480BDAF61AF0210551E202E2DD2A498012BDCD9B3C","2026-06-17T21:41:25Z"
"SHARED","olsen - the anti-corruption handbook_ how to protect your business in the global marketplace (2010).pdf","shared","resources/source-material/shared/Olsen - The Anti-Corruption Handbook_ How to Protect Your Business in the Global Marketplace (2010).pdf","Olsen - The Anti-Corruption Handbook_ How to Protect Your Business in the Global Marketplace (2010).pdf","Olsen - The Anti-Corruption Handbook_ How to Protect Your Business in the Global Marketplace (2010).pdf",".pdf","1395689","B92CFF1CF38464A95B8E6F38822BEE6A31C6C828F324E396D77232C4C70CEC79","2026-06-17T21:41:25Z"
"SHARED","on economic inequality (amartya sen, james e. foster ).pdf","shared","resources/source-material/shared/On Economic Inequality (Amartya Sen, James E. Foster ).pdf","On Economic Inequality (Amartya Sen, James E. Foster ).pdf","On Economic Inequality (Amartya Sen, James E. Foster ).pdf",".pdf","1524927","B9CAC1E6C92EEB1F2747189626707641F969A1E5D314C56E3C9BAD2D747C7D8D","2026-06-17T21:41:25Z"
"SHARED","online_statistics_education_textbook.pdf","shared","resources/source-material/shared/Online_Statistics_Education_Textbook.pdf","Online_Statistics_Education_Textbook.pdf","Online_Statistics_Education_Textbook.pdf",".pdf","34118287","BB7F569DA1981E8EE28D36E8D13CF5ADDFB58D991F82E9845374119421CEF054","2026-06-17T21:41:25Z"
"SHARED","optimal control models in finance a new computational approach.pdf","shared","resources/source-material/shared/Optimal Control Models in Finance A New Computational Approach.pdf","Optimal Control Models in Finance A New Computational Approach.pdf","Optimal Control Models in Finance A New Computational Approach.pdf",".pdf","5899846","BEE36ADE94D239A4809158F103535C5EC3F437506B86641130B931D38591F683","2026-06-17T21:41:25Z"
"SHARED","optimal regulation - the economic theory of natural monopoly.pdf","shared","resources/source-material/shared/Optimal Regulation - The Economic Theory of Natural Monopoly.pdf","Optimal Regulation - The Economic Theory of Natural Monopoly.pdf","Optimal Regulation - The Economic Theory of Natural Monopoly.pdf",".pdf","15509899","6B6B699C378F8BEA4092224443E994281D33703AE65C21DD11EF1F6AFBA10945","2026-06-17T21:41:25Z"
"SHARED","optimization and control with applications (springer).pdf","shared","resources/source-material/shared/Optimization and Control with Applications (Springer).pdf","Optimization and Control with Applications (Springer).pdf","Optimization and Control with Applications (Springer).pdf",".pdf","21162987","EC390591CC2689D74C26C4E0978D89695396F7D1732BABCA90A88F46D2F391D2","2026-06-17T21:41:25Z"
"SHARED","optimization toolbox-matlab.pdf","shared","resources/source-material/shared/Optimization Toolbox-Matlab.pdf","Optimization Toolbox-Matlab.pdf","Optimization Toolbox-Matlab.pdf",".pdf","304695","A40E5DAD9AB7E9067FC67FA74222FDFCF1BC31E85B62AB2BFC6A6B69DD3F7475","2026-06-17T21:41:25Z"
"SHARED","ordinary differential equations and.pdf","shared","resources/source-material/shared/Ordinary Differential Equations and.pdf","Ordinary Differential Equations and.pdf","Ordinary Differential Equations and.pdf",".pdf","63048086","0FABAAF7E2E18C9B29F9AC7DA9E0B2CF659E370534B003A15D69E9E5BC8C1325","2026-06-17T21:41:26Z"
"SHARED","osenton - boomer destiny_ leading the u.s. through the worst crisis since the great depression (2009).pdf","shared","resources/source-material/shared/Osenton - Boomer Destiny_ Leading the U.S. through the Worst Crisis since the Great Depression (2009).pdf","Osenton - Boomer Destiny_ Leading the U.S. through the Worst Crisis since the Great Depression (2009).pdf","Osenton - Boomer Destiny_ Leading the U.S. through the Worst Crisis since the Great Depression (2009).pdf",".pdf","1084682","25DFE0449C562D970C345C2414836102432ED8C26531E328C750F0275DAEE4D7","2026-06-17T21:41:26Z"
"SHARED","oyama - post-crisis risk management_ bracing for the next perfect storm (2010).pdf","shared","resources/source-material/shared/Oyama - Post-Crisis Risk Management_ Bracing for the Next Perfect Storm (2010).pdf","Oyama - Post-Crisis Risk Management_ Bracing for the Next Perfect Storm (2010).pdf","Oyama - Post-Crisis Risk Management_ Bracing for the Next Perfect Storm (2010).pdf",".pdf","3304588","9C9170AFC0E100C29C43A175B3B27C92684D82A6DD8D9155B70514446482AAE9","2026-06-17T21:41:26Z"
"SHARED","paganetto (ed.) - public debt, global governance and economic dynamism (2013).pdf","shared","resources/source-material/shared/Paganetto (Ed.) - Public Debt, Global Governance and Economic Dynamism (2013).pdf","Paganetto (Ed.) - Public Debt, Global Governance and Economic Dynamism (2013).pdf","Paganetto (Ed.) - Public Debt, Global Governance and Economic Dynamism (2013).pdf",".pdf","11137309","74563BC56AE551A38D0B8A48DC199F06736AE123DE1710EA3015F4AE3EFCCB97","2026-06-17T21:41:26Z"
"SHARED","palit (ed.) - south asia_ beyond the global financial crisis (2011).pdf","shared","resources/source-material/shared/Palit (Ed.) - South Asia_ Beyond the Global Financial Crisis (2011).pdf","Palit (Ed.) - South Asia_ Beyond the Global Financial Crisis (2011).pdf","Palit (Ed.) - South Asia_ Beyond the Global Financial Crisis (2011).pdf",".pdf","3130818","4266065DCCFC8CB49312783A455934CEEF7371CC1EA6D6095A6D8D2FE6132231","2026-06-17T21:41:26Z"
"SHARED","palley - from financial crisis to stagnation_ the destruction of shared prosperity and the role of economics (2012).pdf","shared","resources/source-material/shared/Palley - From Financial Crisis to Stagnation_ the Destruction of Shared Prosperity and the Role of Economics (2012).pdf","Palley - From Financial Crisis to Stagnation_ the Destruction of Shared Prosperity and the Role of Economics (2012).pdf","Palley - From Financial Crisis to Stagnation_ the Destruction of Shared Prosperity and the Role of Economics (2012).pdf",".pdf","2918322","1522D6DA1CAE645D3F832EFD928A76F96A958DD24A1E938201B43BE2DC248A49","2026-06-17T21:41:26Z"
"SHARED","palley.ed.restoring_shared_prosperity.pdf","shared","resources/source-material/shared/Palley.ed.restoring_shared_prosperity.pdf","Palley.ed.restoring_shared_prosperity.pdf","Palley.ed.restoring_shared_prosperity.pdf",".pdf","4223686","5F0562EF8E5E4AE5C970F12E192CFE0CE4D4F11A20945D3C1C30A8FE520BD069","2026-06-17T21:41:26Z"
"SHARED","palley.from financial crisis to stagnation ... and the role of economics  2013.pdf","shared","resources/source-material/shared/Palley.From Financial Crisis to Stagnation ... and the Role of Economics  2013.pdf","Palley.From Financial Crisis to Stagnation ... and the Role of Economics  2013.pdf","Palley.From Financial Crisis to Stagnation ... and the Role of Economics  2013.pdf",".pdf","2918322","1522D6DA1CAE645D3F832EFD928A76F96A958DD24A1E938201B43BE2DC248A49","2026-06-17T21:41:26Z"
"SHARED","palley.neo-liberalism - chapter.pdf","shared","resources/source-material/shared/Palley.Neo-liberalism - chapter.pdf","Palley.Neo-liberalism - chapter.pdf","Palley.Neo-liberalism - chapter.pdf",".pdf","168061","9CF3C9311EBFC50C4C19C1EB3F21970E0FDA59EE90D05376DF48C30CE5489B52","2026-06-17T21:41:26Z"
"SHARED","palombi l., blumberg b.s. (eds.) gene cartels (elgar, 2009)(isbn 1847208363)(o)(410s)_gi_.pdf","shared","resources/source-material/shared/Palombi L., Blumberg B.S. (eds.) Gene Cartels (Elgar, 2009)(ISBN 1847208363)(O)(410s)_GI_.pdf","Palombi L., Blumberg B.S. (eds.) Gene Cartels (Elgar, 2009)(ISBN 1847208363)(O)(410s)_GI_.pdf","Palombi L., Blumberg B.S. (eds.) Gene Cartels (Elgar, 2009)(ISBN 1847208363)(O)(410s)_GI_.pdf",".pdf","1011480","22D7BF9129355F02102EA5547A300A4FC7D6C0EE0546B69373D4B86CA7440771","2026-06-17T21:41:26Z"
"SHARED","panel data.pdf","shared","resources/source-material/shared/Panel Data.PDF","Panel Data.PDF","Panel Data.PDF",".pdf","3736866","B9DC7F444FFCC76E4EE2EE619DD9814F5BC0BB37CD5AC4478C459C1C4D6E1557","2026-06-17T21:41:26Z"
"SHARED","pannekoek.workers_ council.djvu","shared","resources/source-material/shared/Pannekoek.Workers_ Council.djvu","Pannekoek.Workers_ Council.djvu","Pannekoek.Workers_ Council.djvu",".djvu","3310129","AC85E9059185B3016FB099F1D606E0682584F807ADA3315C6EBF1BECE7774F64","2026-06-17T21:41:26Z"
"SHARED","parkin m., powell m., matthews k. economics (6ed., aw, 2005)(isbn 0321312643)(876s)_gg_.pdf","shared","resources/source-material/shared/Parkin M., Powell M., Matthews K. Economics (6ed., AW, 2005)(ISBN 0321312643)(876s)_GG_.pdf","Parkin M., Powell M., Matthews K. Economics (6ed., AW, 2005)(ISBN 0321312643)(876s)_GG_.pdf","Parkin M., Powell M., Matthews K. Economics (6ed., AW, 2005)(ISBN 0321312643)(876s)_GG_.pdf",".pdf","20932889","DE560F790D20BC27335C63F779A6A1B9932187EC18E856549C4BF9AC204B661B","2026-06-17T21:41:26Z"
"SHARED","partnoy - the match king_ ivar kreuger, the financial genius behind a century of wall street scandals (2009).pdf","shared","resources/source-material/shared/Partnoy - The Match King_ Ivar Kreuger, The Financial Genius Behind A Century of Wall Street Scandals (2009).pdf","Partnoy - The Match King_ Ivar Kreuger, The Financial Genius Behind A Century of Wall Street Scandals (2009).pdf","Partnoy - The Match King_ Ivar Kreuger, The Financial Genius Behind A Century of Wall Street Scandals (2009).pdf",".pdf","1228699","66D54F0DE4EE30BCF3051264F8126F7857A010D8E526DEE89127E5B4E9A37F16","2026-06-17T21:41:26Z"
"SHARED","path integrals in physics volume i stochastic processes and quantum mechanics - m chaichian.pdf","shared","resources/source-material/shared/Path Integrals in Physics Volume I Stochastic Processes and Quantum Mechanics - M Chaichian.pdf","Path Integrals in Physics Volume I Stochastic Processes and Quantum Mechanics - M Chaichian.pdf","Path Integrals in Physics Volume I Stochastic Processes and Quantum Mechanics - M Chaichian.pdf",".pdf","8262281","0AFDDFF8139299D44BE876738BD70E871404ACE083A1558A0FA9C5108A572F7E","2026-06-17T21:41:26Z"
"SHARED","patterson - dark pools_ high-speed traders, a.i. bandits, and the threat to the global financial system (2012).epub","shared","resources/source-material/shared/Patterson - Dark Pools_ High-Speed Traders, A.I. Bandits, and the Threat to the Global Financial System (2012).epub","Patterson - Dark Pools_ High-Speed Traders, A.I. Bandits, and the Threat to the Global Financial System (2012).epub","Patterson - Dark Pools_ High-Speed Traders, A.I. Bandits, and the Threat to the Global Financial System (2012).epub",".epub","3347914","7674CB24EF2812ACE4408C8C44F40B177D0AFD4E5142B580DC6D4ABBE18EE923","2026-06-17T21:41:26Z"
"SHARED","paul wilmott on quantitative finance.pdf","shared","resources/source-material/shared/Paul Wilmott on Quantitative Finance.pdf","Paul Wilmott on Quantitative Finance.pdf","Paul Wilmott on Quantitative Finance.pdf",".pdf","15616160","E0FF5F09420BC38876B056D6A5E746BF0020B09FD89672BBF7066486FEFFD549","2026-06-17T21:41:26Z"
"SHARED","paulson - on the brink_ inside the race to stop the collapse of the global financial system (2010).pdf","shared","resources/source-material/shared/Paulson - On the Brink_ Inside the Race to Stop the Collapse of the Global Financial System (2010).pdf","Paulson - On the Brink_ Inside the Race to Stop the Collapse of the Global Financial System (2010).pdf","Paulson - On the Brink_ Inside the Race to Stop the Collapse of the Global Financial System (2010).pdf",".pdf","3208744","77B8CEF3CC084E94F6857891C94F2A8376B7AABC7095ED494C1E04E20B84A41E","2026-06-17T21:41:26Z"
"SHARED","peck - pinched_ how the great recession has narrowed our futures and what we can do about it (2011).epub","shared","resources/source-material/shared/Peck - Pinched_ How the Great Recession has Narrowed our Futures and What We Can Do about It (2011).epub","Peck - Pinched_ How the Great Recession has Narrowed our Futures and What We Can Do about It (2011).epub","Peck - Pinched_ How the Great Recession has Narrowed our Futures and What We Can Do about It (2011).epub",".epub","2001511","EDBC956C87EF31750A6E3C7E13C5D1C723BF2CE114F942730E3CA148ED8EFD6D","2026-06-17T21:41:26Z"
"SHARED","peeters.economic and management perspectives on intellectual property rights (2006).pdf","shared","resources/source-material/shared/Peeters.Economic and Management Perspectives on Intellectual Property Rights (2006).pdf","Peeters.Economic and Management Perspectives on Intellectual Property Rights (2006).pdf","Peeters.Economic and Management Perspectives on Intellectual Property Rights (2006).pdf",".pdf","1003776","7491E9B5F99776E5FEF9F4C0C8BE53A733EDC66C5D12EDA1E3ABD889478D95A0","2026-06-17T21:41:26Z"
"SHARED","pelaez - regulation of banks and finance_ theory and policy after the credit crisis (2009).pdf","shared","resources/source-material/shared/Pelaez - Regulation of Banks and Finance_ Theory and Policy after the Credit Crisis (2009).pdf","Pelaez - Regulation of Banks and Finance_ Theory and Policy after the Credit Crisis (2009).pdf","Pelaez - Regulation of Banks and Finance_ Theory and Policy after the Credit Crisis (2009).pdf",".pdf","1967765","9A5E2754BBBE4D622B0C75C8300FEB6EC33B5B3D2924EC6F9F38E8F21A73F0B7","2026-06-17T21:41:26Z"
"SHARED","perelman.the invisible handcuffs of capitalism.epub","shared","resources/source-material/shared/Perelman.The Invisible Handcuffs of Capitalism.epub","Perelman.The Invisible Handcuffs of Capitalism.epub","Perelman.The Invisible Handcuffs of Capitalism.epub",".epub","405284","D46548EBEA85D20A4A629617D5A48F78FFC15ECE892ED25B34CF5A44BD0DD5C5","2026-06-17T21:41:26Z"
"SHARED","personal finance in your 20s for dummies.pdf","shared","resources/source-material/shared/Personal Finance in Your 20s For Dummies.pdf","Personal Finance in Your 20s For Dummies.pdf","Personal Finance in Your 20s For Dummies.pdf",".pdf","4929103","745FEBA1144F8C9F92F032E1F003ABD935119495733A3656EDA6EBFC3667B51F","2026-06-17T21:41:26Z"
"SHARED","peter t. leeson - the invisible hook [2009][a].pdf","shared","resources/source-material/shared/Peter T. Leeson - The Invisible Hook [2009][A].pdf","Peter T. Leeson - The Invisible Hook [2009][A].pdf","Peter T. Leeson - The Invisible Hook [2009][A].pdf",".pdf","1670219","0185FFAB3D1D7FAA8CA6B4452543FB34F20B560F844CD14532A35070BDE5E65E","2026-06-17T21:41:26Z"
"SHARED","petkovsek, wilf, zeilberger - a equals b.pdf","shared","resources/source-material/shared/Petkovsek, Wilf, Zeilberger - A equals B.pdf","Petkovsek, Wilf, Zeilberger - A equals B.pdf","Petkovsek, Wilf, Zeilberger - A equals B.pdf",".pdf","1250304","2D6936BEDA1009DB20FB616D4379F9AF8B231D33ECD995646B50159D4CDF7753","2026-06-17T21:41:26Z"
"SHARED","petrakis - the greek economy and the crisis_ challenges and responses (2012).pdf","shared","resources/source-material/shared/Petrakis - The Greek Economy and the Crisis_ Challenges and Responses (2012).pdf","Petrakis - The Greek Economy and the Crisis_ Challenges and Responses (2012).pdf","Petrakis - The Greek Economy and the Crisis_ Challenges and Responses (2012).pdf",".pdf","10823194","75E25DF8DB804FB59BD4BCF34A11A4E1F925DAB797CFC2FE35000EB4486FD1B0","2026-06-17T21:41:26Z"
"SHARED","philip hans franses-a concise introduction to econometrics_ an intuitive guide-cambridge university press (2002).pdf","shared","resources/source-material/shared/Philip Hans Franses-A concise introduction to econometrics_ an intuitive guide-Cambridge University Press (2002).pdf","Philip Hans Franses-A concise introduction to econometrics_ an intuitive guide-Cambridge University Press (2002).pdf","Philip Hans Franses-A concise introduction to econometrics_ an intuitive guide-Cambridge University Press (2002).pdf",".pdf","498848","076BE9F5255AD291133A7B4BAF609FE97BE94FA8C1838FB9B6858C9F8F9DD3C7","2026-06-17T21:41:26Z"
"SHARED","phillips - banking and the business cycle_ a study of the great depression in the u. s. (1937).pdf","shared","resources/source-material/shared/Phillips - Banking and The Business Cycle_ A Study of the Great Depression in the U. S. (1937).pdf","Phillips - Banking and The Business Cycle_ A Study of the Great Depression in the U. S. (1937).pdf","Phillips - Banking and The Business Cycle_ A Study of the Great Depression in the U. S. (1937).pdf",".pdf","14163149","DEA775D183B01BC49CE4E822755A054ED88EB5ECE89BAC7E27DB987DA1F3C26C","2026-06-17T21:41:26Z"
"SHARED","phillips - fit to bust_ how great companies fail (2011).pdf","shared","resources/source-material/shared/Phillips - Fit to Bust_ How Great Companies Fail (2011).pdf","Phillips - Fit to Bust_ How Great Companies Fail (2011).pdf","Phillips - Fit to Bust_ How Great Companies Fail (2011).pdf",".pdf","1267572","9FC24ADEE47646749712AB9F264AD40D3F03CA1035515E6753AE69AC6F92121A","2026-06-17T21:41:26Z"
"SHARED","pike.virtual monopoly building an intellectual property strategy  2001.pdf","shared","resources/source-material/shared/Pike.Virtual Monopoly Building an Intellectual Property Strategy  2001.pdf","Pike.Virtual Monopoly Building an Intellectual Property Strategy  2001.pdf","Pike.Virtual Monopoly Building an Intellectual Property Strategy  2001.pdf",".pdf","769016","3EAEDB85CAD286A5ABFD510B4F7BAFA8E3F05D1F1CEA5ACBC3A6F84480BCF002","2026-06-17T21:41:27Z"
"SHARED","pirayoff r. cliffsap economics micro & macro (wiley, 2004)(isbn 076453999x)(268s)_gg_.pdf","shared","resources/source-material/shared/Pirayoff R. CliffsAP economics micro & macro (Wiley, 2004)(ISBN 076453999X)(268s)_GG_.pdf","Pirayoff R. CliffsAP economics micro & macro (Wiley, 2004)(ISBN 076453999X)(268s)_GG_.pdf","Pirayoff R. CliffsAP economics micro & macro (Wiley, 2004)(ISBN 076453999X)(268s)_GG_.pdf",".pdf","1271630","8CBF6EADA89EAE6E7791775C1B6C7893C232157C6BF57909ECAD993FAA0CFE4E","2026-06-17T21:41:27Z"
"SHARED","planet ponzi how the world got into this mess, what happens next, how to save yourself (mitch feierstein) {s-b}™.mobi","shared","resources/source-material/shared/Planet Ponzi How the World Got Into This Mess, What Happens Next, How to Save Yourself (Mitch Feierstein) {S-B}™.mobi","Planet Ponzi How the World Got Into This Mess, What Happens Next, How to Save Yourself (Mitch Feierstein) {S-B}™.mobi","Planet Ponzi How the World Got Into This Mess, What Happens Next, How to Save Yourself (Mitch Feierstein) {S-B}™.mobi",".mobi","1772303","795109B0461F550C5A1FECD71F514C1D734BCE1294C8B040E0F7503B35D30FE7","2026-06-17T21:41:27Z"
"SHARED","pollock - boom & bust_ financial cycles and human prosperity (2011).pdf","shared","resources/source-material/shared/Pollock - Boom & Bust_ Financial Cycles and Human Prosperity (2011).pdf","Pollock - Boom & Bust_ Financial Cycles and Human Prosperity (2011).pdf","Pollock - Boom & Bust_ Financial Cycles and Human Prosperity (2011).pdf",".pdf","1195079","ADEA88967D53CF7880381F10B2503EE30667912B5B8E901804C358998B214559","2026-06-17T21:41:27Z"
"SHARED","pollock d.s.g. a handbook of time-series analysis, signal processing and dynamics (ap, 1999)(isbn 0125609906)(o)(808s)_gl_.pdf","shared","resources/source-material/shared/Pollock D.S.G. A handbook of time-series analysis, signal processing and dynamics (AP, 1999)(ISBN 0125609906)(O)(808s)_GL_.pdf","Pollock D.S.G. A handbook of time-series analysis, signal processing and dynamics (AP, 1999)(ISBN 0125609906)(O)(808s)_GL_.pdf","Pollock D.S.G. A handbook of time-series analysis, signal processing and dynamics (AP, 1999)(ISBN 0125609906)(O)(808s)_GL_.pdf",".pdf","5199611","CC5A0C56B0EEE9C376C69D4867B28CAE0C46C30E27870F00194CF9A428CB03D3","2026-06-17T21:41:27Z"
"SHARED","pond - safe money in tough times_ everything you need to know to survive the financial crisis (2009).pdf","shared","resources/source-material/shared/Pond - Safe Money in Tough Times_ Everything You Need to Know to Survive the Financial Crisis (2009).pdf","Pond - Safe Money in Tough Times_ Everything You Need to Know to Survive the Financial Crisis (2009).pdf","Pond - Safe Money in Tough Times_ Everything You Need to Know to Survive the Financial Crisis (2009).pdf",".pdf","1758585","5FD0A56881E3F298DF054BF86EA93B598C97A1E4C9E741AA67883FA96F86E558","2026-06-17T21:41:27Z"
"SHARED","poor economics - ft book of the year -esther duflo abhijit banerjee [qwerty80].epub","shared","resources/source-material/shared/Poor Economics - FT book of the year -Esther Duflo Abhijit banerjee [Qwerty80].epub","Poor Economics - FT book of the year -Esther Duflo Abhijit banerjee [Qwerty80].epub","Poor Economics - FT book of the year -Esther Duflo Abhijit banerjee [Qwerty80].epub",".epub","512247","5132A7F68FDBFB2A8A3DF213375AFA2D5C682B3836843FF71ABB155208518EBF","2026-06-17T21:41:27Z"
"SHARED","posner.a failure of capitalism the crisis of _08 and the descent into depression (2009).epub","shared","resources/source-material/shared/Posner.A Failure of Capitalism The Crisis of _08 and the Descent into Depression (2009).epub","Posner.A Failure of Capitalism The Crisis of _08 and the Descent into Depression (2009).epub","Posner.A Failure of Capitalism The Crisis of _08 and the Descent into Depression (2009).epub",".epub","586235","A18D5D1408561261A1B10BFE73B3EDA9B98C3CA46DF14055C0019127D0D6D851","2026-06-17T21:41:27Z"
"SHARED","posta & talani (eds.) - europe and the financial crisis (2011).pdf","shared","resources/source-material/shared/Posta & Talani (eds.) - Europe and the Financial Crisis (2011).pdf","Posta & Talani (eds.) - Europe and the Financial Crisis (2011).pdf","Posta & Talani (eds.) - Europe and the Financial Crisis (2011).pdf",".pdf","3256235","760B62918DE2031564672C3E01A5F5BCD9497D55A5139461824C7023AC29365B","2026-06-17T21:41:27Z"
"SHARED","potter - deadly spin_ an insurance company insider speaks out on how corporate pr is killing health care and deceiving americans (2010).epub","shared","resources/source-material/shared/Potter - Deadly Spin_ an Insurance Company Insider Speaks Out on How Corporate PR Is Killing Health Care and Deceiving Americans (2010).epub","Potter - Deadly Spin_ an Insurance Company Insider Speaks Out on How Corporate PR Is Killing Health Care and Deceiving Americans (2010).epub","Potter - Deadly Spin_ an Insurance Company Insider Speaks Out on How Corporate PR Is Killing Health Care and Deceiving Americans (2010).epub",".epub","506886","017AB79472B23C673ABC3DB4494888E7310C7CBA56D625CFB09D1AF321212E87","2026-06-17T21:41:27Z"
"SHARED","powell (ed.) - u.s. insurance industries after the 2007-2009 financial crisis (2013).pdf","shared","resources/source-material/shared/Powell (Ed.) - U.S. Insurance Industries after the 2007-2009 Financial Crisis (2013).pdf","Powell (Ed.) - U.S. Insurance Industries after the 2007-2009 Financial Crisis (2013).pdf","Powell (Ed.) - U.S. Insurance Industries after the 2007-2009 Financial Crisis (2013).pdf",".pdf","1699602","9BCDE0195532857CDAAC75AE24E496AEC8C7D9A49F21565F702C6F481D0878FF","2026-06-17T21:41:27Z"
"SHARED","practical math success.pdf","shared","resources/source-material/shared/Practical Math Success.pdf","Practical Math Success.pdf","Practical Math Success.pdf",".pdf","13967267","F691FEF7581BA55C760FC912E61A4A6B88A3939588FB5F75E8E45534BB4DAFAF","2026-06-17T21:41:27Z"
"SHARED","pre-calculus know-it-all beginner to advanced, and everything in between.pdf","shared","resources/source-material/shared/Pre-Calculus Know-It-All Beginner to Advanced, and Everything in Between.pdf","Pre-Calculus Know-It-All Beginner to Advanced, and Everything in Between.pdf","Pre-Calculus Know-It-All Beginner to Advanced, and Everything in Between.pdf",".pdf","3662310","84791E9088505893DBB1E5D13C68091B633811428F9BAFCC1CD7EB716EDD0EA8","2026-06-17T21:41:27Z"
"SHARED","prentice hall - pindyck, rubinfeld. microeconomics.3ed.pdf","shared","resources/source-material/shared/Prentice Hall - Pindyck, Rubinfeld. Microeconomics.3ed.pdf","Prentice Hall - Pindyck, Rubinfeld. Microeconomics.3ed.pdf","Prentice Hall - Pindyck, Rubinfeld. Microeconomics.3ed.pdf",".pdf","45927588","703A55528A4C934C3BB9E3D90E8D06C04B748CB9881F634029330D4CDEAC18FD","2026-06-17T21:41:27Z"
"SHARED","priestley m.b. non-linear and non-stationary time series analysis (ap,1989)(isbn 012564910x)(600dpi)(k)(t)(248s)_gl_.djvu","shared","resources/source-material/shared/Priestley M.B. Non-linear and Non-stationary Time Series Analysis (AP,1989)(ISBN 012564910X)(600dpi)(K)(T)(248s)_GL_.djvu","Priestley M.B. Non-linear and Non-stationary Time Series Analysis (AP,1989)(ISBN 012564910X)(600dpi)(K)(T)(248s)_GL_.djvu","Priestley M.B. Non-linear and Non-stationary Time Series Analysis (AP,1989)(ISBN 012564910X)(600dpi)(K)(T)(248s)_GL_.djvu",".djvu","2309120","C0CAD1FC0167834BC137EB597023B22B726223E30B1F279BA168E0066424988B","2026-06-17T21:41:27Z"
"SHARED","prieve - a course in fluid mechanics with vector field theory.pdf","shared","resources/source-material/shared/Prieve - A Course in Fluid Mechanics with Vector Field Theory.pdf","Prieve - A Course in Fluid Mechanics with Vector Field Theory.pdf","Prieve - A Course in Fluid Mechanics with Vector Field Theory.pdf",".pdf","1406640","0E667904F5D8F549F3BFBCE7B0AE2C4BEC1AFB5C6C42DF4676C5281BBFB32899","2026-06-17T21:41:27Z"
"SHARED","principles of economics.pdf","shared","resources/source-material/shared/Principles Of Economics.pdf","Principles Of Economics.pdf","Principles Of Economics.pdf",".pdf","963360","CC75DAEA79315144A9978408CE71C59771C9CDF6EB33D4CE0FDC3943EA47CB7B","2026-06-17T21:41:27Z"
"SHARED","principles of macroeconomics, case fair oster.pdf","shared","resources/source-material/shared/Principles of Macroeconomics, Case Fair Oster.pdf","Principles of Macroeconomics, Case Fair Oster.pdf","Principles of Macroeconomics, Case Fair Oster.pdf",".pdf","7077083","B5887EC498913EEA480126EECE4AC6C306F1E1BC9A69CBB3DD75C3CB2BE776F1","2026-06-17T21:41:27Z"
"SHARED","principles of macroeconomics, joseph g.pdf","shared","resources/source-material/shared/Principles of Macroeconomics, Joseph G.pdf","Principles of Macroeconomics, Joseph G.pdf","Principles of Macroeconomics, Joseph G.pdf",".pdf","5837150","09F32DF32918A575488DDE6EC24EA20C6178FD1F9145B0EA540A0A68183E49BA","2026-06-17T21:41:27Z"
"SHARED","principles of macroeconomics, n. gregory mankiw.pdf","shared","resources/source-material/shared/Principles of Macroeconomics, N. Gregory Mankiw.pdf","Principles of Macroeconomics, N. Gregory Mankiw.pdf","Principles of Macroeconomics, N. Gregory Mankiw.pdf",".pdf","17864292","8E78EE7AC82D06A60208C15BE0D86C3D5C348883A800BB9F85485297C6E7F954","2026-06-17T21:41:27Z"
"SHARED","principles_of_economics_3rd_edition.pdf","shared","resources/source-material/shared/Principles_of_Economics_3rd_Edition.pdf","Principles_of_Economics_3rd_Edition.pdf","Principles_of_Economics_3rd_Edition.pdf",".pdf","7311002","582B64A71F7D746DAF1D6F0974ACC3E7523A82560D675BE5662E827A63B99F75","2026-06-17T21:41:27Z"
"SHARED","probability and statistical inference by nitis mukhopadhyay 2000 (690 pages).pdf","shared","resources/source-material/shared/Probability and Statistical Inference by Nitis Mukhopadhyay 2000 (690 pages).pdf","Probability and Statistical Inference by Nitis Mukhopadhyay 2000 (690 pages).pdf","Probability and Statistical Inference by Nitis Mukhopadhyay 2000 (690 pages).pdf",".pdf","19716238","746D852A710D497B314C875A67BD6D9DD9A1B124BBB0587504C0B6321037ED08","2026-06-17T21:41:27Z"
"SHARED","probability, random variables and random processes-schaum_s outline.pdf","shared","resources/source-material/shared/Probability, Random Variables and Random Processes-Schaum_s Outline.pdf","Probability, Random Variables and Random Processes-Schaum_s Outline.pdf","Probability, Random Variables and Random Processes-Schaum_s Outline.pdf",".pdf","4635626","B84CB3E68EB4FCDEECB86DAB7CD7DE519EE6BF636E5B3AFABADC2CAA23717DD0","2026-06-17T21:41:27Z"
"SHARED","probability, random variables and stochastic processes - papoulis.pdf","shared","resources/source-material/shared/Probability, Random Variables and Stochastic Processes - Papoulis.pdf","Probability, Random Variables and Stochastic Processes - Papoulis.pdf","Probability, Random Variables and Stochastic Processes - Papoulis.pdf",".pdf","57594976","468FE83535892DF58AC8875E8EB465C5F66D7573A0A202FFF99C65266796360B","2026-06-17T21:41:27Z"
"SHARED","programming logics.pdf","shared","resources/source-material/shared/Programming Logics.pdf","Programming Logics.pdf","Programming Logics.pdf",".pdf","5445848","9758A5D09A957A4FC7E3405E041A3427EED9454DE022AA28BD11C795CD753F59","2026-06-17T21:41:27Z"
"SHARED","prostitution.pdf","shared","resources/source-material/shared/Prostitution.pdf","Prostitution.pdf","Prostitution.pdf",".pdf","2024605","8A41FCE07A7528BB552C717D0298941D4A70EC44532AD156AFEB6DF34B64D044","2026-06-17T21:41:27Z"
"SHARED","pseudodifferential and singular inte.pdf","shared","resources/source-material/shared/Pseudodifferential and Singular Inte.pdf","Pseudodifferential and Singular Inte.pdf","Pseudodifferential and Singular Inte.pdf",".pdf","3260664","72BC3B6365451FD026A8E168C471C6258920A9AB9A9A028EAA79D5E64F2DA833","2026-06-17T21:41:27Z"
"SHARED","purser - introduction to error correcting codes.pdf","shared","resources/source-material/shared/Purser - Introduction to Error Correcting Codes.pdf","Purser - Introduction to Error Correcting Codes.pdf","Purser - Introduction to Error Correcting Codes.pdf",".pdf","4840168","04CA1D4BFA93CFE7CD8E5E9FD6C285B8DA29FA02C7FA6F03DE85AA5B961D17D7","2026-06-17T21:41:27Z"
"SHARED","python geospatial development, 2nd edition.pdf","shared","resources/source-material/shared/Python Geospatial Development, 2nd Edition.pdf","Python Geospatial Development, 2nd Edition.pdf","Python Geospatial Development, 2nd Edition.pdf",".pdf","42412158","40491A7B845C3CA97988AE026D67D8D415A8FD17C4F8CAC25DEF6019D99C57B4","2026-06-17T21:41:27Z"
"SHARED","python_ crash course.epub","shared","resources/source-material/shared/Python_ Crash Course.epub","Python_ Crash Course.epub","Python_ Crash Course.epub",".epub","476383","B8CE820420F974AA815D6E2D99AFBCD852A88252DF73B49C611E38712CF6EFCC","2026-06-17T21:41:28Z"
"SHARED","quantitative business valuation.pdf","shared","resources/source-material/shared/Quantitative Business Valuation.pdf","Quantitative Business Valuation.pdf","Quantitative Business Valuation.pdf",".pdf","2189005","37958C3E12AD2270B3903191BE29342BFDE81B2994B8B0AB6AA9607D6FF4F32D","2026-06-17T21:41:28Z"
"SHARED","quantitative finance for physicists - an introduction.pdf","shared","resources/source-material/shared/Quantitative Finance for Physicists - An Introduction.pdf","Quantitative Finance for Physicists - An Introduction.pdf","Quantitative Finance for Physicists - An Introduction.pdf",".pdf","2096845","25B563DE4256CB44356796FC4D0518EDA7F609E46C08C695261FFBEF3A0B0CA0","2026-06-17T21:41:28Z"
"SHARED","quantitative trading.pdf","shared","resources/source-material/shared/Quantitative Trading.pdf","Quantitative Trading.pdf","Quantitative Trading.pdf",".pdf","49917691","BC5C6CF756DA4E40A7CBC3AC58484B55BA7D1449228FDD342A8E17219EA40C3A","2026-06-17T21:41:28Z"
"SHARED","quarbs and efficiency in spread betting.pdf","shared","resources/source-material/shared/Quarbs and Efficiency in Spread Betting.pdf","Quarbs and Efficiency in Spread Betting.pdf","Quarbs and Efficiency in Spread Betting.pdf",".pdf","59258","722C0A04EF96738F2D5D7197C142A9D4D1A106A1B67A1008790FCDF20EDF9C66","2026-06-17T21:41:28Z"
"SHARED","quiggin - zombie economics_ how dead ideas still walk among us (2010).pdf","shared","resources/source-material/shared/Quiggin - Zombie Economics_ How Dead Ideas Still Walk among Us (2010).pdf","Quiggin - Zombie Economics_ How Dead Ideas Still Walk among Us (2010).pdf","Quiggin - Zombie Economics_ How Dead Ideas Still Walk among Us (2010).pdf",".pdf","1440419","9E888C112C447ED5AA5C70751A7D2388E69F3DECF7E11DD96016EE5B9EAE1CEC","2026-06-17T21:41:28Z"
"SHARED","rabin a. monetary theory (elgar, 2004)(isbn 1840647442)(o)(323s)_gk_.pdf","shared","resources/source-material/shared/Rabin A. Monetary theory (Elgar, 2004)(ISBN 1840647442)(O)(323s)_GK_.pdf","Rabin A. Monetary theory (Elgar, 2004)(ISBN 1840647442)(O)(323s)_GK_.pdf","Rabin A. Monetary theory (Elgar, 2004)(ISBN 1840647442)(O)(323s)_GK_.pdf",".pdf","1020887","357A510B24160067045878DA48B450E83695BA00FAD50558A6CFEB8EEF385303","2026-06-17T21:41:28Z"
"SHARED","racine j.s. nonparametric econometrics.. a primer (now pub., 2008)(isbn 1601981104)(103s)_gl_.pdf","shared","resources/source-material/shared/Racine J.S. Nonparametric Econometrics.. A Primer (Now Pub., 2008)(ISBN 1601981104)(103s)_GL_.pdf","Racine J.S. Nonparametric Econometrics.. A Primer (Now Pub., 2008)(ISBN 1601981104)(103s)_GL_.pdf","Racine J.S. Nonparametric Econometrics.. A Primer (Now Pub., 2008)(ISBN 1601981104)(103s)_GL_.pdf",".pdf","962495","F1D74EBE2064F70F1769D14B9238F6A42EA99AC106D76FDF83D1F242B7695CBC","2026-06-17T21:41:28Z"
"SHARED","rajan r.s. exchange rate, monetary and financial issues and policies in asia (ws, 2008)(isbn 9812834575)(o)(325s)_gi_.pdf","shared","resources/source-material/shared/Rajan R.S. Exchange Rate, Monetary And Financial Issues And Policies In Asia (WS, 2008)(ISBN 9812834575)(O)(325s)_GI_.pdf","Rajan R.S. Exchange Rate, Monetary And Financial Issues And Policies In Asia (WS, 2008)(ISBN 9812834575)(O)(325s)_GI_.pdf","Rajan R.S. Exchange Rate, Monetary And Financial Issues And Policies In Asia (WS, 2008)(ISBN 9812834575)(O)(325s)_GI_.pdf",".pdf","3754776","88264478E82B5FB2A766C3F679CEF5A8CCEDAF1EB2A3FF34522F35FC9A30A6B4","2026-06-17T21:41:28Z"
"SHARED","ramamoorti et al - abc_s of behavioral forensics_ applying psychology to financial fraud prevention and detection (2013).pdf","shared","resources/source-material/shared/Ramamoorti et al - ABC_s of Behavioral Forensics_ Applying Psychology to Financial Fraud Prevention and Detection (2013).pdf","Ramamoorti et al - ABC_s of Behavioral Forensics_ Applying Psychology to Financial Fraud Prevention and Detection (2013).pdf","Ramamoorti et al - ABC_s of Behavioral Forensics_ Applying Psychology to Financial Fraud Prevention and Detection (2013).pdf",".pdf","8347074","376C231E88A10DB4BBC68BF6DCF67B2E93E2F6C6D54EBB9782F196926AD33084","2026-06-17T21:41:28Z"
"SHARED","random and changing coefficient models.pdf","shared","resources/source-material/shared/Random and Changing Coefficient Models.PDF","Random and Changing Coefficient Models.PDF","Random and Changing Coefficient Models.PDF",".pdf","1482233","7E1861154C11473691259FFF61A96E5F9D14D83F74332F77342E8FE360516824","2026-06-17T21:41:28Z"
"SHARED","ratigan - greedy bastards_ how we can stop corporate communists, banksters, and other vampires from sucking america dry (2012).epub","shared","resources/source-material/shared/Ratigan - Greedy Bastards_ How We Can Stop Corporate Communists, Banksters, and Other Vampires from Sucking America Dry (2012).epub","Ratigan - Greedy Bastards_ How We Can Stop Corporate Communists, Banksters, and Other Vampires from Sucking America Dry (2012).epub","Ratigan - Greedy Bastards_ How We Can Stop Corporate Communists, Banksters, and Other Vampires from Sucking America Dry (2012).epub",".epub","2369819","A7E1A21D12E08BDB4A808E8209C03AB4CB6E13A458063EB08BD677B78DD0D8D9","2026-06-17T21:41:28Z"
"SHARED","rauchway - the great depression and the new deal (2008).pdf","shared","resources/source-material/shared/Rauchway - The Great Depression and the New Deal (2008).pdf","Rauchway - The Great Depression and the New Deal (2008).pdf","Rauchway - The Great Depression and the New Deal (2008).pdf",".pdf","1648774","4D661B514EF65B8E13A4BEF21D6387F81B67E6E169AA1CB4824A7542FA811EFA","2026-06-17T21:41:28Z"
"SHARED","read - the fear factor_ what happens when fear grips wall street (2009).pdf","shared","resources/source-material/shared/Read - The Fear Factor_ What Happens When Fear Grips Wall Street (2009).pdf","Read - The Fear Factor_ What Happens When Fear Grips Wall Street (2009).pdf","Read - The Fear Factor_ What Happens When Fear Grips Wall Street (2009).pdf",".pdf","1200737","A857DFBD9EF27F817BAB8D0705FD3E0EC861B3E07B94709282114A98AD448405","2026-06-17T21:41:28Z"
"SHARED","real analysis with economic applications.pdf","shared","resources/source-material/shared/Real Analysis with Economic Applications.pdf","Real Analysis with Economic Applications.pdf","Real Analysis with Economic Applications.pdf",".pdf","5531346","C39A66CCD1AD36CC6A4915DCACD47667D27A2FC0C82402BD5CE24843037E262D","2026-06-17T21:41:28Z"
"SHARED","real estate - mortgage & finance.pdf","shared","resources/source-material/shared/Real Estate - Mortgage & Finance.pdf","Real Estate - Mortgage & Finance.pdf","Real Estate - Mortgage & Finance.pdf",".pdf","4621125","AC316AAF8DDED4E70ACD3BB0D336D8B1F0C30B4FB55E31E0EE625396965B1CA7","2026-06-17T21:41:28Z"
"SHARED","recent advances in applied probability.pdf","shared","resources/source-material/shared/Recent Advances in Applied Probability.pdf","Recent Advances in Applied Probability.pdf","Recent Advances in Applied Probability.pdf",".pdf","13610944","05620F6919DC7A07141265A02C5016A488FD46516A5DCEE0DB3CC25923E95B42","2026-06-17T21:41:28Z"
"SHARED","recursive macroeconomic theory, 2nd edition by thomas sargent and lars ljungqvist (1106 pages).pdf","shared","resources/source-material/shared/Recursive Macroeconomic Theory, 2nd edition by Thomas Sargent and Lars Ljungqvist (1106 pages).pdf","Recursive Macroeconomic Theory, 2nd edition by Thomas Sargent and Lars Ljungqvist (1106 pages).pdf","Recursive Macroeconomic Theory, 2nd edition by Thomas Sargent and Lars Ljungqvist (1106 pages).pdf",".pdf","5149018","D02D0276C0925B654F68AC44E9E8A2ADAFED20B356637F9E8AD3491B4D77E676","2026-06-17T21:41:28Z"
"SHARED","recursive models of dynamic linear economies by hansen and sargent 2005 (526 pages).pdf","shared","resources/source-material/shared/Recursive Models of Dynamic Linear Economies by Hansen and Sargent 2005 (526 pages).pdf","Recursive Models of Dynamic Linear Economies by Hansen and Sargent 2005 (526 pages).pdf","Recursive Models of Dynamic Linear Economies by Hansen and Sargent 2005 (526 pages).pdf",".pdf","2107270","D75417E00F29C46847B7A834DB0AE2BBD23F37122242E93C02B0AC028CA2A787","2026-06-17T21:41:28Z"
"SHARED","regression analysis by example.pdf","shared","resources/source-material/shared/Regression Analysis by Example.pdf","Regression Analysis by Example.pdf","Regression Analysis by Example.pdf",".pdf","15711780","FB56BBA290119B0F9F75961B6E867F9456F6FB725D5A5C69C35155633DF7089A","2026-06-17T21:41:28Z"
"SHARED","reich - aftershock_ the next economy and america’s future (2010).epub","shared","resources/source-material/shared/Reich - Aftershock_ the Next Economy and America’s Future (2010).epub","Reich - Aftershock_ the Next Economy and America’s Future (2010).epub","Reich - Aftershock_ the Next Economy and America’s Future (2010).epub",".epub","2023969","B61BBC99628184633AB905DB71686980644DC4A79A656B8B35F428AA11E96D07","2026-06-17T21:41:28Z"
"SHARED","reich.aftershock - the next economy and america_s future (2010).epub","shared","resources/source-material/shared/Reich.Aftershock - The Next Economy and America_s Future (2010).epub","Reich.Aftershock - The Next Economy and America_s Future (2010).epub","Reich.Aftershock - The Next Economy and America_s Future (2010).epub",".epub","2023969","B61BBC99628184633AB905DB71686980644DC4A79A656B8B35F428AA11E96D07","2026-06-17T21:41:28Z"
"SHARED","reinhart & rogoff - this time is different_ eight centuries of financial folly (2009).epub","shared","resources/source-material/shared/Reinhart & Rogoff - This Time Is Different_ Eight Centuries of Financial Folly (2009).epub","Reinhart & Rogoff - This Time Is Different_ Eight Centuries of Financial Folly (2009).epub","Reinhart & Rogoff - This Time Is Different_ Eight Centuries of Financial Folly (2009).epub",".epub","12120078","2B9780BAE8795AF285306260B2C136379F6A48D802542651F682CDAA19C855E6","2026-06-17T21:41:28Z"
"SHARED","renewable natural resource management journal.pdf","shared","resources/source-material/shared/Renewable Natural Resource Management Journal.pdf","Renewable Natural Resource Management Journal.pdf","Renewable Natural Resource Management Journal.pdf",".pdf","4601454","F0F218C14781CABCB5951D61DBA2A0595A0FD50F772A989C48BA5D67FE057389","2026-06-17T21:41:28Z"
"SHARED","restrictions of economic theory.pdf","shared","resources/source-material/shared/Restrictions of Economic Theory.PDF","Restrictions of Economic Theory.PDF","Restrictions of Economic Theory.PDF",".pdf","2302598","6A90F006C9F5D99F90CCFEB3E037BBE49C89F8D1FDF33006B0CC77BDF4CC77B7","2026-06-17T21:41:28Z"
"SHARED","rhodes & stelter - accelerating out of the great recession_ how to win in a slow-growth economy (2010).pdf","shared","resources/source-material/shared/Rhodes & Stelter - Accelerating Out of the Great Recession_ How to Win in a Slow-Growth Economy (2010).pdf","Rhodes & Stelter - Accelerating Out of the Great Recession_ How to Win in a Slow-Growth Economy (2010).pdf","Rhodes & Stelter - Accelerating Out of the Great Recession_ How to Win in a Slow-Growth Economy (2010).pdf",".pdf","1148965","650F53AB5E6838D8445FE2B4690ED270A15054A53FF2B6D85EE0CD758329CD41","2026-06-17T21:41:28Z"
"SHARED","richard - confidence game_ how a hedge fund manager called wall street_s bluff (2010).epub","shared","resources/source-material/shared/Richard - Confidence Game_ How a Hedge Fund Manager Called Wall Street_s Bluff (2010).epub","Richard - Confidence Game_ How a Hedge Fund Manager Called Wall Street_s Bluff (2010).epub","Richard - Confidence Game_ How a Hedge Fund Manager Called Wall Street_s Bluff (2010).epub",".epub","529115","94FF26594A385C1335E4610BCD2E07C2053414298BDB3DC184FC34C7F133FDDC","2026-06-17T21:41:28Z"
"SHARED","ringland - beyond crisis_ achieving renewal in a turbulent world (2010).pdf","shared","resources/source-material/shared/Ringland - Beyond Crisis_ Achieving Renewal in a Turbulent World (2010).pdf","Ringland - Beyond Crisis_ Achieving Renewal in a Turbulent World (2010).pdf","Ringland - Beyond Crisis_ Achieving Renewal in a Turbulent World (2010).pdf",".pdf","11661863","A3E8CC82722407C99C9FDB4CD86668B54D4DA7D00270DF78DF507C8D97294A34","2026-06-17T21:41:28Z"
"SHARED","ritholtz - bailout nation_ how greed and easy money corrupted wall street and shock the world economy (2009).pdf","shared","resources/source-material/shared/Ritholtz - Bailout Nation_ How Greed and Easy Money Corrupted Wall Street and Shock the World Economy (2009).pdf","Ritholtz - Bailout Nation_ How Greed and Easy Money Corrupted Wall Street and Shock the World Economy (2009).pdf","Ritholtz - Bailout Nation_ How Greed and Easy Money Corrupted Wall Street and Shock the World Economy (2009).pdf",".pdf","12346535","824660ACF0E183D9D6D22D8F3BD1502EEA42218E483991E3A372C6BB906053D5","2026-06-17T21:41:28Z"
"SHARED","rivlin - broke, usa_ from pawnshops to poverty, inc._ how the working poor became big business (2010).pdf","shared","resources/source-material/shared/Rivlin - Broke, USA_ from Pawnshops to Poverty, Inc._ How the Working Poor Became Big Business (2010).pdf","Rivlin - Broke, USA_ from Pawnshops to Poverty, Inc._ How the Working Poor Became Big Business (2010).pdf","Rivlin - Broke, USA_ from Pawnshops to Poverty, Inc._ How the Working Poor Became Big Business (2010).pdf",".pdf","1488572","A2FEB0C3FFDFD79FC3C4DDE31760E1A4407972619DE29D146087578B76938B41","2026-06-17T21:41:28Z"
"SHARED","robbins l., medema s.g., samuels w.j. (eds.) a history of economic thought (pup, 1998)(isbn 069101244x)(o)(405s)_gh_.pdf","shared","resources/source-material/shared/Robbins L., Medema S.G., Samuels W.J. (eds.) A history of economic thought (PUP, 1998)(ISBN 069101244X)(O)(405s)_GH_.pdf","Robbins L., Medema S.G., Samuels W.J. (eds.) A history of economic thought (PUP, 1998)(ISBN 069101244X)(O)(405s)_GH_.pdf","Robbins L., Medema S.G., Samuels W.J. (eds.) A history of economic thought (PUP, 1998)(ISBN 069101244X)(O)(405s)_GH_.pdf",".pdf","1656403","433A4E06DD0242A7E0F8BBB260FBCF37FB7AA5AB5A275A5C1B45825336C70A92","2026-06-17T21:41:28Z"
"SHARED","roche.understanding the modern monetary system .pdf","shared","resources/source-material/shared/Roche.Understanding the Modern Monetary System .pdf","Roche.Understanding the Modern Monetary System .pdf","Roche.Understanding the Modern Monetary System .pdf",".pdf","562456","5F3BF40BB4F2F184CEADDC06B8B732213B4A47AC1E0131EC504B2F59F6933C00","2026-06-17T21:41:28Z"
"SHARED","rochet - why are there so many banking crises_ the politics and policy of bank regulation (2007).pdf","shared","resources/source-material/shared/Rochet - Why are there So Many Banking Crises_ The Politics and Policy of Bank Regulation (2007).pdf","Rochet - Why are there So Many Banking Crises_ The Politics and Policy of Bank Regulation (2007).pdf","Rochet - Why are there So Many Banking Crises_ The Politics and Policy of Bank Regulation (2007).pdf",".pdf","1405333","0B265082500A1A65FC57F1EF891379B85CBE5DCCF6338AA404B44901A8EEBF5F","2026-06-17T21:41:28Z"
"SHARED","roe m.j. strong managers, weak owners.. the political roots of american corporate finance (pup, 1994)(isbn 0691036837)(o)(340s)_gh_.pdf","shared","resources/source-material/shared/Roe M.J. Strong managers, weak owners.. The political roots of American corporate finance (PUP, 1994)(ISBN 0691036837)(O)(340s)_GH_.pdf","Roe M.J. Strong managers, weak owners.. The political roots of American corporate finance (PUP, 1994)(ISBN 0691036837)(O)(340s)_GH_.pdf","Roe M.J. Strong managers, weak owners.. The political roots of American corporate finance (PUP, 1994)(ISBN 0691036837)(O)(340s)_GH_.pdf",".pdf","1959964","B7D1B45B68F10778CCD376F452F024B97E9F20163206B62A3DDCA6CD97210F90","2026-06-17T21:41:28Z"
"SHARED","rolfe & troob - monkey business_ swinging through the wall street jungle (2000).pdf","shared","resources/source-material/shared/Rolfe & Troob - Monkey Business_ Swinging through the Wall Street Jungle (2000).pdf","Rolfe & Troob - Monkey Business_ Swinging through the Wall Street Jungle (2000).pdf","Rolfe & Troob - Monkey Business_ Swinging through the Wall Street Jungle (2000).pdf",".pdf","147643969","86024F11A7375AC32A86B6FE8AC90E0759F4B80A9C4450AE2B6BE6B28DD2B742","2026-06-17T21:41:29Z"
"SHARED","romer advanced macroeconomics 2011.pdf","shared","resources/source-material/shared/Romer Advanced Macroeconomics 2011.pdf","Romer Advanced Macroeconomics 2011.pdf","Romer Advanced Macroeconomics 2011.pdf",".pdf","3906664","2C40E2A14F4B8389B12082A4FDCAE19889D28C3935E19ED6CFD3259B89A07919","2026-06-17T21:41:29Z"
"SHARED","romer d. advanced macroeconomics -3rd 2006 edittion.pdf","shared","resources/source-material/shared/Romer D. Advanced Macroeconomics -3rd 2006 Edittion.pdf","Romer D. Advanced Macroeconomics -3rd 2006 Edittion.pdf","Romer D. Advanced Macroeconomics -3rd 2006 Edittion.pdf",".pdf","38741305","C37F6C12A3C5BA4572DB9D5E3F5084EAEF7D8C591378F77DDD960966D15B707E","2026-06-17T21:41:29Z"
"SHARED","ron paul --  pillars of prosperity - free markets, honest money, private property.pdf","shared","resources/source-material/shared/Ron Paul --  Pillars of Prosperity - Free Markets, Honest Money, Private Property.pdf","Ron Paul --  Pillars of Prosperity - Free Markets, Honest Money, Private Property.pdf","Ron Paul --  Pillars of Prosperity - Free Markets, Honest Money, Private Property.pdf",".pdf","10585371","B5F2FD3D818A3C8236EC8306E9284CE89C3A52C27FD49463D9503084FBCB22A9","2026-06-17T21:41:29Z"
"SHARED","ron paul vs. paul krugman_ austrian vs. keynesian economics in the financial crisis - hammond, jeremy.epub","shared","resources/source-material/shared/Ron Paul vs. Paul Krugman_ Austrian vs. Keynesian economics in the financial crisis - Hammond, Jeremy.epub","Ron Paul vs. Paul Krugman_ Austrian vs. Keynesian economics in the financial crisis - Hammond, Jeremy.epub","Ron Paul vs. Paul Krugman_ Austrian vs. Keynesian economics in the financial crisis - Hammond, Jeremy.epub",".epub","145173","A58E68C5177E33A69FA6B216A62F9716A365C180174804EFA7A68B179EAF4AB7","2026-06-17T21:41:29Z"
"SHARED","rosenberg - the concise encyclopedia of the great recession, 2007-2000 (2010).pdf","shared","resources/source-material/shared/Rosenberg - The Concise Encyclopedia of the Great Recession, 2007-2000 (2010).pdf","Rosenberg - The Concise Encyclopedia of the Great Recession, 2007-2000 (2010).pdf","Rosenberg - The Concise Encyclopedia of the Great Recession, 2007-2000 (2010).pdf",".pdf","1185944","D1FA77100D5BAFD2FEF3777896E06A6E953C9BE4D842888E07CA4550A9792E2A","2026-06-17T21:41:29Z"
"SHARED","rothbard - america_s great depression (2002).pdf","shared","resources/source-material/shared/Rothbard - America_s Great Depression (2002).pdf","Rothbard - America_s Great Depression (2002).pdf","Rothbard - America_s Great Depression (2002).pdf",".pdf","1139079","221CACB2D8454EA58CA36B849F532F22B172EE26623BC9EEA78DF33C5DA044CB","2026-06-17T21:41:29Z"
"SHARED","rothbard - economic controversies (2011).pdf","shared","resources/source-material/shared/Rothbard - Economic Controversies (2011).pdf","Rothbard - Economic Controversies (2011).pdf","Rothbard - Economic Controversies (2011).pdf",".pdf","2553806","F563BC56AEC71C0FA6144AC02B68BE13C0F33D75D1E3DA2B944591869943D56E","2026-06-17T21:41:29Z"
"SHARED","rothbard - making economic sense (1995).pdf","shared","resources/source-material/shared/Rothbard - Making Economic Sense (1995).pdf","Rothbard - Making Economic Sense (1995).pdf","Rothbard - Making Economic Sense (1995).pdf",".pdf","7098501","B2612DA9C8808C9342FF6F7AC1FE25912E6D6C9BC9E81E2C9700FE0B0999F3ED","2026-06-17T21:41:29Z"
"SHARED","rothbard - power and market_ government and the economy (1970).pdf","shared","resources/source-material/shared/Rothbard - Power and Market_ Government and the Economy (1970).pdf","Rothbard - Power and Market_ Government and the Economy (1970).pdf","Rothbard - Power and Market_ Government and the Economy (1970).pdf",".pdf","1193772","C1267B3F0FF9BE3A433DFC91413497D9C0C47F672568FC054A515A698EC46BBD","2026-06-17T21:41:29Z"
"SHARED","rothbard m.n. a history of money and banking in the united states (mises institute, 2005)(isbn 0945466331)(o)(510s)_gh_.pdf","shared","resources/source-material/shared/Rothbard M.N. A history of money and banking in the United States (Mises Institute, 2005)(ISBN 0945466331)(O)(510s)_GH_.pdf","Rothbard M.N. A history of money and banking in the United States (Mises Institute, 2005)(ISBN 0945466331)(O)(510s)_GH_.pdf","Rothbard M.N. A history of money and banking in the United States (Mises Institute, 2005)(ISBN 0945466331)(O)(510s)_GH_.pdf",".pdf","1286553","C1D6F388E7F1F07175C64E0C021EBF19257A8B7559629E2BA4A3EF7B5CAE3772","2026-06-17T21:41:29Z"
"SHARED","rothbard m.n. america_s great depression (5ed., mises institute, 2000)(isbn 0945466056)(409s)_gh_.pdf","shared","resources/source-material/shared/Rothbard M.N. America_s great depression (5ed., Mises Institute, 2000)(ISBN 0945466056)(409s)_GH_.pdf","Rothbard M.N. America_s great depression (5ed., Mises Institute, 2000)(ISBN 0945466056)(409s)_GH_.pdf","Rothbard M.N. America_s great depression (5ed., Mises Institute, 2000)(ISBN 0945466056)(409s)_GH_.pdf",".pdf","1151617","4345DE4930C6638E5828CDA0DC174D759E15979A94739425F265974AC15B3284","2026-06-17T21:41:29Z"
"SHARED","rothbard m.n. making economic sense (2ed., mises institute, 2006)(isbn 0945466463)(o)(534s)_gpop_.pdf","shared","resources/source-material/shared/Rothbard M.N. Making Economic Sense (2ed., Mises Institute, 2006)(ISBN 0945466463)(O)(534s)_GPop_.pdf","Rothbard M.N. Making Economic Sense (2ed., Mises Institute, 2006)(ISBN 0945466463)(O)(534s)_GPop_.pdf","Rothbard M.N. Making Economic Sense (2ed., Mises Institute, 2006)(ISBN 0945466463)(O)(534s)_GPop_.pdf",".pdf","1280557","0AC490A2C1180015FD40587BD379C773B576BD23C2FD4B4F858B5277EF974FFD","2026-06-17T21:41:29Z"
"SHARED","rothbard m.n. the mystery of banking (richardson & snyder, 1983)(asin b001ug3taq)(177s)_gpop_.pdf","shared","resources/source-material/shared/Rothbard M.N. The Mystery of Banking (Richardson & Snyder, 1983)(ASIN B001UG3TAQ)(177s)_GPop_.pdf","Rothbard M.N. The Mystery of Banking (Richardson & Snyder, 1983)(ASIN B001UG3TAQ)(177s)_GPop_.pdf","Rothbard M.N. The Mystery of Banking (Richardson & Snyder, 1983)(ASIN B001UG3TAQ)(177s)_GPop_.pdf",".pdf","2521416","4391CE2D6ADB6562B5E1F24EEE2D6778E0A2E124CC72C9BAC94AC277D1B78BB4","2026-06-17T21:41:29Z"
"SHARED","roy w.g. socializing capital.. the rise of the large industrial corporation in america (pup, 1997)(isbn 0691043531)(o)(354s)_gh_.pdf","shared","resources/source-material/shared/Roy W.G. Socializing capital.. The rise of the large industrial corporation in America (PUP, 1997)(ISBN 0691043531)(O)(354s)_GH_.pdf","Roy W.G. Socializing capital.. The rise of the large industrial corporation in America (PUP, 1997)(ISBN 0691043531)(O)(354s)_GH_.pdf","Roy W.G. Socializing capital.. The rise of the large industrial corporation in America (PUP, 1997)(ISBN 0691043531)(O)(354s)_GH_.pdf",".pdf","2459505","39E06AB6FD2C0DAC1BA7CB73B13F6E10D9B58EB99BD3834B036764F4E3DFCA94","2026-06-17T21:41:29Z"
"SHARED","rubinstein a. lecture notes in microeconomic theory (pup, 2006)(isbn 0691120315)(149s)_gc_.pdf","shared","resources/source-material/shared/Rubinstein A. Lecture Notes in Microeconomic Theory (PUP, 2006)(ISBN 0691120315)(149s)_GC_.pdf","Rubinstein A. Lecture Notes in Microeconomic Theory (PUP, 2006)(ISBN 0691120315)(149s)_GC_.pdf","Rubinstein A. Lecture Notes in Microeconomic Theory (PUP, 2006)(ISBN 0691120315)(149s)_GC_.pdf",".pdf","908657","44C21DFC37B05A458DDB70E4F38A42AAF0160435BB6FC8C7EB84BC0D47152710","2026-06-17T21:41:29Z"
"SHARED","rushkoff - life inc._ how the world became a corporation and how to take it back (2009).pdf","shared","resources/source-material/shared/Rushkoff - Life Inc._ How the World Became a Corporation and How to Take It Back (2009).pdf","Rushkoff - Life Inc._ How the World Became a Corporation and How to Take It Back (2009).pdf","Rushkoff - Life Inc._ How the World Became a Corporation and How to Take It Back (2009).pdf",".pdf","1595932","89904F445A4A193F0E8B31AD53F1D66D7CB488C3B80275FFEE629DED992424CC","2026-06-17T21:41:29Z"
"SHARED","ryner.capitalist restructuring, globalization and the third way (2002).pdf","shared","resources/source-material/shared/Ryner.Capitalist Restructuring, Globalization and the Third Way (2002).pdf","Ryner.Capitalist Restructuring, Globalization and the Third Way (2002).pdf","Ryner.Capitalist Restructuring, Globalization and the Third Way (2002).pdf",".pdf","1641420","CDEEF5F05FEF184F3FFD504500351EF1D1B7B0FDEA1B67F4C9D767FD5B987BFB","2026-06-17T21:41:29Z"
"SHARED","saad-filho, johnston.neoliberalism, a critical reader.pdf","shared","resources/source-material/shared/Saad-Filho, Johnston.Neoliberalism, a critical reader.pdf","Saad-Filho, Johnston.Neoliberalism, a critical reader.pdf","Saad-Filho, Johnston.Neoliberalism, a critical reader.pdf",".pdf","1161472","050DF8BA21B1E46734CDB2998CE6EE7CE56EAA8576A29814D3FCC91069F92E96","2026-06-17T21:41:29Z"
"SHARED","saad-filho.anti-capitalism.pdf","shared","resources/source-material/shared/Saad-Filho.Anti-Capitalism.pdf","Saad-Filho.Anti-Capitalism.pdf","Saad-Filho.Anti-Capitalism.pdf",".pdf","983386","88A6865285A65A324CB87EA18A2D045347C255E1AD7EBEE4A285EF378E2130D2","2026-06-17T21:41:29Z"
"SHARED","sabillon c. world economic historical statistics (algora pub., 2005)(isbn 0875863523)(223s)_gh_.pdf","shared","resources/source-material/shared/Sabillon C. World economic historical statistics (Algora Pub., 2005)(ISBN 0875863523)(223s)_GH_.pdf","Sabillon C. World economic historical statistics (Algora Pub., 2005)(ISBN 0875863523)(223s)_GH_.pdf","Sabillon C. World economic historical statistics (Algora Pub., 2005)(ISBN 0875863523)(223s)_GH_.pdf",".pdf","674359","A26975B58A7003E80BAF7B196A3C7B5601587AB2DDCBA57BCAAC3398B280ED60","2026-06-17T21:41:29Z"
"SHARED","sacred economics_ money, gift, and society in the age of transition - charles eisenstein.epub","shared","resources/source-material/shared/Sacred Economics_ Money, Gift, and Society in the Age of Transition - Charles Eisenstein.epub","Sacred Economics_ Money, Gift, and Society in the Age of Transition - Charles Eisenstein.epub","Sacred Economics_ Money, Gift, and Society in the Age of Transition - Charles Eisenstein.epub",".epub","2598556","64860698A3F1B0CCFF6A8483CC16D251280391221161ED0733F52E22A030B956","2026-06-17T21:41:29Z"
"SHARED","salvadori n. (ed.) the theory of economic growth (elgar, 2003)(isbn 184376010x)(409s)_gk_.pdf","shared","resources/source-material/shared/Salvadori N. (ed.) The theory of economic growth (Elgar, 2003)(ISBN 184376010X)(409s)_GK_.pdf","Salvadori N. (ed.) The theory of economic growth (Elgar, 2003)(ISBN 184376010X)(409s)_GK_.pdf","Salvadori N. (ed.) The theory of economic growth (Elgar, 2003)(ISBN 184376010X)(409s)_GK_.pdf",".pdf","1382950","603EB075D2DC73A2166F135FB54FCFFEDF54CB93B056A78DC7418A2A97135812","2026-06-17T21:41:29Z"
"SHARED","salvatore d., diulio e.a. principles of economics (schaum_s easy outlines, mgh, 2003)(isbn 0071425837)(o)(159s)_gg_.pdf","shared","resources/source-material/shared/Salvatore D., Diulio E.A. Principles of Economics (Schaum_s Easy Outlines, MGH, 2003)(ISBN 0071425837)(O)(159s)_GG_.pdf","Salvatore D., Diulio E.A. Principles of Economics (Schaum_s Easy Outlines, MGH, 2003)(ISBN 0071425837)(O)(159s)_GG_.pdf","Salvatore D., Diulio E.A. Principles of Economics (Schaum_s Easy Outlines, MGH, 2003)(ISBN 0071425837)(O)(159s)_GG_.pdf",".pdf","2114430","995383617FCAFCB72795C266C93E3AB3C8961E84602DACBBCCC0B6C7F734E6FA","2026-06-17T21:41:29Z"
"SHARED","salvatore d., diulio e.a. schaum_s outline of theory and problems of principles of economics (2ed., mgh, 1996)(isbn 0070546290)(400dpi)(t)(o)(409s)_gg_.djvu","shared","resources/source-material/shared/Salvatore D., Diulio E.A. Schaum_s outline of theory and problems of principles of economics (2ed., MGH, 1996)(ISBN 0070546290)(400dpi)(T)(O)(409s)_GG_.djvu","Salvatore D., Diulio E.A. Schaum_s outline of theory and problems of principles of economics (2ed., MGH, 1996)(ISBN 0070546290)(400dpi)(T)(O)(409s)_GG_.djvu","Salvatore D., Diulio E.A. Schaum_s outline of theory and problems of principles of economics (2ed., MGH, 1996)(ISBN 0070546290)(400dpi)(T)(O)(409s)_GG_.djvu",".djvu","7633893","C91206C262022D6DD5A8A37F1FC438135C93B2A1B691019A2111A9A160B39270","2026-06-17T21:41:30Z"
"SHARED","samuels w.j., biddle j.e., davis j.b. (eds.) a companion to the history of economic thought (blackwell, 2003)(isbn 0631225730)(730s)_gh_.pdf","shared","resources/source-material/shared/Samuels W.J., Biddle J.E., Davis J.B. (eds.) A companion to the history of economic thought (Blackwell, 2003)(ISBN 0631225730)(730s)_GH_.pdf","Samuels W.J., Biddle J.E., Davis J.B. (eds.) A companion to the history of economic thought (Blackwell, 2003)(ISBN 0631225730)(730s)_GH_.pdf","Samuels W.J., Biddle J.E., Davis J.B. (eds.) A companion to the history of economic thought (Blackwell, 2003)(ISBN 0631225730)(730s)_GH_.pdf",".pdf","4427010","AB99551603972B1F53CD31AF0F23FFE83E18782D42BD31847A2582F9710239EE","2026-06-17T21:41:30Z"
"SHARED","samuels.a companion to the history of economic thought.blackwell.pdf","shared","resources/source-material/shared/Samuels.A Companion To The History Of Economic Thought.blackwell.pdf","Samuels.A Companion To The History Of Economic Thought.blackwell.pdf","Samuels.A Companion To The History Of Economic Thought.blackwell.pdf",".pdf","8730732","43CF00C0FA2AF4B4A8CF533EE403ECCB2BCFA981E72AC147A51E82F1D72ABF3F","2026-06-17T21:41:30Z"
"SHARED","samuelson p.a., barnett w.a. (eds.) inside the economist_s mind.. conversations with eminent economists (wiley, 2006)(isbn 1405157151)(o)(456s)_gg_.pdf","shared","resources/source-material/shared/Samuelson P.A., Barnett W.A. (eds.) Inside the Economist_s Mind.. Conversations with Eminent Economists (Wiley, 2006)(ISBN 1405157151)(O)(456s)_GG_.pdf","Samuelson P.A., Barnett W.A. (eds.) Inside the Economist_s Mind.. Conversations with Eminent Economists (Wiley, 2006)(ISBN 1405157151)(O)(456s)_GG_.pdf","Samuelson P.A., Barnett W.A. (eds.) Inside the Economist_s Mind.. Conversations with Eminent Economists (Wiley, 2006)(ISBN 1405157151)(O)(456s)_GG_.pdf",".pdf","2866262","D3E7DEEFDA3330896E81646DC567736BEFE6B6FB39AE310EBE85145A1044A8C6","2026-06-17T21:41:30Z"
"SHARED","samuelson.barnett inside the economists mind conversations with eminent economists  2006.pdf","shared","resources/source-material/shared/Samuelson.Barnett Inside the Economists Mind Conversations with Eminent Economists  2006.pdf","Samuelson.Barnett Inside the Economists Mind Conversations with Eminent Economists  2006.pdf","Samuelson.Barnett Inside the Economists Mind Conversations with Eminent Economists  2006.pdf",".pdf","2866262","D3E7DEEFDA3330896E81646DC567736BEFE6B6FB39AE310EBE85145A1044A8C6","2026-06-17T21:41:30Z"
"SHARED","sarno l., taylor m. the economics of exchange rates (cup, 2002)(isbn 0521481333)(o)(331s)_gi_.pdf","shared","resources/source-material/shared/Sarno L., Taylor M. The economics of exchange rates (CUP, 2002)(ISBN 0521481333)(O)(331s)_GI_.pdf","Sarno L., Taylor M. The economics of exchange rates (CUP, 2002)(ISBN 0521481333)(O)(331s)_GI_.pdf","Sarno L., Taylor M. The economics of exchange rates (CUP, 2002)(ISBN 0521481333)(O)(331s)_GI_.pdf",".pdf","3854239","93E37CDFBFA254200B4B8E4B3237F0F79AB1396F8D4F1B5AE4905D1B0D57F984","2026-06-17T21:41:30Z"
"SHARED","saunders & allen - credit risk measurement in and out of the financial crisis, 3e (2010).pdf","shared","resources/source-material/shared/Saunders & Allen - Credit Risk Measurement In and Out of the Financial Crisis, 3e (2010).pdf","Saunders & Allen - Credit Risk Measurement In and Out of the Financial Crisis, 3e (2010).pdf","Saunders & Allen - Credit Risk Measurement In and Out of the Financial Crisis, 3e (2010).pdf",".pdf","3412489","F936E96C8DFD61D86B62DB3D475083314B00ED87AE372F03E66E7B1E9FD4619C","2026-06-17T21:41:30Z"
"SHARED","sb4 actuarial science.pdf","shared","resources/source-material/shared/SB4 Actuarial Science.pdf","SB4 Actuarial Science.pdf","SB4 Actuarial Science.pdf",".pdf","554886","657E665CE245206153B71C306F874C4BD4FF607158122D22E9A3337E0B71EC45","2026-06-17T21:41:30Z"
"SHARED","scazzieri r., sen a., zamagni s. (eds.) markets, money and capital (cup, 2009)(isbn 0521873215)(o)(467s)_gk_.pdf","shared","resources/source-material/shared/Scazzieri R., Sen A., Zamagni S. (eds.) Markets, Money and Capital (CUP, 2009)(ISBN 0521873215)(O)(467s)_GK_.pdf","Scazzieri R., Sen A., Zamagni S. (eds.) Markets, Money and Capital (CUP, 2009)(ISBN 0521873215)(O)(467s)_GK_.pdf","Scazzieri R., Sen A., Zamagni S. (eds.) Markets, Money and Capital (CUP, 2009)(ISBN 0521873215)(O)(467s)_GK_.pdf",".pdf","2878356","BD8396CF8E1B6A91EF78D13060C81C5AA0DA2C183360990C4783C06CCCC9C4E1","2026-06-17T21:41:30Z"
"SHARED","schaum_s abstract algebra -- 314.pdf","shared","resources/source-material/shared/Schaum_s Abstract Algebra -- 314.pdf","Schaum_s Abstract Algebra -- 314.pdf","Schaum_s Abstract Algebra -- 314.pdf",".pdf","69378759","8E13840B42F5A4919BDB671E7DEC5373693B76101C3B2328F712B40F5AB7AA11","2026-06-17T21:41:30Z"
"SHARED","schaum_s advanced calculus -- 442.pdf","shared","resources/source-material/shared/Schaum_s Advanced Calculus -- 442.pdf","Schaum_s Advanced Calculus -- 442.pdf","Schaum_s Advanced Calculus -- 442.pdf",".pdf","8153645","F3115D75F2700CE1E8023A8535A344F00ABCBE8338B336B4A6F1F9C43CD6BB51","2026-06-17T21:41:30Z"
"SHARED","schaum_s analog and digital communcations -- 338.pdf","shared","resources/source-material/shared/Schaum_s Analog and Digital Communcations -- 338.pdf","Schaum_s Analog and Digital Communcations -- 338.pdf","Schaum_s Analog and Digital Communcations -- 338.pdf",".pdf","19738604","C7E9E4B4B4C0489AB32B8C317B691290360AD6A090F39D5E4485BC6486E64DBA","2026-06-17T21:41:30Z"
"SHARED","schaum_s applied physics -- 506.pdf","shared","resources/source-material/shared/Schaum_s Applied Physics -- 506.pdf","Schaum_s Applied Physics -- 506.pdf","Schaum_s Applied Physics -- 506.pdf",".pdf","34043017","9811A031FBA45222F039143F6D39EFB528262356B0DE761BE7170A46779043FA","2026-06-17T21:41:30Z"
"SHARED","schaum_s astronomy -- 241.pdf","shared","resources/source-material/shared/Schaum_s Astronomy -- 241.pdf","Schaum_s Astronomy -- 241.pdf","Schaum_s Astronomy -- 241.pdf",".pdf","4401542","7CCB4AA55EBB289F45227C8F0F32A59A1D3C2C810F9C8D4F75D2F8209C459023","2026-06-17T21:41:30Z"
"SHARED","schaum_s basic circuit analysis -- 433.pdf","shared","resources/source-material/shared/Schaum_s Basic Circuit Analysis -- 433.pdf","Schaum_s Basic Circuit Analysis -- 433.pdf","Schaum_s Basic Circuit Analysis -- 433.pdf",".pdf","21231654","A75975D0BCFBF3417747BFF168C575DD9322DDE9F440BE67FA065057F48DCF98","2026-06-17T21:41:30Z"
"SHARED","schaum_s basic electricity -- 465.pdf","shared","resources/source-material/shared/Schaum_s Basic Electricity -- 465.pdf","Schaum_s Basic Electricity -- 465.pdf","Schaum_s Basic Electricity -- 465.pdf",".pdf","16017233","2EDEFBF376E560DAEDFAF8EDCE0E446F97B483E44315A2759B14B3DBE40227A5","2026-06-17T21:41:30Z"
"SHARED","schaum_s basic mathematics -- 497.pdf","shared","resources/source-material/shared/Schaum_s Basic Mathematics -- 497.pdf","Schaum_s Basic Mathematics -- 497.pdf","Schaum_s Basic Mathematics -- 497.pdf",".pdf","16212282","597583B8D5E1BA1373C24489DD3FD40B76A25F1534CC56C0BC6AC8F88865F2B0","2026-06-17T21:41:31Z"
"SHARED","schaum_s beginning calculus -- 383.pdf","shared","resources/source-material/shared/Schaum_s Beginning Calculus -- 383.pdf","Schaum_s Beginning Calculus -- 383.pdf","Schaum_s Beginning Calculus -- 383.pdf",".pdf","23405673","5CCA146594104B0D88FE7DE73FB88D38C3C285E5F14B0C6A3E1B9969E51E6AAA","2026-06-17T21:41:31Z"
"SHARED","schaum_s beginning chemistry -- 361.pdf","shared","resources/source-material/shared/Schaum_s Beginning Chemistry -- 361.pdf","Schaum_s Beginning Chemistry -- 361.pdf","Schaum_s Beginning Chemistry -- 361.pdf",".pdf","4515517","73040EDA6198C7935F84AE52480FE34B4EB2B1E7BD673453C89CAB1DA46A3784","2026-06-17T21:41:31Z"
"SHARED","schaum_s beginning finite mathematics -- 360.pdf","shared","resources/source-material/shared/Schaum_s Beginning Finite Mathematics -- 360.pdf","Schaum_s Beginning Finite Mathematics -- 360.pdf","Schaum_s Beginning Finite Mathematics -- 360.pdf",".pdf","5355781","2E307883E36210B90B2EFA3191D99A55A46EFFDCE846CC87D9D333436C2A40AC","2026-06-17T21:41:31Z"
"SHARED","schaum_s beginning physics i -- 483.pdf","shared","resources/source-material/shared/Schaum_s Beginning Physics I -- 483.pdf","Schaum_s Beginning Physics I -- 483.pdf","Schaum_s Beginning Physics I -- 483.pdf",".pdf","35356930","B5F23E4E938AC981966FFACAE911B3D575AF2C30CF6F19906029909D01757182","2026-06-17T21:41:31Z"
"SHARED","schaum_s beginning physics ii -- 545.pdf","shared","resources/source-material/shared/Schaum_s Beginning Physics II -- 545.pdf","Schaum_s Beginning Physics II -- 545.pdf","Schaum_s Beginning Physics II -- 545.pdf",".pdf","28376389","D294AC0E2DFCEC92FE9418AB3E6C42DCB3BC4901F06F8E26CC5F16BD58AA0FD5","2026-06-17T21:41:31Z"
"SHARED","schaum_s beginning statistics -- 380.pdf","shared","resources/source-material/shared/Schaum_s Beginning Statistics -- 380.pdf","Schaum_s Beginning Statistics -- 380.pdf","Schaum_s Beginning Statistics -- 380.pdf",".pdf","9360335","96618EF94380A6FDF22F3DCD3F9AFDEE0562B2503E2CBDE0EB1BE0E903385BE3","2026-06-17T21:41:31Z"
"SHARED","schaum_s biochemistry -- 572.pdf","shared","resources/source-material/shared/Schaum_s Biochemistry -- 572.pdf","Schaum_s Biochemistry -- 572.pdf","Schaum_s Biochemistry -- 572.pdf",".pdf","33715034","433C18030A484F718598CAFBBF71C61DD6BD698DB5FD411483B04BA9153540AA","2026-06-17T21:41:31Z"
"SHARED","schaum_s biology -- 464.pdf","shared","resources/source-material/shared/Schaum_s Biology -- 464.pdf","Schaum_s Biology -- 464.pdf","Schaum_s Biology -- 464.pdf",".pdf","45772954","191F6A469C3F994E69FFE6BF162FCE1E5D83D4C566B96C1EF766AD606E04C350","2026-06-17T21:41:31Z"
"SHARED","schaum_s bookkeeping and accounting -- 411.pdf","shared","resources/source-material/shared/Schaum_s Bookkeeping and Accounting -- 411.pdf","Schaum_s Bookkeeping and Accounting -- 411.pdf","Schaum_s Bookkeeping and Accounting -- 411.pdf",".pdf","12233729","079C3CC9F1489E5CF018091E87CC5982EB2099A6C66D1CEDDEEE587BC86280BA","2026-06-17T21:41:31Z"
"SHARED","schaum_s boolean algebra and switching circuits -- 213.pdf","shared","resources/source-material/shared/Schaum_s Boolean Algebra and Switching Circuits -- 213.pdf","Schaum_s Boolean Algebra and Switching Circuits -- 213.pdf","Schaum_s Boolean Algebra and Switching Circuits -- 213.pdf",".pdf","10206157","E59F2B37820FF0A153A0B85DAD1D44576EE4CFCAFF5A4EFBB32D405DF5FF3DB2","2026-06-17T21:41:31Z"
"SHARED","schaum_s business statistics -- 416.pdf","shared","resources/source-material/shared/Schaum_s Business Statistics -- 416.pdf","Schaum_s Business Statistics -- 416.pdf","Schaum_s Business Statistics -- 416.pdf",".pdf","9451915","A59FCEAACBE1BA3131279BE5C5587A31696E2A72539D863B43A233BA802CABFC","2026-06-17T21:41:31Z"
"SHARED","schaum_s calculus -- 490.pdf","shared","resources/source-material/shared/Schaum_s Calculus -- 490.pdf","Schaum_s Calculus -- 490.pdf","Schaum_s Calculus -- 490.pdf",".pdf","17705207","4531B9C4EDC810A3A16DC9D02A49469D1FD7668DE6612BB6D5373DA7336416EF","2026-06-17T21:41:31Z"
"SHARED","schaum_s calculus concepts -- 224.pdf","shared","resources/source-material/shared/Schaum_s Calculus Concepts -- 224.pdf","Schaum_s Calculus Concepts -- 224.pdf","Schaum_s Calculus Concepts -- 224.pdf",".pdf","35679959","BBC63B09CC8355BCD599B6882C4DB6C41247E1609622C0F902F4E49EB9372ED9","2026-06-17T21:41:31Z"
"SHARED","schaum_s calculus of finite differences and difference equations -- 267.pdf","shared","resources/source-material/shared/Schaum_s Calculus of Finite Differences and Difference Equations -- 267.pdf","Schaum_s Calculus of Finite Differences and Difference Equations -- 267.pdf","Schaum_s Calculus of Finite Differences and Difference Equations -- 267.pdf",".pdf","18218895","F21954BC52CCE37ED88B20DDD4C6FF329F3F19625F27C0F76CCAD94F477C9E96","2026-06-17T21:41:32Z"
"SHARED","schaum_s chinese grammar -- 288.pdf","shared","resources/source-material/shared/Schaum_s Chinese Grammar -- 288.pdf","Schaum_s Chinese Grammar -- 288.pdf","Schaum_s Chinese Grammar -- 288.pdf",".pdf","11730626","C5B964FC1296EA73B1E75DE86841B01974CE9E8095FECEE4C98249258C64CC33","2026-06-17T21:41:32Z"
"SHARED","schaum_s chinese vocabulary  -- 287.pdf","shared","resources/source-material/shared/Schaum_s Chinese Vocabulary  -- 287.pdf","Schaum_s Chinese Vocabulary  -- 287.pdf","Schaum_s Chinese Vocabulary  -- 287.pdf",".pdf","21506649","BD0FC2DBFC4831D28304683E792325A92B435C4F839C4FCC7CD6C937304B8E01","2026-06-17T21:41:32Z"
"SHARED","schaum_s college algrebra -- 417.pdf","shared","resources/source-material/shared/Schaum_s College Algrebra -- 417.pdf","Schaum_s College Algrebra -- 417.pdf","Schaum_s College Algrebra -- 417.pdf",".pdf","12870563","FB54C977C2A50069A09678B5C3E012261D293F4EF7A5DF259CC9F2930C9D7413","2026-06-17T21:41:32Z"
"SHARED","schaum_s college chemistry -- 394.pdf","shared","resources/source-material/shared/Schaum_s College Chemistry -- 394.pdf","Schaum_s College Chemistry -- 394.pdf","Schaum_s College Chemistry -- 394.pdf",".pdf","17422549","96BD1F7225095DB4B9BDE311DBC3977594C2EC50293E4C457C10D0E7224EC3C4","2026-06-17T21:41:32Z"
"SHARED","schaum_s college chemistry -- 407.pdf","shared","resources/source-material/shared/Schaum_s College Chemistry -- 407.pdf","Schaum_s College Chemistry -- 407.pdf","Schaum_s College Chemistry -- 407.pdf",".pdf","4820534","F7B15B31CA8EEF4F2A92BF93539C7DBBEC1C4CFB63B4E9385FBE636D5CB84A4B","2026-06-17T21:41:32Z"
"SHARED","schaum_s college mathematics -- 432.pdf","shared","resources/source-material/shared/Schaum_s College Mathematics -- 432.pdf","Schaum_s College Mathematics -- 432.pdf","Schaum_s College Mathematics -- 432.pdf",".pdf","5884484","688CCFA3885EB2C3A39150DFAD38F8009D0CF8649B5E7F73B369C49E0D74EF86","2026-06-17T21:41:32Z"
"SHARED","schaum_s college physics -- 448.pdf","shared","resources/source-material/shared/Schaum_s College Physics -- 448.pdf","Schaum_s College Physics -- 448.pdf","Schaum_s College Physics -- 448.pdf",".pdf","7875096","9AD7289DD404D8DA40E0B973D77522F4C21C70929E4F0A5D9D3A17F71A582E9D","2026-06-17T21:41:32Z"
"SHARED","schaum_s combinatorics -- 210.pdf","shared","resources/source-material/shared/Schaum_s Combinatorics -- 210.pdf","Schaum_s Combinatorics -- 210.pdf","Schaum_s Combinatorics -- 210.pdf",".pdf","23041168","69D53FFA891C8B9A825920BA8EA11B729FC536D26D7944C5988F983514DA6633","2026-06-17T21:41:32Z"
"SHARED","schaum_s complex variables -- 320.pdf","shared","resources/source-material/shared/Schaum_s Complex Variables -- 320.pdf","Schaum_s Complex Variables -- 320.pdf","Schaum_s Complex Variables -- 320.pdf",".pdf","19683056","7F9453C6571629C67DA22C1F2EBE4FCF4EC36221DB2FEB0CE849E02EE7416B7B","2026-06-17T21:41:32Z"
"SHARED","schaum_s continuum mechanics -- 230.pdf","shared","resources/source-material/shared/Schaum_s Continuum Mechanics -- 230.pdf","Schaum_s Continuum Mechanics -- 230.pdf","Schaum_s Continuum Mechanics -- 230.pdf",".pdf","13635108","B2FD6408DF76931591763785730468C1B712BAA6A38C2592A8BCAD589616DDF8","2026-06-17T21:41:32Z"
"SHARED","schaum_s data structures with java -- 351.pdf","shared","resources/source-material/shared/Schaum_s Data Structures with Java -- 351.pdf","Schaum_s Data Structures with Java -- 351.pdf","Schaum_s Data Structures with Java -- 351.pdf",".pdf","7583002","13A50D40306CA86C8E8378F721D41DF3650494071EDBE119AECFA1781572E546","2026-06-17T21:41:32Z"
"SHARED","schaum_s descriptive geometry -- 222.pdf","shared","resources/source-material/shared/Schaum_s Descriptive Geometry -- 222.pdf","Schaum_s Descriptive Geometry -- 222.pdf","Schaum_s Descriptive Geometry -- 222.pdf",".pdf","21162811","2F929291512A4979F15FD1E7A165826EBB37F045BB2E88F7D25B3C78331F5EC4","2026-06-17T21:41:32Z"
"SHARED","schaum_s differential equations -- 398.pdf","shared","resources/source-material/shared/Schaum_s Differential Equations -- 398.pdf","Schaum_s Differential Equations -- 398.pdf","Schaum_s Differential Equations -- 398.pdf",".pdf","18234091","BE6F9A9113E9FBFED4CA4908BC3205567C2CFBD7A296383BAA8EE9674C6F5AC6","2026-06-17T21:41:32Z"
"SHARED","schaum_s differential geometry -- 277.pdf","shared","resources/source-material/shared/Schaum_s Differential Geometry -- 277.pdf","Schaum_s Differential Geometry -- 277.pdf","Schaum_s Differential Geometry -- 277.pdf",".pdf","26568055","F1B2492030381162F13433505C815475E25601C63BA7F00E9EC29F0A19C9328F","2026-06-17T21:41:33Z"
"SHARED","schaum_s digital principles -- 362.pdf","shared","resources/source-material/shared/Schaum_s Digital Principles -- 362.pdf","Schaum_s Digital Principles -- 362.pdf","Schaum_s Digital Principles -- 362.pdf",".pdf","22250364","7B451C0502E23BE50AF516BD8BC728F43B393816574B0B4EB03950974B5C7D3D","2026-06-17T21:41:33Z"
"SHARED","schaum_s digital signal processing -- 447.pdf","shared","resources/source-material/shared/Schaum_s Digital Signal Processing -- 447.pdf","Schaum_s Digital Signal Processing -- 447.pdf","Schaum_s Digital Signal Processing -- 447.pdf",".pdf","12094113","11FF03EB1A26B91993934952D35DD25A0E0F41B72918FEFA6A7AEF832FB62198","2026-06-17T21:41:33Z"
"SHARED","schaum_s discrete mathematics -- 489.pdf","shared","resources/source-material/shared/Schaum_s Discrete Mathematics -- 489.pdf","Schaum_s Discrete Mathematics -- 489.pdf","Schaum_s Discrete Mathematics -- 489.pdf",".pdf","11807627","E99C14C83056BC014B7C1C73CA4DC1FFCDB1DF5623D1732736106BD2440F24F4","2026-06-17T21:41:33Z"
"SHARED","schaum_s easy outline of college physics -- 145.pdf","shared","resources/source-material/shared/Schaum_s Easy Outline of College Physics -- 145.pdf","Schaum_s Easy Outline of College Physics -- 145.pdf","Schaum_s Easy Outline of College Physics -- 145.pdf",".pdf","6483821","2C644EE6DE31EB214086D6D56315CEC75E0E3A30C37C3644112A98CF69EA47AB","2026-06-17T21:41:33Z"
"SHARED","schaum_s easy outline of differential equations -- 143.pdf","shared","resources/source-material/shared/Schaum_s Easy Outline of Differential Equations -- 143.pdf","Schaum_s Easy Outline of Differential Equations -- 143.pdf","Schaum_s Easy Outline of Differential Equations -- 143.pdf",".pdf","6834453","E230454231647AB1592453D861AFE78E3F083FC9D71C105060FEA8B5FC1344BD","2026-06-17T21:41:33Z"
"SHARED","schaum_s easy outlines - principles of economics (mcgraw hill-2003) (pdf).pdf","shared","resources/source-material/shared/Schaum_s Easy Outlines - Principles Of Economics (Mcgraw Hill-2003) (pdf).pdf","Schaum_s Easy Outlines - Principles Of Economics (Mcgraw Hill-2003) (pdf).pdf","Schaum_s Easy Outlines - Principles Of Economics (Mcgraw Hill-2003) (pdf).pdf",".pdf","2366245","753CC0D4CB7A536DAF0A33B83441F32EBC4B4BFBD7973692E013BE5543297B14","2026-06-17T21:41:33Z"
"SHARED","schaum_s easy outlines - principles.pdf","shared","resources/source-material/shared/Schaum_s Easy Outlines - Principles.pdf","Schaum_s Easy Outlines - Principles.pdf","Schaum_s Easy Outlines - Principles.pdf",".pdf","2211661","65C6F3136AC475D71416B56452BC082926F9268EA466B3A8D386C13BA139CCD9","2026-06-17T21:41:33Z"
"SHARED","schaum_s electric circuits -- 480.pdf","shared","resources/source-material/shared/Schaum_s Electric Circuits -- 480.pdf","Schaum_s Electric Circuits -- 480.pdf","Schaum_s Electric Circuits -- 480.pdf",".pdf","6053328","D62A3208802959A6CBBBA4A757D2E1BCEFDEB26709CCF956554A2133CE205197","2026-06-17T21:41:33Z"
"SHARED","schaum_s electric machines and electromechanics -- 226.pdf","shared","resources/source-material/shared/Schaum_s Electric Machines and Electromechanics -- 226.pdf","Schaum_s Electric Machines and Electromechanics -- 226.pdf","Schaum_s Electric Machines and Electromechanics -- 226.pdf",".pdf","14699073","FA1CF4F3C26B9084951F168E0A093E92BE1AE33AFCE18187D27089A7C9E05F1C","2026-06-17T21:41:33Z"
"SHARED","schaum_s electric power systems -- 183.pdf","shared","resources/source-material/shared/Schaum_s Electric Power Systems -- 183.pdf","Schaum_s Electric Power Systems -- 183.pdf","Schaum_s Electric Power Systems -- 183.pdf",".pdf","11372241","3236FFD4ED656A9F590BCCF117B377595AF1FF35CBE6DC6817FA7768DBD480BC","2026-06-17T21:41:33Z"
"SHARED","schaum_s electromagnetics -- 343.pdf","shared","resources/source-material/shared/Schaum_s Electromagnetics -- 343.pdf","Schaum_s Electromagnetics -- 343.pdf","Schaum_s Electromagnetics -- 343.pdf",".pdf","32050307","4450DE51090B26130AB6FE2DB8AA6DD236E42C6538E0C1ED155DCA72668D816A","2026-06-17T21:41:33Z"
"SHARED","schaum_s electronic communication -- 186.pdf","shared","resources/source-material/shared/Schaum_s Electronic Communication -- 186.pdf","Schaum_s Electronic Communication -- 186.pdf","Schaum_s Electronic Communication -- 186.pdf",".pdf","10452733","B3B335FC6F3E9632A3EB7CCD7DD6848F8CBFF2EC9C743C83E7CD886BECEAC798","2026-06-17T21:41:33Z"
"SHARED","schaum_s electronic devices and circuits -- 318.pdf","shared","resources/source-material/shared/Schaum_s Electronic Devices and Circuits -- 318.pdf","Schaum_s Electronic Devices and Circuits -- 318.pdf","Schaum_s Electronic Devices and Circuits -- 318.pdf",".pdf","7059365","C673F08E47A413D2A6A4A9BF5E7DF3EE895A868BE010C4F5E403E5934AF74746","2026-06-17T21:41:33Z"
"SHARED","schaum_s elementary algebra -- 384.pdf","shared","resources/source-material/shared/Schaum_s Elementary Algebra -- 384.pdf","Schaum_s Elementary Algebra -- 384.pdf","Schaum_s Elementary Algebra -- 384.pdf",".pdf","13155035","0827D284808160680ACEA5F481D653B331831F2007CC02DBDA1736292543E67F","2026-06-17T21:41:33Z"
"SHARED","schaum_s elements of statistics i -- 364.pdf","shared","resources/source-material/shared/Schaum_s Elements of Statistics I -- 364.pdf","Schaum_s Elements of Statistics I -- 364.pdf","Schaum_s Elements of Statistics I -- 364.pdf",".pdf","28717925","AEB5F458BA8572AE7E82C383A277AE49641725B3BCFD98DD51D118374D0FEA36","2026-06-17T21:41:33Z"
"SHARED","schaum_s elements of statistics ii -- 467.pdf","shared","resources/source-material/shared/Schaum_s Elements of Statistics II -- 467.pdf","Schaum_s Elements of Statistics II -- 467.pdf","Schaum_s Elements of Statistics II -- 467.pdf",".pdf","41730858","F0B4533C42F040BA15E96522A9814010EBB41A93E1AE7EEE2E9C6BFF6E4C6CB9","2026-06-17T21:41:33Z"
"SHARED","schaum_s engineering mechanics -- 527.pdf","shared","resources/source-material/shared/Schaum_s Engineering Mechanics -- 527.pdf","Schaum_s Engineering Mechanics -- 527.pdf","Schaum_s Engineering Mechanics -- 527.pdf",".pdf","55180003","F83A26000F7ECAA2EB68AEDB61155F30377376D94DA4F5D2F0C6083FFB8CB8D8","2026-06-17T21:41:34Z"
"SHARED","schaum_s english grammar -- 158.pdf","shared","resources/source-material/shared/Schaum_s English Grammar -- 158.pdf","Schaum_s English Grammar -- 158.pdf","Schaum_s English Grammar -- 158.pdf",".pdf","32543199","A8C7A766CD6F28D1BBDB79448798F4CC231AFCDD204DD4653064ADE7E7D78680","2026-06-17T21:41:34Z"
"SHARED","schaum_s feedback and control systems -- 523.pdf","shared","resources/source-material/shared/Schaum_s Feedback and Control Systems -- 523.pdf","Schaum_s Feedback and Control Systems -- 523.pdf","Schaum_s Feedback and Control Systems -- 523.pdf",".pdf","32354760","2BD949D53009AD7D78A1BA687B15D16EB6F690EEBD96E2102C643992B741706D","2026-06-17T21:41:34Z"
"SHARED","schaum_s financial management -- 498.pdf","shared","resources/source-material/shared/Schaum_s Financial Management -- 498.pdf","Schaum_s Financial Management -- 498.pdf","Schaum_s Financial Management -- 498.pdf",".pdf","3557180","EF1B6E468B3A779A1F93311EC8A990FD98D26F309147315C6150F3E8B55EE8EA","2026-06-17T21:41:34Z"
"SHARED","schaum_s finite element analysis -- 274.pdf","shared","resources/source-material/shared/Schaum_s Finite Element Analysis -- 274.pdf","Schaum_s Finite Element Analysis -- 274.pdf","Schaum_s Finite Element Analysis -- 274.pdf",".pdf","17507730","6BDB55C75424636F1661D88709A6D2F729D9E1996F649E8852509FBFA23CC8A2","2026-06-17T21:41:34Z"
"SHARED","schaum_s finite mathematics -- 341.pdf","shared","resources/source-material/shared/Schaum_s Finite Mathematics -- 341.pdf","Schaum_s Finite Mathematics -- 341.pdf","Schaum_s Finite Mathematics -- 341.pdf",".pdf","23195884","D5732DE8247CABF50A97932FB5BE277058F2A7AA3A9F6BBBE6E4BB3C16581AA5","2026-06-17T21:41:34Z"
"SHARED","schaum_s fluid mechanics -- 260.pdf","shared","resources/source-material/shared/Schaum_s Fluid Mechanics -- 260.pdf","Schaum_s Fluid Mechanics -- 260.pdf","Schaum_s Fluid Mechanics -- 260.pdf",".pdf","4672577","584CD83E30BA21FCE79EBBAA59AB43B6D8195593B4BC1FFCC6FD8300AC8F2C83","2026-06-17T21:41:34Z"
"SHARED","schaum_s fourier analysis -- 198.pdf","shared","resources/source-material/shared/Schaum_s Fourier Analysis -- 198.pdf","Schaum_s Fourier Analysis -- 198.pdf","Schaum_s Fourier Analysis -- 198.pdf",".pdf","8230954","DA3A09333949589EF5F08023765077E815AA30B446E53680A2AAF8A9AAFF7958","2026-06-17T21:41:34Z"
"SHARED","schaum_s french grammar -- 362.pdf","shared","resources/source-material/shared/Schaum_s French Grammar -- 362.pdf","Schaum_s French Grammar -- 362.pdf","Schaum_s French Grammar -- 362.pdf",".pdf","38007346","07C161C5BB5A1C3078E919F602CD79D339A67FD9097B367BDE83A3672C6F0BEB","2026-06-17T21:41:34Z"
"SHARED","schaum_s french grammar -- 398.pdf","shared","resources/source-material/shared/Schaum_s French Grammar -- 398.pdf","Schaum_s French Grammar -- 398.pdf","Schaum_s French Grammar -- 398.pdf",".pdf","2094860","438FFCED8FB00113FD56E16A11169D6B55D1B6EB211F18461566F7245B2FEA5C","2026-06-17T21:41:34Z"
"SHARED","schaum_s french vocabulary -- 412.pdf","shared","resources/source-material/shared/Schaum_s French Vocabulary -- 412.pdf","Schaum_s French Vocabulary -- 412.pdf","Schaum_s French Vocabulary -- 412.pdf",".pdf","15646039","9E5BDB7A11B6B0B1F663AFA91CB8F54DBF9CB9A3CF67FB4DB662C8D9C8C2559A","2026-06-17T21:41:34Z"
"SHARED","schaum_s fundamentals of relational databases -- 291.pdf","shared","resources/source-material/shared/Schaum_s Fundamentals of Relational Databases -- 291.pdf","Schaum_s Fundamentals of Relational Databases -- 291.pdf","Schaum_s Fundamentals of Relational Databases -- 291.pdf",".pdf","16890320","18548DD9F2B181494C045CAA88DEA4315BB9AEB1BD45B8BE994D03AD90CAD443","2026-06-17T21:41:34Z"
"SHARED","schaum_s general topology -- 245.pdf","shared","resources/source-material/shared/Schaum_s General Topology -- 245.pdf","Schaum_s General Topology -- 245.pdf","Schaum_s General Topology -- 245.pdf",".pdf","13583239","D265AAC443B5B91C7F009669B077E748FF1D34A92832A4CFFD964FCB5A3CF8F9","2026-06-17T21:41:34Z"
"SHARED","schaum_s geometry -- 337.pdf","shared","resources/source-material/shared/Schaum_s Geometry -- 337.pdf","Schaum_s Geometry -- 337.pdf","Schaum_s Geometry -- 337.pdf",".pdf","4040977","92AD1A249CA7840DDFE486EE28BA157FA0F4AF167F75264BAE5360B424496DB3","2026-06-17T21:41:34Z"
"SHARED","schaum_s geometry -- 351.pdf","shared","resources/source-material/shared/Schaum_s Geometry -- 351.pdf","Schaum_s Geometry -- 351.pdf","Schaum_s Geometry -- 351.pdf",".pdf","26303732","A06B1B2D50560EF0E3213089DD696BA5DC3835484B39512CE3A04FF389CA092B","2026-06-17T21:41:34Z"
"SHARED","schaum_s graph theory -- 302.pdf","shared","resources/source-material/shared/Schaum_s Graph Theory -- 302.pdf","Schaum_s Graph Theory -- 302.pdf","Schaum_s Graph Theory -- 302.pdf",".pdf","52150190","B26E2CBD7CE062FF7AD8E05901DC34288F1E94DBCE0A61B2CD8C1C89E12B06F7","2026-06-17T21:41:34Z"
"SHARED","schaum_s group theory -- 287.pdf","shared","resources/source-material/shared/Schaum_s Group Theory -- 287.pdf","Schaum_s Group Theory -- 287.pdf","Schaum_s Group Theory -- 287.pdf",".pdf","93340191","B9D97C821D338FBCCC5D35FAAA1D276033F3F7E8AF69DE4D9711A34872E675E9","2026-06-17T21:41:35Z"
"SHARED","schaum_s heat transfer -- 372.pdf","shared","resources/source-material/shared/Schaum_s Heat Transfer -- 372.pdf","Schaum_s Heat Transfer -- 372.pdf","Schaum_s Heat Transfer -- 372.pdf",".pdf","37610681","324C30642798B05F817FCC7A183B6CD9A06D3042A3D0A48AD6E19D91DF6E1ED6","2026-06-17T21:41:35Z"
"SHARED","schaum_s human anatomy and physiology -- 463.pdf","shared","resources/source-material/shared/Schaum_s Human Anatomy and Physiology -- 463.pdf","Schaum_s Human Anatomy and Physiology -- 463.pdf","Schaum_s Human Anatomy and Physiology -- 463.pdf",".pdf","25656230","AFB842D18E1FC70F5BB510970A427C0434199E854DB7F37E1131E22CAD539847","2026-06-17T21:41:35Z"
"SHARED","schaum_s immunology -- 329.pdf","shared","resources/source-material/shared/Schaum_s Immunology -- 329.pdf","Schaum_s Immunology -- 329.pdf","Schaum_s Immunology -- 329.pdf",".pdf","42826711","1A387A72E92A486FBE851414F81CE496F9D295276CA95D93A4F1BADAB0ACE1C2","2026-06-17T21:41:35Z"
"SHARED","schaum_s intermediate accounting i -- 352.pdf","shared","resources/source-material/shared/Schaum_s Intermediate Accounting I -- 352.pdf","Schaum_s Intermediate Accounting I -- 352.pdf","Schaum_s Intermediate Accounting I -- 352.pdf",".pdf","24828348","9A535CEDB308A289CDD78E5B34CCA610808FAD20818B13FBFE7E90B9B277BE00","2026-06-17T21:41:35Z"
"SHARED","schaum_s intermediate accounting ii -- 290.pdf","shared","resources/source-material/shared/Schaum_s Intermediate Accounting II -- 290.pdf","Schaum_s Intermediate Accounting II -- 290.pdf","Schaum_s Intermediate Accounting II -- 290.pdf",".pdf","1290870","F4FB344C8FA679EB141A1E0BB93BA2C3260C90E929D9C388B18DF977EFAFDE74","2026-06-17T21:41:35Z"
"SHARED","schaum_s introduction to mathematical economics -- 532.pdf","shared","resources/source-material/shared/Schaum_s Introduction to Mathematical Economics -- 532.pdf","Schaum_s Introduction to Mathematical Economics -- 532.pdf","Schaum_s Introduction to Mathematical Economics -- 532.pdf",".pdf","42113093","AB4AADC391F580BDA6B72A3B1E35619CE826A6033ED5B2760C61D787CF16C307","2026-06-17T21:41:35Z"
"SHARED","schaum_s outline of theory and problems of linear algebra (1991).pdf","shared","resources/source-material/shared/Schaum_s Outline of Theory and Problems of Linear Algebra (1991).pdf","Schaum_s Outline of Theory and Problems of Linear Algebra (1991).pdf","Schaum_s Outline of Theory and Problems of Linear Algebra (1991).pdf",".pdf","2735987","968B115822C872E289258D79102CB50BB4337B9289780793407E3B99C28D0DB9","2026-06-17T21:41:35Z"
"SHARED","schaum_s outline of theory and problems of numerical analysis_francis scheid (mcgraw-hill 1968 429s).pdf","shared","resources/source-material/shared/Schaum_s Outline of Theory and Problems of Numerical Analysis_FRANCIS SCHEID (McGraw-Hill 1968 429s).pdf","Schaum_s Outline of Theory and Problems of Numerical Analysis_FRANCIS SCHEID (McGraw-Hill 1968 429s).pdf","Schaum_s Outline of Theory and Problems of Numerical Analysis_FRANCIS SCHEID (McGraw-Hill 1968 429s).pdf",".pdf","16893990","3B45B0B2E4022D8AFC0F2C1CF41750C3CDE2FE72EC75D38C7398DE2D8EFBEAB4","2026-06-17T21:41:35Z"
"SHARED","schaum_s outlines - probability, random variables and random processes, 1997.pdf","shared","resources/source-material/shared/Schaum_s Outlines - Probability, Random Variables And Random Processes, 1997.pdf","Schaum_s Outlines - Probability, Random Variables And Random Processes, 1997.pdf","Schaum_s Outlines - Probability, Random Variables And Random Processes, 1997.pdf",".pdf","4641036","F6E482D955BF9F83484E75F4784CB91656D13000BD17A26EEC21C00F8D4A1847","2026-06-17T21:41:35Z"
"SHARED","schaum_s outlines of organic chemistry.pdf","shared","resources/source-material/shared/schaum_s outlines of organic chemistry.pdf","schaum_s outlines of organic chemistry.pdf","schaum_s outlines of organic chemistry.pdf",".pdf","14039890","400B3F2D299FA5FB14F6F303D18BAA439B9A81386B3E2D6174FB5ED30F4A3530","2026-06-17T21:41:35Z"
"SHARED","schaum_s principles of computer science -- 233.pdf","shared","resources/source-material/shared/Schaum_s Principles of Computer Science -- 233.pdf","Schaum_s Principles of Computer Science -- 233.pdf","Schaum_s Principles of Computer Science -- 233.pdf",".pdf","2975445","082906D4E46F058187142427164D28805B5A00EE5D8ACBCD386553D32DA2146B","2026-06-17T21:41:35Z"
"SHARED","schaum_s principles of economics -- 409.pdf","shared","resources/source-material/shared/Schaum_s Principles of Economics -- 409.pdf","Schaum_s Principles of Economics -- 409.pdf","Schaum_s Principles of Economics -- 409.pdf",".pdf","33668645","7046A450FA5D8A435B0B0FF130EE670ABE3B1F7770876D195AF94EB9E2E8FA35","2026-06-17T21:41:35Z"
"SHARED","schaum_s probability -- 156.pdf","shared","resources/source-material/shared/Schaum_s Probability -- 156.pdf","Schaum_s Probability -- 156.pdf","Schaum_s Probability -- 156.pdf",".pdf","10683314","C0F6B1796665A41FF96CB7883408E1F49E96F2D9F6B3759703E601C39F3769C6","2026-06-17T21:41:35Z"
"SHARED","schaum_s probability and statistics -- 376.djvu","shared","resources/source-material/shared/Schaum_s Probability and Statistics -- 376.djvu","Schaum_s Probability and Statistics -- 376.djvu","Schaum_s Probability and Statistics -- 376.djvu",".djvu","4693625","0BD2AC1B55C5F935C4E16EDD8FDE15A859C8D32A9212AC6D7E2F6A1334A00A30","2026-06-17T21:41:35Z"
"SHARED","schaum_s probability, random variables and random processes -- 320.pdf","shared","resources/source-material/shared/Schaum_s Probability, Random Variables And Random Processes -- 320.pdf","Schaum_s Probability, Random Variables And Random Processes -- 320.pdf","Schaum_s Probability, Random Variables And Random Processes -- 320.pdf",".pdf","4635626","B84CB3E68EB4FCDEECB86DAB7CD7DE519EE6BF636E5B3AFABADC2CAA23717DD0","2026-06-17T21:41:36Z"
"SHARED","schaum_s programming with c -- 541.pdf","shared","resources/source-material/shared/Schaum_s Programming with C -- 541.pdf","Schaum_s Programming with C -- 541.pdf","Schaum_s Programming with C -- 541.pdf",".pdf","12132961","0C4AD481C040C9036A61F4D5C79005ED1A13A609FC88D589FD983BCF24030DE2","2026-06-17T21:41:36Z"
"SHARED","schaum_s programming with c++ -- 434.pdf","shared","resources/source-material/shared/Schaum_s Programming with C++ -- 434.pdf","Schaum_s Programming with C++ -- 434.pdf","Schaum_s Programming with C++ -- 434.pdf",".pdf","8721570","4E23DDF689DA136AC9A2E3A76DA06480B4DAFF0E68F6CF9999FA40F4D85C9A2E","2026-06-17T21:41:36Z"
"SHARED","schaum_s programming with java -- 265.pdf","shared","resources/source-material/shared/Schaum_s Programming with Java -- 265.pdf","Schaum_s Programming with Java -- 265.pdf","Schaum_s Programming with Java -- 265.pdf",".pdf","38369842","EF8FF6F00A70466A000763D64E0544401A4168648747C76ED3B0EE894393A5E6","2026-06-17T21:41:36Z"
"SHARED","schaum_s projective geometry -- 250.pdf","shared","resources/source-material/shared/Schaum_s Projective Geometry -- 250.pdf","Schaum_s Projective Geometry -- 250.pdf","Schaum_s Projective Geometry -- 250.pdf",".pdf","22154737","4C925F64B13B99CF8D20262E44D90E2CA07ABCF1D6B8880AFE5C81D849A96B3C","2026-06-17T21:41:36Z"
"SHARED","schaum_s quantum mechanics-- 318.pdf","shared","resources/source-material/shared/Schaum_s Quantum Mechanics-- 318.pdf","Schaum_s Quantum Mechanics-- 318.pdf","Schaum_s Quantum Mechanics-- 318.pdf",".pdf","12028617","EF7F58AFA341A5D1AC386F6ABB0EAD5F8F2951C18F63308828E63D2B1CE92F37","2026-06-17T21:41:36Z"
"SHARED","schaum_s quick guide to writing great essays -- 119.pdf","shared","resources/source-material/shared/Schaum_s Quick Guide to Writing Great Essays -- 119.pdf","Schaum_s Quick Guide to Writing Great Essays -- 119.pdf","Schaum_s Quick Guide to Writing Great Essays -- 119.pdf",".pdf","14729764","F3AC5D015EFAE8F62DC8859530AC629ECF67FE7CCECD86F2AB32117DC2C5CE4C","2026-06-17T21:41:36Z"
"SHARED","schaum_s quick guide to writing great research papers.chm","shared","resources/source-material/shared/Schaum_s Quick Guide to Writing Great Research Papers.chm","Schaum_s Quick Guide to Writing Great Research Papers.chm","Schaum_s Quick Guide to Writing Great Research Papers.chm",".chm","384788","5D09F8AFB9E4358B40A20A78F969A07577CA024E5633E513F59C5DDF963E6D50","2026-06-17T21:41:36Z"
"SHARED","schaum_s quick guide to writing short stories -- 164.pdf","shared","resources/source-material/shared/Schaum_s Quick Guide to Writing Short Stories -- 164.pdf","Schaum_s Quick Guide to Writing Short Stories -- 164.pdf","Schaum_s Quick Guide to Writing Short Stories -- 164.pdf",".pdf","657572","411C0197E716AB85B117EAB30AE727BD1D9DE82B151316C8885F0302060FB2B3","2026-06-17T21:41:36Z"
"SHARED","schaum_s real variables -- 201.djvu","shared","resources/source-material/shared/Schaum_s Real Variables -- 201.djvu","Schaum_s Real Variables -- 201.djvu","Schaum_s Real Variables -- 201.djvu",".djvu","1785616","6112016BF1EA53ACBA49523502C730E992B837F91FF22A831502F59BCEC79855","2026-06-17T21:41:36Z"
"SHARED","schaum_s review of elementary mathematics -- 297.pdf","shared","resources/source-material/shared/Schaum_s Review of Elementary Mathematics -- 297.pdf","Schaum_s Review of Elementary Mathematics -- 297.pdf","Schaum_s Review of Elementary Mathematics -- 297.pdf",".pdf","50210554","1FE9719D4466C90F11C1304E9B740CD87ACE282FFFE49FCA072D9CEBE2404512","2026-06-17T21:41:36Z"
"SHARED","schaum_s set theory and related topics -- 290.pdf","shared","resources/source-material/shared/Schaum_s Set Theory and Related Topics -- 290.pdf","Schaum_s Set Theory and Related Topics -- 290.pdf","Schaum_s Set Theory and Related Topics -- 290.pdf",".pdf","22100548","411E62EBE5666EAED258BB110187B9572DE6B5A089714995261FDBCFFC899B87","2026-06-17T21:41:36Z"
"SHARED","schaum_s signals and systems -- 483.pdf","shared","resources/source-material/shared/Schaum_s Signals and Systems -- 483.pdf","Schaum_s Signals and Systems -- 483.pdf","Schaum_s Signals and Systems -- 483.pdf",".pdf","6599330","05C7A6557501DA90CB6995F037915FE560539BA0B15E3D91CE254C6215659267","2026-06-17T21:41:36Z"
"SHARED","schaum_s software engineering -- 236.pdf","shared","resources/source-material/shared/Schaum_s Software Engineering -- 236.pdf","Schaum_s Software Engineering -- 236.pdf","Schaum_s Software Engineering -- 236.pdf",".pdf","2319432","45875B9E500B30491397684B1CB9D7F524AE4FF1F11095D0CACC3D6180AD6625","2026-06-17T21:41:36Z"
"SHARED","schaum_s spanish grammar -- 205.pdf","shared","resources/source-material/shared/Schaum_s Spanish Grammar -- 205.pdf","Schaum_s Spanish Grammar -- 205.pdf","Schaum_s Spanish Grammar -- 205.pdf",".pdf","1042458","BBD3F63FD6EAFF7867F3BABDF8893F0FB900184A9FDD13E6B1B2624FE4B05F0E","2026-06-17T21:41:36Z"
"SHARED","schaum_s spanish grammar -- 218.pdf","shared","resources/source-material/shared/Schaum_s Spanish Grammar -- 218.pdf","Schaum_s Spanish Grammar -- 218.pdf","Schaum_s Spanish Grammar -- 218.pdf",".pdf","9442666","A09BF1538906C14DF687CA0A73B0A0103C863EA784A7AE09612F43FB722FAE1A","2026-06-17T21:41:36Z"
"SHARED","schaum_s spanish vocabulary -- 275.pdf","shared","resources/source-material/shared/Schaum_s Spanish Vocabulary -- 275.pdf","Schaum_s Spanish Vocabulary -- 275.pdf","Schaum_s Spanish Vocabulary -- 275.pdf",".pdf","3132708","C2C3FD0C0CC62858211F473B51D3EF276FE9E6F70E1BD72809B2EBA43C4147CA","2026-06-17T21:41:36Z"
"SHARED","schaum_s spanish vocabulary -- 288.pdf","shared","resources/source-material/shared/Schaum_s Spanish Vocabulary -- 288.pdf","Schaum_s Spanish Vocabulary -- 288.pdf","Schaum_s Spanish Vocabulary -- 288.pdf",".pdf","11052915","49C2F67F86417D46DFAEFF8A602593A878EE3E949D1F2B59BF366431AE3ED96F","2026-06-17T21:41:36Z"
"SHARED","schaum_s statistics -- 550.pdf","shared","resources/source-material/shared/Schaum_s Statistics -- 550.pdf","Schaum_s Statistics -- 550.pdf","Schaum_s Statistics -- 550.pdf",".pdf","22715058","B0EB804AACA5D51C6E7DA28C3E0056FC73B914B7DD7151644CE80B55D39E8946","2026-06-17T21:41:36Z"
"SHARED","schaum_s statistics and econometrics -- 335.pdf","shared","resources/source-material/shared/Schaum_s Statistics and Econometrics -- 335.pdf","Schaum_s Statistics and Econometrics -- 335.pdf","Schaum_s Statistics and Econometrics -- 335.pdf",".pdf","27766458","58E8CB01E319FD9DAFD2376E786F74F3A71F2970836488F367DB24FDF2A8BE56","2026-06-17T21:41:37Z"
"SHARED","schaum_s strength of materials -- 481.pdf","shared","resources/source-material/shared/Schaum_s Strength of Materials -- 481.pdf","Schaum_s Strength of Materials -- 481.pdf","Schaum_s Strength of Materials -- 481.pdf",".pdf","32695221","F173FE0E08E1D7A3461DD58A03F322E78093385A89695C279E24ADC925E12003","2026-06-17T21:41:37Z"
"SHARED","schaum_s tensor calculus -- 238.pdf","shared","resources/source-material/shared/Schaum_s Tensor Calculus -- 238.pdf","Schaum_s Tensor Calculus -- 238.pdf","Schaum_s Tensor Calculus -- 238.pdf",".pdf","17767521","B626349B51633109003E1FC4CA9EC492F85907E0B83979CF3B1A8A6D5779ED04","2026-06-17T21:41:37Z"
"SHARED","schaum_s thermodynamics for engineers -- 380.pdf","shared","resources/source-material/shared/Schaum_s Thermodynamics for Engineers -- 380.pdf","Schaum_s Thermodynamics for Engineers -- 380.pdf","Schaum_s Thermodynamics for Engineers -- 380.pdf",".pdf","15613337","5A9C8CA279C79A0D4600AD47966C7E731E32993920D69D87D368A635ABD5CB6C","2026-06-17T21:41:37Z"
"SHARED","schaum_s thermodynamics with chemical applications -- 370.pdf","shared","resources/source-material/shared/Schaum_s Thermodynamics with Chemical Applications -- 370.pdf","Schaum_s Thermodynamics with Chemical Applications -- 370.pdf","Schaum_s Thermodynamics with Chemical Applications -- 370.pdf",".pdf","32441876","9BE5ABBF90DE6D786C69D9A17E9575AF8375731266D6CD88323C1D95D2208D30","2026-06-17T21:41:37Z"
"SHARED","schaum_s transmission lines -- 241.pdf","shared","resources/source-material/shared/Schaum_s Transmission Lines -- 241.pdf","Schaum_s Transmission Lines -- 241.pdf","Schaum_s Transmission Lines -- 241.pdf",".pdf","30312720","B19A9E334A2725C02E6036EBCFBA2FE3F87AADD9E27E2640504D144567BED49C","2026-06-17T21:41:37Z"
"SHARED","schaum_s trigonometry -- 212.pdf","shared","resources/source-material/shared/Schaum_s Trigonometry -- 212.pdf","Schaum_s Trigonometry -- 212.pdf","Schaum_s Trigonometry -- 212.pdf",".pdf","3740817","8A79566113E0A6DD36E7958ABDD9B1F949D22FB05BC67CFCA6B735830D6E69BE","2026-06-17T21:41:37Z"
"SHARED","schaums mathematical handbook of formulas and tables.pdf","shared","resources/source-material/shared/Schaums Mathematical Handbook of Formulas and Tables.pdf","Schaums Mathematical Handbook of Formulas and Tables.pdf","Schaums Mathematical Handbook of Formulas and Tables.pdf",".pdf","27472908","FB026B37415A6EC9A02B10C43885F0B241518DC8601781E9D3AEE4B80A3A4675","2026-06-17T21:41:30Z"
"SHARED","schechter - the crime of our time_ why wall street is not too big to jail (2010).pdf","shared","resources/source-material/shared/Schechter - The Crime of Our Time_ Why Wall Street Is Not Too Big to Jail (2010).pdf","Schechter - The Crime of Our Time_ Why Wall Street Is Not Too Big to Jail (2010).pdf","Schechter - The Crime of Our Time_ Why Wall Street Is Not Too Big to Jail (2010).pdf",".pdf","7755517","A6A63CF3BD26C908C54A8F26FA6D14C119725109375E615C348A1E7C677D6EAE","2026-06-17T21:41:37Z"
"SHARED","scheibeler - merchants of deception (2006).pdf","shared","resources/source-material/shared/Scheibeler - Merchants of Deception (2006).pdf","Scheibeler - Merchants of Deception (2006).pdf","Scheibeler - Merchants of Deception (2006).pdf",".pdf","3049576","BC83F639B82F906E1D19B198604B0A5AB2B003E1FA7F5533EA495BAE18A5098C","2026-06-17T21:41:37Z"
"SHARED","scheinkman - speculation, trading, and bubbles (2014).epub","shared","resources/source-material/shared/Scheinkman - Speculation, Trading, and Bubbles (2014).epub","Scheinkman - Speculation, Trading, and Bubbles (2014).epub","Scheinkman - Speculation, Trading, and Bubbles (2014).epub",".epub","15958816","28C0C545FEC31AE7F841BBE694D5A6897E645C4AE90EB32C502EE767464E4780","2026-06-17T21:41:37Z"
"SHARED","schelter b., et al. (eds.) handbook of time series analysis (wiley, 2006)(isbn 3527406239)(508s)_gl_.pdf","shared","resources/source-material/shared/Schelter B., et al. (eds.) Handbook of time series analysis (Wiley, 2006)(ISBN 3527406239)(508s)_GL_.pdf","Schelter B., et al. (eds.) Handbook of time series analysis (Wiley, 2006)(ISBN 3527406239)(508s)_GL_.pdf","Schelter B., et al. (eds.) Handbook of time series analysis (Wiley, 2006)(ISBN 3527406239)(508s)_GL_.pdf",".pdf","8126659","AD13C930DD8AC733C8840D409B11FDDF3357AEAF6F5E03882C30142D4E4DE164","2026-06-17T21:41:37Z"
"SHARED","schiff - the real crash_ america_s coming bankruptcy - how to save yourself and your country (2012).epub","shared","resources/source-material/shared/Schiff - The Real Crash_ America_s Coming Bankruptcy - How to Save Yourself and Your Country (2012).epub","Schiff - The Real Crash_ America_s Coming Bankruptcy - How to Save Yourself and Your Country (2012).epub","Schiff - The Real Crash_ America_s Coming Bankruptcy - How to Save Yourself and Your Country (2012).epub",".epub","386154","EA6D67C10FD9DBE32A612F6A606BE6C31FEAC7F3CCB36D616ED9FFC1E3A93505","2026-06-17T21:41:37Z"
"SHARED","schilit - financial shenanigans_ how to detect accounting gimmicks & fraud in financial reports (2010).pdf","shared","resources/source-material/shared/Schilit - Financial Shenanigans_ How to Detect Accounting Gimmicks & Fraud in Financial Reports (2010).pdf","Schilit - Financial Shenanigans_ How to Detect Accounting Gimmicks & Fraud in Financial Reports (2010).pdf","Schilit - Financial Shenanigans_ How to Detect Accounting Gimmicks & Fraud in Financial Reports (2010).pdf",".pdf","2183382","4DF9E6B26B50B2EF6AD904903EBA9B74F4B2B57BACFA9E27214424101C4CE80B","2026-06-17T21:41:37Z"
"SHARED","schultz - killer politics_ how big money and bad politics are destroying the great american middle class (2010).epub","shared","resources/source-material/shared/Schultz - Killer Politics_ How Big Money and Bad Politics Are Destroying the Great American Middle Class (2010).epub","Schultz - Killer Politics_ How Big Money and Bad Politics Are Destroying the Great American Middle Class (2010).epub","Schultz - Killer Politics_ How Big Money and Bad Politics Are Destroying the Great American Middle Class (2010).epub",".epub","310458","66A917E67BCAA65F80B2E5088D2BA45BAFBBF2909951787C77E1915350C81251","2026-06-17T21:41:37Z"
"SHARED","schultz - retirement heist_ how companies plunder and profit from the nest eggs of american workers (2011).epub","shared","resources/source-material/shared/Schultz - Retirement Heist_ How Companies Plunder and Profit from the Nest Eggs of American Workers (2011).epub","Schultz - Retirement Heist_ How Companies Plunder and Profit from the Nest Eggs of American Workers (2011).epub","Schultz - Retirement Heist_ How Companies Plunder and Profit from the Nest Eggs of American Workers (2011).epub",".epub","262349","7D66DBEE1DC4991FD72D5F02A7A16D392228A17AF8E590D7ADDCE2CC56936B67","2026-06-17T21:41:37Z"
"SHARED","schwager - market sense and nonsense_ how markets really work and how they don_t (2013).epub","shared","resources/source-material/shared/Schwager - Market Sense and Nonsense_ How Markets Really Work and How They Don_t (2013).epub","Schwager - Market Sense and Nonsense_ How Markets Really Work and How They Don_t (2013).epub","Schwager - Market Sense and Nonsense_ How Markets Really Work and How They Don_t (2013).epub",".epub","6355265","B363B1C4651F1D208D4CC61660E05805D9BA0D5AB0EC3A58920326511104F813","2026-06-17T21:41:37Z"
"SHARED","schwartz & seabrooke (eds.) - the politics of housing booms and busts (2009).pdf","shared","resources/source-material/shared/Schwartz & Seabrooke (eds.) - The Politics of Housing Booms and Busts (2009).pdf","Schwartz & Seabrooke (eds.) - The Politics of Housing Booms and Busts (2009).pdf","Schwartz & Seabrooke (eds.) - The Politics of Housing Booms and Busts (2009).pdf",".pdf","1538343","246B5374999A7B9821AA87052846F1605C302B8DADA4A64457BDA1A3155C0876","2026-06-17T21:41:37Z"
"SHARED","schwartz (ed.) - inflation_ causes and effects (2009).pdf","shared","resources/source-material/shared/Schwartz (ed.) - Inflation_ Causes and Effects (2009).pdf","Schwartz (ed.) - Inflation_ Causes and Effects (2009).pdf","Schwartz (ed.) - Inflation_ Causes and Effects (2009).pdf",".pdf","1910670","26270AC7B1DC50E5144E8EFDB568E8CC114E331AFDEC10989D26AE23AB43AF6A","2026-06-17T21:41:37Z"
"SHARED","scientific programming with maple computing.pdf","shared","resources/source-material/shared/Scientific Programming with Maple Computing.pdf","Scientific Programming with Maple Computing.pdf","Scientific Programming with Maple Computing.pdf",".pdf","1463890","86C68F06730B305B3D898E5421EECB8BFB21A956977A0E731363BB945077287F","2026-06-17T21:41:37Z"
"SHARED","scott a.j. geography and economy (oup, 2006)(isbn 019928430x)(191s)_gi_.pdf","shared","resources/source-material/shared/Scott A.J. Geography and economy (OUP, 2006)(ISBN 019928430X)(191s)_GI_.pdf","Scott A.J. Geography and economy (OUP, 2006)(ISBN 019928430X)(191s)_GI_.pdf","Scott A.J. Geography and economy (OUP, 2006)(ISBN 019928430X)(191s)_GI_.pdf",".pdf","1197008","70334F034661FDA02DF23EA1C0E453C14D39C80141B137258753D32FD4AE03BF","2026-06-17T21:41:37Z"
"SHARED","secrets of economic indicators.pdf","shared","resources/source-material/shared/Secrets of Economic Indicators.pdf","Secrets of Economic Indicators.pdf","Secrets of Economic Indicators.pdf",".pdf","13698253","C80B3A8761FDD737731C669498B529FC190A2020D07BE733B1E3244C52EC9701","2026-06-17T21:41:37Z"
"SHARED","secrets_of_economic_indicators_-_hidden_clues_to_future_economic_trends.pdf","shared","resources/source-material/shared/Secrets_of_Economic_Indicators_-_Hidden_Clues_to_Future_Economic_Trends.pdf","Secrets_of_Economic_Indicators_-_Hidden_Clues_to_Future_Economic_Trends.pdf","Secrets_of_Economic_Indicators_-_Hidden_Clues_to_Future_Economic_Trends.pdf",".pdf","9165247","B09CB0C47F5B36581D7929DB6BCDAB1F3B12A3D52505BB62DC941CFEAC5DEDFA","2026-06-17T21:41:37Z"
"SHARED","security markets stochastic models -  darrell duffie.pdf","shared","resources/source-material/shared/Security markets stochastic models -  Darrell Duffie.pdf","Security markets stochastic models -  Darrell Duffie.pdf","Security markets stochastic models -  Darrell Duffie.pdf",".pdf","26285703","BD883FFCB34D0D737710061CFED76D6A10F39C783637A207025310092D05FD4C","2026-06-17T21:41:38Z"
"SHARED","sedlacek - economics of good and evil_ the quest for economic meaning from gilgamesh to wall street (2011).pdf","shared","resources/source-material/shared/Sedlacek - Economics of Good and Evil_ the Quest for Economic Meaning from Gilgamesh to Wall Street (2011).pdf","Sedlacek - Economics of Good and Evil_ the Quest for Economic Meaning from Gilgamesh to Wall Street (2011).pdf","Sedlacek - Economics of Good and Evil_ the Quest for Economic Meaning from Gilgamesh to Wall Street (2011).pdf",".pdf","4569336","30B8620E4101CD8E5B9BF7AFE2E6E1D434326E9B9249080F10CA12110136B94D","2026-06-17T21:41:38Z"
"SHARED","segura j., braun c. (eds.) an eponymous dictionary of economics (elgar, 2004)(isbn 1843760290)(309s)_gg_.pdf","shared","resources/source-material/shared/Segura J., Braun C. (eds.) An eponymous dictionary of economics (Elgar, 2004)(ISBN 1843760290)(309s)_GG_.pdf","Segura J., Braun C. (eds.) An eponymous dictionary of economics (Elgar, 2004)(ISBN 1843760290)(309s)_GG_.pdf","Segura J., Braun C. (eds.) An eponymous dictionary of economics (Elgar, 2004)(ISBN 1843760290)(309s)_GG_.pdf",".pdf","1175169","FF8F336C292AB607845411DDEBF30D0FF2B5666C6003BA9821ADD6FBFEFA0817","2026-06-17T21:41:38Z"
"SHARED","seredynska - insider dealing and criminal law_ dangerous liaisons (2012).pdf","shared","resources/source-material/shared/Seredynska - Insider Dealing and Criminal Law_ Dangerous Liaisons (2012).pdf","Seredynska - Insider Dealing and Criminal Law_ Dangerous Liaisons (2012).pdf","Seredynska - Insider Dealing and Criminal Law_ Dangerous Liaisons (2012).pdf",".pdf","1635345","864F2D7C4F574ADF4343A5CF288DD8B9A17E23B5B54BC296171855AAF3F53986","2026-06-17T21:41:38Z"
"SHARED","seymour - against austerity_ how we can fix the crisis they made (2014).pdf","shared","resources/source-material/shared/Seymour - Against Austerity_ How We Can Fix the Crisis They Made (2014).pdf","Seymour - Against Austerity_ How We Can Fix the Crisis They Made (2014).pdf","Seymour - Against Austerity_ How We Can Fix the Crisis They Made (2014).pdf",".pdf","2417569","16B0FB16CD574BF78927BD2DA1C6360FCCE4A675E47B6FC58CD9008FF9D575D2","2026-06-17T21:41:38Z"
"SHARED","shannon - a mathematical theory of communication.pdf","shared","resources/source-material/shared/Shannon - A Mathematical Theory of Communication.pdf","Shannon - A Mathematical Theory of Communication.pdf","Shannon - A Mathematical Theory of Communication.pdf",".pdf","410686","AAFC420F6991B2C4EE839763251236391988EA87946F1AC1DB9BE20E823FE15C","2026-06-17T21:41:38Z"
"SHARED","sharma s.d. the asian financial crisis (2003)(isbn 0719066026)(409s)_gi_.pdf","shared","resources/source-material/shared/Sharma S.D. The Asian financial crisis (2003)(ISBN 0719066026)(409s)_GI_.pdf","Sharma S.D. The Asian financial crisis (2003)(ISBN 0719066026)(409s)_GI_.pdf","Sharma S.D. The Asian financial crisis (2003)(ISBN 0719066026)(409s)_GI_.pdf",".pdf","1066896","A355B508267B640981BD78B6F46A25D3083CD79D1F1AFCB22FB8BDA72C1F40C3","2026-06-17T21:41:38Z"
"SHARED","sheng - from asian to global financial crisis (2009).pdf","shared","resources/source-material/shared/Sheng - From Asian to Global Financial Crisis (2009).pdf","Sheng - From Asian to Global Financial Crisis (2009).pdf","Sheng - From Asian to Global Financial Crisis (2009).pdf",".pdf","3967168","13E5A4D18BE8FF32D147F709A8BCA0B95B7B2B55F8F5D42919520A5878B85713","2026-06-17T21:41:38Z"
"SHARED","sherman - the roller coaster economy_ financial crisis, great recession, and the public option (2010).pdf","shared","resources/source-material/shared/Sherman - The Roller Coaster Economy_ Financial Crisis, Great Recession, and the Public Option (2010).pdf","Sherman - The Roller Coaster Economy_ Financial Crisis, Great Recession, and the Public Option (2010).pdf","Sherman - The Roller Coaster Economy_ Financial Crisis, Great Recession, and the Public Option (2010).pdf",".pdf","1878570","E3D8CF227D271A46B8E45EBB9467E43941D6D8095654EDE3D57610227D942641","2026-06-17T21:41:38Z"
"SHARED","shiller - the subprime solution (2008).pdf","shared","resources/source-material/shared/Shiller - The Subprime Solution (2008).pdf","Shiller - The Subprime Solution (2008).pdf","Shiller - The Subprime Solution (2008).pdf",".pdf","1072527","D8809E0B6B5AEC6C9A7269FBC04EE0022756FD35E30F40838C8E44F20FD06793","2026-06-17T21:41:38Z"
"SHARED","shone r. an introduction to economic dynamics (cup, 2001)(isbn 052180034x)(235s)_gg_.pdf","shared","resources/source-material/shared/Shone R. An introduction to economic dynamics (CUP, 2001)(ISBN 052180034X)(235s)_GG_.pdf","Shone R. An introduction to economic dynamics (CUP, 2001)(ISBN 052180034X)(235s)_GG_.pdf","Shone R. An introduction to economic dynamics (CUP, 2001)(ISBN 052180034X)(235s)_GG_.pdf",".pdf","1826938","A00E663D877BA8AE1016404257DC7084F3FD58E9C0C025805C83575AA25BD275","2026-06-17T21:41:38Z"
"SHARED","short - thrifty green_ ease up on energy, food, water, trash, transit, stuff - and everybody wins (2011).epub","shared","resources/source-material/shared/Short - Thrifty Green_ Ease Up on Energy, Food, Water, Trash, Transit, Stuff - and Everybody Wins (2011).epub","Short - Thrifty Green_ Ease Up on Energy, Food, Water, Trash, Transit, Stuff - and Everybody Wins (2011).epub","Short - Thrifty Green_ Ease Up on Energy, Food, Water, Trash, Transit, Stuff - and Everybody Wins (2011).epub",".epub","1417388","867F3C3AA95E74BED03F1A04791245A542E8630C33D3FA429DFA7D4FEC2BB052","2026-06-17T21:41:38Z"
"SHARED","shumway r., stoffer d. time series analysis and its applications with r examples (2ed., springer 2006)(isbn 0387293175)(588s)_gl_.pdf","shared","resources/source-material/shared/Shumway R., Stoffer D. Time Series Analysis and its Applications with R Examples (2ed., Springer 2006)(ISBN 0387293175)(588s)_GL_.pdf","Shumway R., Stoffer D. Time Series Analysis and its Applications with R Examples (2ed., Springer 2006)(ISBN 0387293175)(588s)_GL_.pdf","Shumway R., Stoffer D. Time Series Analysis and its Applications with R Examples (2ed., Springer 2006)(ISBN 0387293175)(588s)_GL_.pdf",".pdf","5477110","79A1EE9B3D5B24591C57D4265533DD841ECD30FE469676A6FBAF9843DF0FA24A","2026-06-17T21:41:38Z"
"SHARED","silber - when washington shut down wall street_  the great financial crisis of 1914 and the origins of america_s monetary supremacy (2007).epub","shared","resources/source-material/shared/Silber - When Washington Shut Down Wall Street_  The Great Financial Crisis of 1914 and the Origins of America_s Monetary Supremacy (2007).epub","Silber - When Washington Shut Down Wall Street_  The Great Financial Crisis of 1914 and the Origins of America_s Monetary Supremacy (2007).epub","Silber - When Washington Shut Down Wall Street_  The Great Financial Crisis of 1914 and the Origins of America_s Monetary Supremacy (2007).epub",".epub","4703065","3C31ABB3875CB6E0E81B9413862F6D9C6D38C57256213E70B31F4D4280B9D427","2026-06-17T21:41:38Z"
"SHARED","sim - the end of modernity_ what the financial and environmental crisis is really telling us (2010).pdf","shared","resources/source-material/shared/Sim - The End of Modernity_ What the Financial and Environmental Crisis Is Really Telling Us (2010).pdf","Sim - The End of Modernity_ What the Financial and Environmental Crisis Is Really Telling Us (2010).pdf","Sim - The End of Modernity_ What the Financial and Environmental Crisis Is Really Telling Us (2010).pdf",".pdf","1256005","D18A77FFB350AD3024A2CA6E30EB73D081124466F155C8FB9A20178142FB89E4","2026-06-17T21:41:38Z"
"SHARED","simon blume mathematics for economists.pdf","shared","resources/source-material/shared/Simon Blume Mathematics for Economists.pdf","Simon Blume Mathematics for Economists.pdf","Simon Blume Mathematics for Economists.pdf",".pdf","25897187","8CF89E80129083630E474813A4A2DEEF0E4D8E699EA5099A72163E63B36A93F3","2026-06-17T21:41:38Z"
"SHARED","singular stochastic differential equations - cherny a, englebert h.pdf","shared","resources/source-material/shared/Singular Stochastic Differential Equations - Cherny A, Englebert H.pdf","Singular Stochastic Differential Equations - Cherny A, Englebert H.pdf","Singular Stochastic Differential Equations - Cherny A, Englebert H.pdf",".pdf","1510310","A491AE30D96E4D09490D4040EF75F5979999CCF48BEF12444BBB5EB94B38E2B4","2026-06-17T21:41:38Z"
"SHARED","skidelsky & wigstrom (eds.) - the economic crisis and the state of economics (2010).pdf","shared","resources/source-material/shared/Skidelsky & Wigstrom (Eds.) - The Economic Crisis and the State of Economics (2010).pdf","Skidelsky & Wigstrom (Eds.) - The Economic Crisis and the State of Economics (2010).pdf","Skidelsky & Wigstrom (Eds.) - The Economic Crisis and the State of Economics (2010).pdf",".pdf","974095","1FB5A44738566CE4C2D77086DE2CD9D26C2E9247AFEDCEBFF076712A284221CB","2026-06-17T21:41:38Z"
"SHARED","sloan - don_t blame the shorts_ why short sellers are always blamed for market crashes and how history is repeating itself (2010).pdf","shared","resources/source-material/shared/Sloan - Don_t Blame the Shorts_ Why Short Sellers are Always Blamed for Market Crashes and How History is Repeating Itself (2010).pdf","Sloan - Don_t Blame the Shorts_ Why Short Sellers are Always Blamed for Market Crashes and How History is Repeating Itself (2010).pdf","Sloan - Don_t Blame the Shorts_ Why Short Sellers are Always Blamed for Market Crashes and How History is Repeating Itself (2010).pdf",".pdf","4329714","2D77C621A6CFDF882990E9E382EAF315C2540673FC4B6F66AB9D9133D8E92507","2026-06-17T21:41:38Z"
"SHARED","sloman j. economics (6ed., ph ft, 2006)(isbn 0273705121)(853s)_gg_.pdf","shared","resources/source-material/shared/Sloman J. Economics (6ed., PH FT, 2006)(ISBN 0273705121)(853s)_GG_.pdf","Sloman J. Economics (6ed., PH FT, 2006)(ISBN 0273705121)(853s)_GG_.pdf","Sloman J. Economics (6ed., PH FT, 2006)(ISBN 0273705121)(853s)_GG_.pdf",".pdf","13777948","4C6EF5EF139C4BA763FA8E5547D214B4274E48DA6C86ADEB318A196C828B4658","2026-06-17T21:41:38Z"
"SHARED","slp solutions manual.pdf","shared","resources/source-material/shared/SLP Solutions Manual.pdf","SLP Solutions Manual.pdf","SLP Solutions Manual.pdf",".pdf","1491220","142BD366DA7AEB29F188FF6A39B6EDEC090FFAF4A75425D810716BAA208BE6CC","2026-06-17T21:41:38Z"
"SHARED","smart strategies for small business.pdf","shared","resources/source-material/shared/smart strategies for small business.pdf","smart strategies for small business.pdf","smart strategies for small business.pdf",".pdf","272731","7BAD54EC15F052FBA92648513A16D14D77273C3578AFFE44B73F12E4502FE544","2026-06-17T21:41:38Z"
"SHARED","smith - nothing but money_ how the mob infiltrated wall street (2009).epub","shared","resources/source-material/shared/Smith - Nothing But Money_ How the Mob Infiltrated Wall Street (2009).epub","Smith - Nothing But Money_ How the Mob Infiltrated Wall Street (2009).epub","Smith - Nothing But Money_ How the Mob Infiltrated Wall Street (2009).epub",".epub","1352676","97DCBAAC2A1C41369886E532861B1B857C41D98DE5FD3CC92D01D95BD0A7A91A","2026-06-17T21:41:38Z"
"SHARED","snider & howard - money makers_ inside the new world of finance and business (2010).pdf","shared","resources/source-material/shared/Snider & Howard - Money Makers_ Inside the New World of Finance and Business (2010).pdf","Snider & Howard - Money Makers_ Inside the New World of Finance and Business (2010).pdf","Snider & Howard - Money Makers_ Inside the New World of Finance and Business (2010).pdf",".pdf","913982","08534925EFF42CB6CC7BD3640661FF216356496210F94A8368AB041EF75816A2","2026-06-17T21:41:38Z"
"SHARED","snowdon b., vane h.r. modern macroeconomics (elgar, 2005)(isbn 184376394x)(827s)_gk_.pdf","shared","resources/source-material/shared/Snowdon B., Vane H.R. Modern macroeconomics (Elgar, 2005)(ISBN 184376394X)(827s)_GK_.pdf","Snowdon B., Vane H.R. Modern macroeconomics (Elgar, 2005)(ISBN 184376394X)(827s)_GK_.pdf","Snowdon B., Vane H.R. Modern macroeconomics (Elgar, 2005)(ISBN 184376394X)(827s)_GK_.pdf",".pdf","3389373","94AD95A46F3D8DE549ABB161BBA8F44354964584FAE0DAF361DA475D4675CC65","2026-06-17T21:41:38Z"
"SHARED","soederberg - the politics of the new international financial architecture (2004).pdf","shared","resources/source-material/shared/Soederberg - The Politics of the New International Financial Architecture (2004).pdf","Soederberg - The Politics of the New International Financial Architecture (2004).pdf","Soederberg - The Politics of the New International Financial Architecture (2004).pdf",".pdf","6773871","C35C6578C618D838A974AACA43FFF875FA4A312E1AEA2EABD1D07EF1FF8CB825","2026-06-17T21:41:38Z"
"SHARED","soederlind p. lecture notes for econometrics (ln, stockholm, 2002)(l)(86s)_gl_.pdf","shared","resources/source-material/shared/Soederlind P. Lecture Notes for Econometrics (LN, Stockholm, 2002)(L)(86s)_GL_.pdf","Soederlind P. Lecture Notes for Econometrics (LN, Stockholm, 2002)(L)(86s)_GL_.pdf","Soederlind P. Lecture Notes for Econometrics (LN, Stockholm, 2002)(L)(86s)_GL_.pdf",".pdf","741398","CDD52233EB85F7ADADB1C9FBDEB2D23BBAA1DC9853B00975E7096A0964AE3E30","2026-06-17T21:41:38Z"
"SHARED","soll - the reckoning_ financial accountability and the rise and fall of nations (2014).epub","shared","resources/source-material/shared/Soll - The Reckoning_ Financial Accountability and the Rise and Fall of Nations (2014).epub","Soll - The Reckoning_ Financial Accountability and the Rise and Fall of Nations (2014).epub","Soll - The Reckoning_ Financial Accountability and the Rise and Fall of Nations (2014).epub",".epub","4381243","D1D526EA7A19A63E2E36816D7149EFB82715F5483D93975C74EA0B2C6941D584","2026-06-17T21:41:38Z"
"SHARED","solomon r. money on the move.. the revolution in international finance since 1980 (pup, 1999)(isbn 0691004447)(o)(224s)_gh_.pdf","shared","resources/source-material/shared/Solomon R. Money on the move.. The revolution in international finance since 1980 (PUP, 1999)(ISBN 0691004447)(O)(224s)_GH_.pdf","Solomon R. Money on the move.. The revolution in international finance since 1980 (PUP, 1999)(ISBN 0691004447)(O)(224s)_GH_.pdf","Solomon R. Money on the move.. The revolution in international finance since 1980 (PUP, 1999)(ISBN 0691004447)(O)(224s)_GH_.pdf",".pdf","829761","F597E3402FD9711FCE2348345CC6FF99B1F41791849B966A44384F2B2C381DEB","2026-06-17T21:41:38Z"
"SHARED","solow r.m. work and welfare (pup, 1998)(isbn 0691058830)(o)(120s)_gpop_.pdf","shared","resources/source-material/shared/Solow R.M. Work and welfare (PUP, 1998)(ISBN 0691058830)(O)(120s)_GPop_.pdf","Solow R.M. Work and welfare (PUP, 1998)(ISBN 0691058830)(O)(120s)_GPop_.pdf","Solow R.M. Work and welfare (PUP, 1998)(ISBN 0691058830)(O)(120s)_GPop_.pdf",".pdf","426779","9B47EF7BC2F75FD8E02DE8E2FDC947C8C1D5DF19464265C9427D6859764AB680","2026-06-17T21:41:38Z"
"SHARED","solow sustainability journal.pdf","shared","resources/source-material/shared/Solow Sustainability Journal.pdf","Solow Sustainability Journal.pdf","Solow Sustainability Journal.pdf",".pdf","1004208","BCD4CC5B302920B99BAB6FAECA1F761516D76BFF851E36DC782403C047C9A877","2026-06-17T21:41:38Z"
"SHARED","sowell - economic facts and fallacies (2008).pdf","shared","resources/source-material/shared/Sowell - Economic Facts and Fallacies (2008).pdf","Sowell - Economic Facts and Fallacies (2008).pdf","Sowell - Economic Facts and Fallacies (2008).pdf",".pdf","4014187","65BF8AFF2164C8841D2E50EDE1557AC77C74DBEBF284C27A548A64CE0E1F0F5D","2026-06-17T21:41:38Z"
"SHARED","sowell t. applied economics (basic books, 2008)(isbn 0465003451)(o)(348s)_gpop_.pdf","shared","resources/source-material/shared/Sowell T. Applied Economics (Basic Books, 2008)(ISBN 0465003451)(O)(348s)_GPop_.pdf","Sowell T. Applied Economics (Basic Books, 2008)(ISBN 0465003451)(O)(348s)_GPop_.pdf","Sowell T. Applied Economics (Basic Books, 2008)(ISBN 0465003451)(O)(348s)_GPop_.pdf",".pdf","1025661","B562D0356BC45BB4E593C074FC854D76520C1229A8B2423F7051553FD22FC983","2026-06-17T21:41:38Z"
"SHARED","sowell t. basic economics (rev. ed., basic books, 2004)(isbn 0465081452)(310s)_gpop_.pdf","shared","resources/source-material/shared/Sowell T. Basic economics (Rev. Ed., Basic Books, 2004)(ISBN 0465081452)(310s)_GPop_.pdf","Sowell T. Basic economics (Rev. Ed., Basic Books, 2004)(ISBN 0465081452)(310s)_GPop_.pdf","Sowell T. Basic economics (Rev. Ed., Basic Books, 2004)(ISBN 0465081452)(310s)_GPop_.pdf",".pdf","1020895","9958F1E6EC6BA1C83EFBEAA31D11B163CA7BF88648F07695C1C54AFBBC30A02A","2026-06-17T21:41:38Z"
"SHARED","sowell.affirmative action around the world an empirical study  2004.pdf","shared","resources/source-material/shared/Sowell.Affirmative Action Around the World An Empirical Study  2004.pdf","Sowell.Affirmative Action Around the World An Empirical Study  2004.pdf","Sowell.Affirmative Action Around the World An Empirical Study  2004.pdf",".pdf","971883","782A6D52CEB440644EB8BA9177252C677A0ADDFC759FCC7468C6EED27077B4BA","2026-06-17T21:41:38Z"
"SHARED","sowell.applied economics thinking beyond stage one  2008.pdf","shared","resources/source-material/shared/Sowell.Applied Economics Thinking Beyond Stage One  2008.pdf","Sowell.Applied Economics Thinking Beyond Stage One  2008.pdf","Sowell.Applied Economics Thinking Beyond Stage One  2008.pdf",".pdf","1079025","DD240F309F18933E2BF33DA78C686A03DAA830176E1473D56AD864531930D938","2026-06-17T21:41:39Z"
"SHARED","sowell.basic economics  a citizens guide to the economy  2004.epub","shared","resources/source-material/shared/Sowell.Basic economics  a citizens guide to the economy  2004.epub","Sowell.Basic economics  a citizens guide to the economy  2004.epub","Sowell.Basic economics  a citizens guide to the economy  2004.epub",".epub","477526","348412CBD16E376C501BE4A957CCA9A6E5E2E5E177C1E1696C0AC18BCD54B499","2026-06-17T21:41:39Z"
"SHARED","sowell.basic economics 2nd ed_ a citizen_s guide to the economy, revised and expanded edition-basic books (2003).pdf","shared","resources/source-material/shared/Sowell.Basic Economics 2nd Ed_ A Citizen_s Guide to the Economy, Revised and Expanded Edition-Basic Books (2003).pdf","Sowell.Basic Economics 2nd Ed_ A Citizen_s Guide to the Economy, Revised and Expanded Edition-Basic Books (2003).pdf","Sowell.Basic Economics 2nd Ed_ A Citizen_s Guide to the Economy, Revised and Expanded Edition-Basic Books (2003).pdf",".pdf","1063966","724B1D73A355AC8F0F1DF88A4C09F9168A9A42FC1C6B1F92D4F59AD2590CE701","2026-06-17T21:41:39Z"
"SHARED","sowell.dismantling america- and other controversial essays  2010.pdf","shared","resources/source-material/shared/Sowell.Dismantling America- and other controversial essays  2010.pdf","Sowell.Dismantling America- and other controversial essays  2010.pdf","Sowell.Dismantling America- and other controversial essays  2010.pdf",".pdf","681324","18455010AE53CFE43FF2A4A34A1B54385AC78A4A6C035C9D53D2AB7A555E7CCD","2026-06-17T21:41:39Z"
"SHARED","sowell.economic facts and fallacies  2008.djvu","shared","resources/source-material/shared/Sowell.Economic facts and fallacies  2008.djvu","Sowell.Economic facts and fallacies  2008.djvu","Sowell.Economic facts and fallacies  2008.djvu",".djvu","1959451","5A3D4DE997CA3D07445D89450232626CB0F8C231BC1654F01941D9AEC2E077E6","2026-06-17T21:41:39Z"
"SHARED","sowell.intellectuals and society  2010.epub","shared","resources/source-material/shared/Sowell.Intellectuals and Society  2010.epub","Sowell.Intellectuals and Society  2010.epub","Sowell.Intellectuals and Society  2010.epub",".epub","420635","4FF670E5A270B9CFA3712E0D5A6A07845821E7F4DE03094B437E82764B6B7801","2026-06-17T21:41:39Z"
"SHARED","sowell.the housing boom and bust revised edition    2010.epub","shared","resources/source-material/shared/Sowell.The Housing Boom and Bust Revised Edition    2010.epub","Sowell.The Housing Boom and Bust Revised Edition    2010.epub","Sowell.The Housing Boom and Bust Revised Edition    2010.epub",".epub","298952","1D53526832BBC67F27DEF7CA7A3954D5713FCD39A294D48E16D65EBC0AF78FDF","2026-06-17T21:41:39Z"
"SHARED","sowell.the sowell.reader  2011.epub","shared","resources/source-material/shared/Sowell.The Sowell.Reader  2011.epub","Sowell.The Sowell.Reader  2011.epub","Sowell.The Sowell.Reader  2011.epub",".epub","570411","24FEEBC89F252D8962426BBD46A3CAB377ED6710DF3BC15DEEBD3A5FA1C5972F","2026-06-17T21:41:39Z"
"SHARED","spatial regression analysis in r workbook.pdf","shared","resources/source-material/shared/Spatial Regression Analysis in R Workbook.pdf","Spatial Regression Analysis in R Workbook.pdf","Spatial Regression Analysis in R Workbook.pdf",".pdf","464605","D374DFF8E28A9636CEDCE4B356086B42A76F687F5971E9DBE07D7AB872B43660","2026-06-17T21:41:39Z"
"SHARED","specification and estimation of simultaneous equation models.pdf","shared","resources/source-material/shared/Specification and Estimation of Simultaneous Equation Models.PDF","Specification and Estimation of Simultaneous Equation Models.PDF","Specification and Estimation of Simultaneous Equation Models.PDF",".pdf","3758636","C5D69BBEF18E87550B2DCEB9C5ED168F1A5C7E6870B0A6D7CE188553E1101CD3","2026-06-17T21:41:39Z"
"SHARED","spiegel - real variables (lebesgue and measure theory) (schaum-_s outline 1990).pdf","shared","resources/source-material/shared/spiegel - real variables (lebesgue and measure theory) (schaum-_s outline 1990).pdf","spiegel - real variables (lebesgue and measure theory) (schaum-_s outline 1990).pdf","spiegel - real variables (lebesgue and measure theory) (schaum-_s outline 1990).pdf",".pdf","8872294","D7FAD6E1D3C4D4932D6D26C81344977604CC922FE350F5CE8542856238395144","2026-06-17T21:41:39Z"
"SHARED","spiegel m., stephens l. - schaum_s outlines - theory and problems of statistics (3rd ed.).djvu","shared","resources/source-material/shared/Spiegel M., Stephens L. - Schaum_s Outlines - Theory and Problems of Statistics (3rd ed.).djvu","Spiegel M., Stephens L. - Schaum_s Outlines - Theory and Problems of Statistics (3rd ed.).djvu","Spiegel M., Stephens L. - Schaum_s Outlines - Theory and Problems of Statistics (3rd ed.).djvu",".djvu","5967845","85902FCE5FDAECF0D6F02EB06AE25A5491807812C7DC3D18518C670B944EEB22","2026-06-17T21:41:39Z"
"SHARED","spinello, bottis.a defense of intellectual property rights  (2009).pdf","shared","resources/source-material/shared/Spinello, Bottis.A Defense of Intellectual Property Rights  (2009).pdf","Spinello, Bottis.A Defense of Intellectual Property Rights  (2009).pdf","Spinello, Bottis.A Defense of Intellectual Property Rights  (2009).pdf",".pdf","3049914","18E27010AD0E3613AF1B2CC222AA7F71C9B9198F639B3860C75AF2DD0DC74697","2026-06-17T21:41:39Z"
"SHARED","spitzer - government_s place in the market (2011).pdf","shared","resources/source-material/shared/Spitzer - Government_s Place in the Market (2011).pdf","Spitzer - Government_s Place in the Market (2011).pdf","Spitzer - Government_s Place in the Market (2011).pdf",".pdf","1079379","DB6249E72E7A0B7960808C4C17F02D42747D8AB3CD2148D7181AE8D1656626AA","2026-06-17T21:41:39Z"
"SHARED","spreadsheet modeling in corporate finance.pdf","shared","resources/source-material/shared/Spreadsheet Modeling in Corporate Finance.pdf","Spreadsheet Modeling in Corporate Finance.pdf","Spreadsheet Modeling in Corporate Finance.pdf",".pdf","1555176","CAEAA70648E3A7C8E355F34E37979672F1D5AAC2C2440D2F9CDD222AEBDCDADF","2026-06-17T21:41:39Z"
"SHARED","spreadsheet modelling & data analysi.pdf","shared","resources/source-material/shared/Spreadsheet Modelling & Data Analysi.pdf","Spreadsheet Modelling & Data Analysi.pdf","Spreadsheet Modelling & Data Analysi.pdf",".pdf","40177927","D4789A544C659AA27A4F75430B9B7407AF0F6F0F3092697C42518FA072F5E5D3","2026-06-17T21:41:39Z"
"SHARED","springer verlag - 2002 - j.d. murray - mathematical biology. an introduction - third edition - isbn 0387952233 - 576s - een.pdf","shared","resources/source-material/shared/Springer Verlag - 2002 - J.D. Murray - Mathematical Biology. An Introduction - Third Edition - ISBN 0387952233 - 576s - EEn.pdf","Springer Verlag - 2002 - J.D. Murray - Mathematical Biology. An Introduction - Third Edition - ISBN 0387952233 - 576s - EEn.pdf","Springer Verlag - 2002 - J.D. Murray - Mathematical Biology. An Introduction - Third Edition - ISBN 0387952233 - 576s - EEn.pdf",".pdf","40744613","D5B0C3D2145309B4C7F911694119500AA6BEE623902E58BC14DB4784925A0A9A","2026-06-17T21:41:39Z"
"SHARED","stability with growth macroeconomics, liberalization and development.pdf","shared","resources/source-material/shared/Stability with Growth Macroeconomics, Liberalization and Development.pdf","Stability with Growth Macroeconomics, Liberalization and Development.pdf","Stability with Growth Macroeconomics, Liberalization and Development.pdf",".pdf","2780396","A45013D5B570F6A9158D69FC450E34D9DB0D7F1F143FB5FB94B83CD3711D7E69","2026-06-17T21:41:39Z"
"SHARED","state-space models.pdf","shared","resources/source-material/shared/State-Space Models.PDF","State-Space Models.PDF","State-Space Models.PDF",".pdf","2062419","8421CA08E703F4421DF144BE4B18067A5C1A14B198E96F6B227D56ECAA442F9E","2026-06-17T21:41:39Z"
"SHARED","statistical foundations of spatial econometrics (springer  2006.pdf","shared","resources/source-material/shared/Statistical foundations of spatial Econometrics (Springer  2006.pdf","Statistical foundations of spatial Econometrics (Springer  2006.pdf","Statistical foundations of spatial Econometrics (Springer  2006.pdf",".pdf","4235706","27F93B575D69F4E384B3DEB01DA7A8DCB36FD2F79227C70DAACC02F36992D5F4","2026-06-17T21:41:39Z"
"SHARED","statistical size distributions in economics & actuarial sciences (2003).pdf","shared","resources/source-material/shared/Statistical Size Distributions in Economics & Actuarial Sciences (2003).pdf","Statistical Size Distributions in Economics & Actuarial Sciences (2003).pdf","Statistical Size Distributions in Economics & Actuarial Sciences (2003).pdf",".pdf","1685178","2A03F034F0FE2E1E68A4EA26E7C24F30541F01144208F1C6618D351565BD91CC","2026-06-17T21:41:39Z"
"SHARED","statistical theory and econometrics.pdf","shared","resources/source-material/shared/Statistical Theory and Econometrics.PDF","Statistical Theory and Econometrics.PDF","Statistical Theory and Econometrics.PDF",".pdf","7099402","58F424B5C7E9D058EA7E17FF8777678D62CB8852BEB06D5464F059C58237725D","2026-06-17T21:41:39Z"
"SHARED","statistics for business and economics 11th ed (intro txt) - d. anderson, et al., (cengage, 2011) bbs.pdf","shared","resources/source-material/shared/Statistics for Business and Economics 11th ed (intro txt) - D. Anderson, et al., (Cengage, 2011) BBS.pdf","Statistics for Business and Economics 11th ed (intro txt) - D. Anderson, et al., (Cengage, 2011) BBS.pdf","Statistics for Business and Economics 11th ed (intro txt) - D. Anderson, et al., (Cengage, 2011) BBS.pdf",".pdf","10055330","5592D21D55A6D99069785E87682DD93321A6CDB2033EB6785EE99C17AA9E7D70","2026-06-17T21:41:39Z"
"SHARED","statistics for economics barrow 4th ed..pdf","shared","resources/source-material/shared/Statistics for Economics Barrow 4th Ed..pdf","Statistics for Economics Barrow 4th Ed..pdf","Statistics for Economics Barrow 4th Ed..pdf",".pdf","21918712","3A17D430038A4950AB8921B906FECAF114BCFC61909AE6728BF32DCD94189479","2026-06-17T21:41:39Z"
"SHARED","statistics i & ii for dummies.epub","shared","resources/source-material/shared/Statistics I & II For Dummies.epub","Statistics I & II For Dummies.epub","Statistics I & II For Dummies.epub",".epub","16125598","81A8073CC703DF6A350E4A625871E3E1A368177C5976D65139B97EB0194CD768","2026-06-17T21:41:39Z"
"SHARED","statistics in the social and behavio.pdf","shared","resources/source-material/shared/Statistics in the Social and Behavio.pdf","Statistics in the Social and Behavio.pdf","Statistics in the Social and Behavio.pdf",".pdf","4612726","FC349DCCA2043793A941DE23C203AD290E2A8843351709D1962DBEAB136C98A1","2026-06-17T21:41:39Z"
"SHARED","stats for economics questions and answers.pdf","shared","resources/source-material/shared/STATS for Economics questions and answers.pdf","STATS for Economics questions and answers.pdf","STATS for Economics questions and answers.pdf",".pdf","638376","44415A83A36C9A03F1A0A17F7DDC5AB8AFF2B772F26FFE32865874F1F24F33B1","2026-06-17T21:41:40Z"
"SHARED","stats for economics.pdf","shared","resources/source-material/shared/Stats for Economics.pdf","Stats for Economics.pdf","Stats for Economics.pdf",".pdf","1092561","1C8EB9AA40838BF76A85C8325CCDF5B3106631732BE8BD1A9A1C7608E1395C21","2026-06-17T21:41:40Z"
"SHARED","statsforeco.pdf","shared","resources/source-material/shared/StatsForEco.pdf","StatsForEco.pdf","StatsForEco.pdf",".pdf","20577379","A5849B0A8081B2890B09BC6D402693E4673A18A1982D1E27BC676EA556774614","2026-06-17T21:41:40Z"
"SHARED","stein j.l., allen p.r. fundamental determinants of exchange rates (oup, 1995)(isbn 0198287992)(o)(273s)_gi_.pdf","shared","resources/source-material/shared/Stein J.L., Allen P.R. Fundamental determinants of exchange rates (OUP, 1995)(ISBN 0198287992)(O)(273s)_GI_.pdf","Stein J.L., Allen P.R. Fundamental determinants of exchange rates (OUP, 1995)(ISBN 0198287992)(O)(273s)_GI_.pdf","Stein J.L., Allen P.R. Fundamental determinants of exchange rates (OUP, 1995)(ISBN 0198287992)(O)(273s)_GI_.pdf",".pdf","2875492","7E00F57DD75C79F2CA61DACC117DC0CA40E9243BAAE0BE342EE2D5D42F75D704","2026-06-17T21:41:40Z"
"SHARED","stiglitz - freefall_ america, free markets, and the sinking of the world economy (2010).pdf","shared","resources/source-material/shared/Stiglitz - Freefall_ America, Free Markets, and the Sinking of the World Economy (2010).pdf","Stiglitz - Freefall_ America, Free Markets, and the Sinking of the World Economy (2010).pdf","Stiglitz - Freefall_ America, Free Markets, and the Sinking of the World Economy (2010).pdf",".pdf","1588688","9EAC4DC84771216E3F7C4D8F0167625C668FDA44BE5D3398880F3BD15D910252","2026-06-17T21:41:40Z"
"SHARED","stiglitz - the stiglitz report_ reforming the international monetary and financial systems in the wake of the global crisis (2010).pdf","shared","resources/source-material/shared/Stiglitz - The Stiglitz Report_ Reforming the International Monetary and Financial Systems in the Wake of the Global Crisis (2010).pdf","Stiglitz - The Stiglitz Report_ Reforming the International Monetary and Financial Systems in the Wake of the Global Crisis (2010).pdf","Stiglitz - The Stiglitz Report_ Reforming the International Monetary and Financial Systems in the Wake of the Global Crisis (2010).pdf",".pdf","2972902","6719D49A2B064189B9CB7BCF4B48BD89D866618D56F624A4AA89CBAA649268C7","2026-06-17T21:41:40Z"
"SHARED","stiglitz, walsh.economics  2006.pdf","shared","resources/source-material/shared/Stiglitz, Walsh.Economics  2006.pdf","Stiglitz, Walsh.Economics  2006.pdf","Stiglitz, Walsh.Economics  2006.pdf",".pdf","13371048","4986B8AA378D8D8A724B9B45906916C93A5E3CC732753CC574AAD0FB203E3D8E","2026-06-17T21:41:40Z"
"SHARED","stiglitz.freefall_ america, free markets, and the sinking of the world economy (2010).pdf","shared","resources/source-material/shared/Stiglitz.Freefall_ America, Free Markets, and the Sinking of the World Economy (2010).pdf","Stiglitz.Freefall_ America, Free Markets, and the Sinking of the World Economy (2010).pdf","Stiglitz.Freefall_ America, Free Markets, and the Sinking of the World Economy (2010).pdf",".pdf","1588688","9EAC4DC84771216E3F7C4D8F0167625C668FDA44BE5D3398880F3BD15D910252","2026-06-17T21:41:40Z"
"SHARED","stiglitz.globalization_and_its_discont.pdf","shared","resources/source-material/shared/Stiglitz.Globalization_and_its_discont.pdf","Stiglitz.Globalization_and_its_discont.pdf","Stiglitz.Globalization_and_its_discont.pdf",".pdf","16510800","8FA9C40D7C73842B32D12A2FBF0B24351FC5DD1A4A382D20D82A7F56E1855AE3","2026-06-17T21:41:40Z"
"SHARED","stiglitz.yusuf.rethinking the east asian miracle.pdf","shared","resources/source-material/shared/Stiglitz.Yusuf.Rethinking the east asian miracle.pdf","Stiglitz.Yusuf.Rethinking the east asian miracle.pdf","Stiglitz.Yusuf.Rethinking the east asian miracle.pdf",".pdf","2230082","3455994D6C4AD1C21997F00B25074BA6366D7D5D642982081217C9C02EEAB895","2026-06-17T21:41:40Z"
"SHARED","stochastic approximation and its application - han-fu chen.pdf","shared","resources/source-material/shared/Stochastic Approximation And Its Application - Han-Fu Chen.pdf","Stochastic Approximation And Its Application - Han-Fu Chen.pdf","Stochastic Approximation And Its Application - Han-Fu Chen.pdf",".pdf","6651035","3F8C78021EA243A7B5DD37742441A7A51F6AD951DA52FC39119602730FBBDBAF","2026-06-17T21:41:40Z"
"SHARED","stochastic calculus and finance - steven shreve.pdf","shared","resources/source-material/shared/Stochastic Calculus and Finance - Steven Shreve.pdf","Stochastic Calculus and Finance - Steven Shreve.pdf","Stochastic Calculus and Finance - Steven Shreve.pdf",".pdf","1251636","0557B993D0FF257B59B86FC883185A7D7F7575FB6A1704431F307EA79ED5ECF8","2026-06-17T21:41:40Z"
"SHARED","stochastic differential equations an introduction with applications 5th ed - oksendal b.pdf","shared","resources/source-material/shared/Stochastic Differential Equations An Introduction with Applications 5th ed - Oksendal B.pdf","Stochastic Differential Equations An Introduction with Applications 5th ed - Oksendal B.pdf","Stochastic Differential Equations An Introduction with Applications 5th ed - Oksendal B.pdf",".pdf","1439654","D6406DE3242A906BAD25588ECECEC1CEB3C675B7FB654C0854B2BB404225C5E4","2026-06-17T21:41:40Z"
"SHARED","stochastic differential equations and applications vol 1 - friedman a.pdf","shared","resources/source-material/shared/Stochastic Differential Equations And Applications Vol 1 - Friedman A.pdf","Stochastic Differential Equations And Applications Vol 1 - Friedman A.pdf","Stochastic Differential Equations And Applications Vol 1 - Friedman A.pdf",".pdf","7456938","E4B96C25CD8204DAD0CB8F8DD0FF2F97F3705033CBA6262FA22128FC2F226700","2026-06-17T21:41:40Z"
"SHARED","stochastic differential equations and applications vol 2 - friedman a.pdf","shared","resources/source-material/shared/Stochastic Differential Equations And Applications Vol 2 - Friedman A.pdf","Stochastic Differential Equations And Applications Vol 2 - Friedman A.pdf","Stochastic Differential Equations And Applications Vol 2 - Friedman A.pdf",".pdf","10149741","65565943DAAA50CFE8DD2FD797F1FE2AE7BB804D96C0B465103EDCFAD12D72D0","2026-06-17T21:41:40Z"
"SHARED","stochastic dynamics - crauel h , m.gundlach.pdf","shared","resources/source-material/shared/Stochastic Dynamics - Crauel H , M.Gundlach.pdf","Stochastic Dynamics - Crauel H , M.Gundlach.pdf","Stochastic Dynamics - Crauel H , M.Gundlach.pdf",".pdf","9217180","3EE76047D40D2EEF568568F5BC33CEC72FBDA5093A7A14384D27C6A364557E62","2026-06-17T21:41:40Z"
"SHARED","stochastic integration and differential equations 2ed - protter.pdf","shared","resources/source-material/shared/Stochastic Integration and Differential Equations 2ed - Protter.pdf","Stochastic Integration and Differential Equations 2ed - Protter.pdf","Stochastic Integration and Differential Equations 2ed - Protter.pdf",".pdf","19446104","C4727261302D605574464FB9A2348B72D2380017B1E427DFAC0BAB9C42EB3DF3","2026-06-17T21:41:40Z"
"SHARED","stochastic integration with jumps - klaus bichteler.pdf","shared","resources/source-material/shared/Stochastic Integration with Jumps - Klaus Bichteler.pdf","Stochastic Integration with Jumps - Klaus Bichteler.pdf","Stochastic Integration with Jumps - Klaus Bichteler.pdf",".pdf","4061950","8C988C2A26F3A285B3F00BC6FE61D7076105D0A2D901E25EB0B3CAAF3F4FF465","2026-06-17T21:41:40Z"
"SHARED","stochastic methods for physics using java an introduction - petruccione  p. biechele.pdf","shared","resources/source-material/shared/Stochastic Methods For Physics Using Java An introduction - PETRUCCIONE  P. BIECHELE.pdf","Stochastic Methods For Physics Using Java An introduction - PETRUCCIONE  P. BIECHELE.pdf","Stochastic Methods For Physics Using Java An introduction - PETRUCCIONE  P. BIECHELE.pdf",".pdf","3753384","7C36F6319E574C68214C7B6D2BFA99D09B30572DE6401C6325EFD4F6306F191B","2026-06-17T21:41:40Z"
"SHARED","stochastic methods in economics and finance - malliaris a.g..pdf","shared","resources/source-material/shared/Stochastic methods in economics and finance - Malliaris A.G..pdf","Stochastic methods in economics and finance - Malliaris A.G..pdf","Stochastic methods in economics and finance - Malliaris A.G..pdf",".pdf","61897151","E72877996AA8B9E391356CABD6A977A9BA89F733858CB03B13770591FD5E4FB3","2026-06-17T21:41:40Z"
"SHARED","stochastic methods in finance - m. morel, cachan.pdf","shared","resources/source-material/shared/Stochastic Methods In Finance - M. Morel, Cachan.pdf","Stochastic Methods In Finance - M. Morel, Cachan.pdf","Stochastic Methods In Finance - M. Morel, Cachan.pdf",".pdf","3026946","692D22E8995334E4B4B0E7A46D90FC4F1D546E250D4CDF1D03CAFFEF21820827","2026-06-17T21:41:40Z"
"SHARED","stochastic modeling in economics and finance - jan hurt.pdf","shared","resources/source-material/shared/Stochastic Modeling in Economics and Finance - Jan Hurt.pdf","Stochastic Modeling in Economics and Finance - Jan Hurt.pdf","Stochastic Modeling in Economics and Finance - Jan Hurt.pdf",".pdf","10331946","AD143E514E98A8EFA8FBC1F62BF0C8181E8E8DA56844BF7DE3E9E0FDB97F3231","2026-06-17T21:41:40Z"
"SHARED","stochastic modeling of manufacturing systems advances in design, performance evaluation, and control issues - g. liberopoulos.pdf","shared","resources/source-material/shared/Stochastic Modeling of Manufacturing Systems Advances in Design, Performance Evaluation, and Control Issues - G. Liberopoulos.pdf","Stochastic Modeling of Manufacturing Systems Advances in Design, Performance Evaluation, and Control Issues - G. Liberopoulos.pdf","Stochastic Modeling of Manufacturing Systems Advances in Design, Performance Evaluation, and Control Issues - G. Liberopoulos.pdf",".pdf","7777738","F35A7D3DEE1A4F9A890F1AF1D53F5F03E316C68DB79CB8E0E6292E49637CC8CE","2026-06-17T21:41:41Z"
"SHARED","stochastic optimal control the discrete time case - dimitri p. bertsekas.pdf","shared","resources/source-material/shared/Stochastic Optimal Control The Discrete Time Case - Dimitri P. Bertsekas.pdf","Stochastic Optimal Control The Discrete Time Case - Dimitri P. Bertsekas.pdf","Stochastic Optimal Control The Discrete Time Case - Dimitri P. Bertsekas.pdf",".pdf","21375667","15179DFE76658E5613F5112CC5D372BE12DA7ECCFB0ADBE0762B91692D402E2C","2026-06-17T21:41:41Z"
"SHARED","stochastic partial differential equations and applications - math da prato g , tubaro l.pdf","shared","resources/source-material/shared/Stochastic Partial Differential Equations And Applications - Math Da Prato G , Tubaro L.pdf","Stochastic Partial Differential Equations And Applications - Math Da Prato G , Tubaro L.pdf","Stochastic Partial Differential Equations And Applications - Math Da Prato G , Tubaro L.pdf",".pdf","23371815","356E484D4EE693D051E086D2345A85C19CD467829DB379FA212579244E29094A","2026-06-17T21:41:41Z"
"SHARED","stochastic petri nets. modelling, stability, simulation - haas p..pdf","shared","resources/source-material/shared/Stochastic Petri nets. Modelling, stability, simulation - Haas P..pdf","Stochastic Petri nets. Modelling, stability, simulation - Haas P..pdf","Stochastic Petri nets. Modelling, stability, simulation - Haas P..pdf",".pdf","3549208","18DA2B4C685111A5D26A77106DABB10CBB331DA14B30591AB4925E4539B91D2C","2026-06-17T21:41:41Z"
"SHARED","stochastic problems in physics and astronomy - chandrasekhar.pdf","shared","resources/source-material/shared/Stochastic Problems In Physics And Astronomy - Chandrasekhar.pdf","Stochastic Problems In Physics And Astronomy - Chandrasekhar.pdf","Stochastic Problems In Physics And Astronomy - Chandrasekhar.pdf",".pdf","9996578","A5D94F9D3A911E12D19FE9CA3B30539573A085BCD8B809286AF35301388C154B","2026-06-17T21:41:41Z"
"SHARED","stochastic process limits - ward whitt.pdf","shared","resources/source-material/shared/Stochastic Process Limits - Ward Whitt.pdf","Stochastic Process Limits - Ward Whitt.pdf","Stochastic Process Limits - Ward Whitt.pdf",".pdf","7534749","C8E0254FF12260BE9B24F2386430CACCEA9093B3DB808A84E48E10A40AA6654D","2026-06-17T21:41:41Z"
"SHARED","stochastic processes and stochastic integration - marcus pivato.pdf","shared","resources/source-material/shared/Stochastic Processes and Stochastic Integration - Marcus Pivato.pdf","Stochastic Processes and Stochastic Integration - Marcus Pivato.pdf","Stochastic Processes and Stochastic Integration - Marcus Pivato.pdf",".pdf","1362884","BAD7A1944D07D417D16F5B8D9A5E0F0F1926D1B0F038991562C23F626F5C3DC6","2026-06-17T21:41:41Z"
"SHARED","stochastic processes in physics, chemistry and biology - jane a freund.pdf","shared","resources/source-material/shared/Stochastic Processes In Physics, Chemistry And Biology - Jane A freund.pdf","Stochastic Processes In Physics, Chemistry And Biology - Jane A freund.pdf","Stochastic Processes In Physics, Chemistry And Biology - Jane A freund.pdf",".pdf","26721167","ED1370C6D4B6388DE281A38DBE7A89407321471032B656078386B1AF8725E6F8","2026-06-17T21:41:41Z"
"SHARED","stock market wizards.pdf","shared","resources/source-material/shared/Stock Market Wizards.pdf","Stock Market Wizards.pdf","Stock Market Wizards.pdf",".pdf","4558078","69912E0F293256C9C0AB663A4E43A7F1C6B8F6E7E3538630E2197093CA3E2247","2026-06-17T21:41:41Z"
"SHARED","stoneman & schulz - brokerage fraud_ what wall street doesn’t want you to know (2002).pdf","shared","resources/source-material/shared/Stoneman & Schulz - Brokerage Fraud_ What Wall Street Doesn’t Want You to Know (2002).pdf","Stoneman & Schulz - Brokerage Fraud_ What Wall Street Doesn’t Want You to Know (2002).pdf","Stoneman & Schulz - Brokerage Fraud_ What Wall Street Doesn’t Want You to Know (2002).pdf",".pdf","889188","E0AA4C3DEF3BDE7FC6E336C6B7267AB6DE8E1E5E1384EB9845C653C0FEBC9A67","2026-06-17T21:41:41Z"
"SHARED","stowell - investment banks, hedge funds, and private equity, 2e (2013).pdf","shared","resources/source-material/shared/Stowell - Investment Banks, Hedge Funds, and Private Equity, 2e (2013).pdf","Stowell - Investment Banks, Hedge Funds, and Private Equity, 2e (2013).pdf","Stowell - Investment Banks, Hedge Funds, and Private Equity, 2e (2013).pdf",".pdf","12743652","C3A89C1561C18E469833458AD77BFAE1537E001125610119C741709AFE71E664","2026-06-17T21:41:41Z"
"SHARED","strang g. - linear algebra and its applications (en us).pdf","shared","resources/source-material/shared/Strang G. - Linear Algebra And Its Applications (En Us).pdf","Strang G. - Linear Algebra And Its Applications (En Us).pdf","Strang G. - Linear Algebra And Its Applications (En Us).pdf",".pdf","87833395","9937AD981958A3181F53F4357C8160442A2DAB3B94A2E88CE85055C83B30EB57","2026-06-17T21:41:41Z"
"SHARED","strategic_marketing_handbook.pdf","shared","resources/source-material/shared/Strategic_Marketing_Handbook.pdf","Strategic_Marketing_Handbook.pdf","Strategic_Marketing_Handbook.pdf",".pdf","5932673","63C16706C77AAF707B99F9EB932E24DDA740A359C53EFD48A0A9977D13D679B6","2026-06-17T21:41:41Z"
"SHARED","strategy and the internet - michael porter (harvard business review).pdf","shared","resources/source-material/shared/Strategy and the Internet - Michael Porter (Harvard Business Review).pdf","Strategy and the Internet - Michael Porter (Harvard Business Review).pdf","Strategy and the Internet - Michael Porter (Harvard Business Review).pdf",".pdf","440364","50267530BAF60BFF4E3B7898507CCD5E8CCBB625B1BC51FD2BA8DCE81C03EC5F","2026-06-17T21:41:41Z"
"SHARED","straumann d. estimation in conditionally herteroscedastic time series models (springer, 2004)(isbn 3540211357)(238s)_gl_.pdf","shared","resources/source-material/shared/Straumann D. Estimation in Conditionally Herteroscedastic Time Series Models (Springer, 2004)(ISBN 3540211357)(238s)_GL_.pdf","Straumann D. Estimation in Conditionally Herteroscedastic Time Series Models (Springer, 2004)(ISBN 3540211357)(238s)_GL_.pdf","Straumann D. Estimation in Conditionally Herteroscedastic Time Series Models (Springer, 2004)(ISBN 3540211357)(238s)_GL_.pdf",".pdf","4275677","689245489068B84A6A2C3F410AA0F784C7AC3329C53965422BD4C150B4E1AB2E","2026-06-17T21:41:41Z"
"SHARED","structural analysis of discrete data with econometric applications.pdf","shared","resources/source-material/shared/Structural Analysis of Discrete Data with Econometric Applications.pdf","Structural Analysis of Discrete Data with Econometric Applications.pdf","Structural Analysis of Discrete Data with Econometric Applications.pdf",".pdf","18617529","8D2E1B3EB42AAE99C2B5559B7CF9EEC8929D12B7DD4B6B996DF86C8BBF2C6F58","2026-06-17T21:41:41Z"
"SHARED","structural econometric modeling- rationales and examples.pdf","shared","resources/source-material/shared/Structural Econometric Modeling- Rationales and Examples.pdf","Structural Econometric Modeling- Rationales and Examples.pdf","Structural Econometric Modeling- Rationales and Examples.pdf",".pdf","1025675","036E7F8E2C7310436321DA2F265BD528588475ADF0546E0C913D5FB42B09ADF5","2026-06-17T21:41:41Z"
"SHARED","structural estimation of markov decision processes.pdf","shared","resources/source-material/shared/Structural Estimation of Markov Decision Processes.PDF","Structural Estimation of Markov Decision Processes.PDF","Structural Estimation of Markov Decision Processes.PDF",".pdf","3975016","89169FCAA243F28AE83F8E8B37D445F20FFC218AF073927D0E0A736E2EC0AD6C","2026-06-17T21:41:41Z"
"SHARED","structured finance the object oriented approach.pdf","shared","resources/source-material/shared/Structured Finance The Object Oriented Approach.PDF","Structured Finance The Object Oriented Approach.PDF","Structured Finance The Object Oriented Approach.PDF",".pdf","4882575","93FE914B017B984DABAD5DE8D5E75027D89D19F42E65D45F8F91CF7B6764D504","2026-06-17T21:41:41Z"
"SHARED","summary of accounting standards.pdf","shared","resources/source-material/shared/Summary of Accounting Standards.pdf","Summary of Accounting Standards.pdf","Summary of Accounting Standards.pdf",".pdf","1139712","CF9BB803058956DA98B8655B6E446C07BA50FD61000B77DDB4A9174B62D46AA4","2026-06-17T21:41:41Z"
"SHARED","survey_of_economics.pdf","shared","resources/source-material/shared/Survey_of_Economics.pdf","Survey_of_Economics.pdf","Survey_of_Economics.pdf",".pdf","10876835","11C3E3950A24384D5471FC7AD9F774F9FD604684A63F7E64469402205E0DB910","2026-06-17T21:41:41Z"
"SHARED","swenson p.a. capitalists against markets (oup, 2002)(isbn 0195142977)(452s)_gh_.pdf","shared","resources/source-material/shared/Swenson P.A. Capitalists against markets (OUP, 2002)(ISBN 0195142977)(452s)_GH_.pdf","Swenson P.A. Capitalists against markets (OUP, 2002)(ISBN 0195142977)(452s)_GH_.pdf","Swenson P.A. Capitalists against markets (OUP, 2002)(ISBN 0195142977)(452s)_GH_.pdf",".pdf","3218809","C0D5715A2564B852F83C7DDE8DD75A3A106CDC0DB8CA782E458DEEB4FD3222AD","2026-06-17T21:41:41Z"
"SHARED","szenberg m., ramrattan l., samuelson p.a. (eds.) new frontiers in economics (cup, 2004)(isbn 0521836867)(338s)_gg_.pdf","shared","resources/source-material/shared/Szenberg M., Ramrattan L., Samuelson P.A. (eds.) New frontiers in economics (CUP, 2004)(ISBN 0521836867)(338s)_GG_.pdf","Szenberg M., Ramrattan L., Samuelson P.A. (eds.) New frontiers in economics (CUP, 2004)(ISBN 0521836867)(338s)_GG_.pdf","Szenberg M., Ramrattan L., Samuelson P.A. (eds.) New frontiers in economics (CUP, 2004)(ISBN 0521836867)(338s)_GG_.pdf",".pdf","1412169","30983D50CE4EEB71440AA961081B2F933AFEB3794A57701374B98925AC4377F3","2026-06-17T21:41:41Z"
"SHARED","taibbi - griftopia_ bubble machines, vampire squids, and the long con that is breaking america (2010).pdf","shared","resources/source-material/shared/Taibbi - Griftopia_ Bubble Machines, Vampire Squids, and the Long Con That Is Breaking America (2010).pdf","Taibbi - Griftopia_ Bubble Machines, Vampire Squids, and the Long Con That Is Breaking America (2010).pdf","Taibbi - Griftopia_ Bubble Machines, Vampire Squids, and the Long Con That Is Breaking America (2010).pdf",".pdf","1744170","6B80F83BAFB411CBE7F1911E9826AE7630B14A85DA38B6E52916A3CF8136CC42","2026-06-17T21:41:41Z"
"SHARED","takeshi amemiya-advanced econometrics-harvard university press (1985).pdf","shared","resources/source-material/shared/Takeshi Amemiya-Advanced Econometrics-Harvard University Press (1985).pdf","Takeshi Amemiya-Advanced Econometrics-Harvard University Press (1985).pdf","Takeshi Amemiya-Advanced Econometrics-Harvard University Press (1985).pdf",".pdf","7469226","0E2B7FFB3003870FD0D238E58C833B7A55D6993572B538D6C29498A622590E5A","2026-06-17T21:41:41Z"
"SHARED","talani - the global crash_ towards a new global financial regime (2010).pdf","shared","resources/source-material/shared/Talani - The Global Crash_ Towards a New Global Financial Regime (2010).pdf","Talani - The Global Crash_ Towards a New Global Financial Regime (2010).pdf","Talani - The Global Crash_ Towards a New Global Financial Regime (2010).pdf",".pdf","11607451","FFE8040D30FF0C9365CAAA4065DE14BB9611CC230941F416291FECC3079734B9","2026-06-17T21:41:41Z"
"SHARED","tarpley - surviving the cataclysm_ your guide through the worst financial crash in history (1999).pdf","shared","resources/source-material/shared/Tarpley - Surviving the Cataclysm_ Your Guide through the Worst Financial Crash in History (1999).pdf","Tarpley - Surviving the Cataclysm_ Your Guide through the Worst Financial Crash in History (1999).pdf","Tarpley - Surviving the Cataclysm_ Your Guide through the Worst Financial Crash in History (1999).pdf",".pdf","3112746","C9DA97D1C859980B1B30CCB5926859F8F7D17ECA2B50834AD33A5A92FACBA533","2026-06-17T21:41:41Z"
"SHARED","tavakoli - dear mr. buffett_ what an investor learns 1269 miles from wall street (2009).epub","shared","resources/source-material/shared/Tavakoli - Dear Mr. Buffett_ What an Investor Learns 1269 Miles from Wall Street (2009).epub","Tavakoli - Dear Mr. Buffett_ What an Investor Learns 1269 Miles from Wall Street (2009).epub","Tavakoli - Dear Mr. Buffett_ What an Investor Learns 1269 Miles from Wall Street (2009).epub",".epub","531665","E349FB73CEC81BBC3D65EEE8AD3AC9B30D8FE201F861D3D1CAD96E108574F06D","2026-06-17T21:41:41Z"
"SHARED","technical_math_for_dummies.pdf","shared","resources/source-material/shared/technical_Math_For_Dummies.pdf","technical_Math_For_Dummies.pdf","technical_Math_For_Dummies.pdf",".pdf","7038826","F627BE674B507CB50E1502ABF8E2089B53835E6ECEF5BCE553AB2FAA06AAD9B1","2026-06-17T21:41:42Z"
"SHARED","temple p. first steps in economic indicators (ftph, 2003)(isbn 0273659111)(225s)_gg_.pdf","shared","resources/source-material/shared/Temple P. First steps in economic indicators (FTPH, 2003)(ISBN 0273659111)(225s)_GG_.pdf","Temple P. First steps in economic indicators (FTPH, 2003)(ISBN 0273659111)(225s)_GG_.pdf","Temple P. First steps in economic indicators (FTPH, 2003)(ISBN 0273659111)(225s)_GG_.pdf",".pdf","1074389","DD85207B3579E97A6D9AB9209EE9EB6BC43FEAB427CD222DD470D32EEDCA33D3","2026-06-17T21:41:42Z"
"SHARED","testing non-nested hypotheses.pdf","shared","resources/source-material/shared/Testing Non-Nested Hypotheses.PDF","Testing Non-Nested Hypotheses.PDF","Testing Non-Nested Hypotheses.PDF",".pdf","2504210","1E60CEBE96701404B04E918E15E82439DE0DA5C65DB115DB57829EE2C4FEE5A5","2026-06-17T21:41:42Z"
"SHARED","teyssiere g., kirman a. (eds.) long memory in economics (springer, 2007)(isbn 354022694x)(392s)_gl_.pdf","shared","resources/source-material/shared/Teyssiere G., Kirman A. (eds.) Long memory in economics (Springer, 2007)(ISBN 354022694X)(392s)_GL_.pdf","Teyssiere G., Kirman A. (eds.) Long memory in economics (Springer, 2007)(ISBN 354022694X)(392s)_GL_.pdf","Teyssiere G., Kirman A. (eds.) Long memory in economics (Springer, 2007)(ISBN 354022694X)(392s)_GL_.pdf",".pdf","4069453","91E480D91CE212F92B422091331FB4D0EB5171149FCBFD61F676F82135F75621","2026-06-17T21:41:42Z"
"SHARED","the abcs of rbcs.pdf","shared","resources/source-material/shared/The ABCs of RBCs.pdf","The ABCs of RBCs.pdf","The ABCs of RBCs.pdf",".pdf","22451042","22D5551217FDF114ABCAF63BB1FD4DE5BA8D1DCBF90B9794B7BE7DB88BF60666","2026-06-17T21:41:42Z"
"SHARED","the applied theory of price - mccloskey.pdf","shared","resources/source-material/shared/The Applied Theory of Price - McCloskey.pdf","The Applied Theory of Price - McCloskey.pdf","The Applied Theory of Price - McCloskey.pdf",".pdf","33494535","2C9367CF9D4E0353339F294678C575D4C2643996AA2226040DB00219C4E6023A","2026-06-17T21:41:42Z"
"SHARED","the art of modeling in science and e.pdf","shared","resources/source-material/shared/The Art of MODELING in SCIENCE and E.pdf","The Art of MODELING in SCIENCE and E.pdf","The Art of MODELING in SCIENCE and E.pdf",".pdf","8040568","07E3B3E0640C7DB6DB66F9220A417A202588D178A9F95E477807791ED9E02FAA","2026-06-17T21:41:42Z"
"SHARED","the black swan.pdf","shared","resources/source-material/shared/The Black Swan.pdf","The Black Swan.pdf","The Black Swan.pdf",".pdf","7212049","E636724C035F1BEDA2092670F09BE7479F01DA34E8EE3EE9C885EF54D6F555A6","2026-06-17T21:41:42Z"
"SHARED","the creation of conscious culture through educational innovation.pdf","shared","resources/source-material/shared/The Creation of Conscious Culture through Educational Innovation.pdf","The Creation of Conscious Culture through Educational Innovation.pdf","The Creation of Conscious Culture through Educational Innovation.pdf",".pdf","528721","47D3203BCB27190645BD4C9FFA530F60D52B284500C372563412EAD6C60144F4","2026-06-17T21:41:42Z"
"SHARED","the divide_ american injustice  - matt taibbi.epub","shared","resources/source-material/shared/The Divide_ American Injustice  - Matt Taibbi.epub","The Divide_ American Injustice  - Matt Taibbi.epub","The Divide_ American Injustice  - Matt Taibbi.epub",".epub","5667760","1E6B110DCA508A3F5D6930CA2F02F35BC21C9AC95478420019D6AE63CCF21E21","2026-06-17T21:41:42Z"
"SHARED","the econometrics of data combination.pdf","shared","resources/source-material/shared/the Econometrics of Data Combination.pdf","the Econometrics of Data Combination.pdf","the Econometrics of Data Combination.pdf",".pdf","697181","01059E424155AA1103AF11825243E6096F41DB484B114D0B970A7A87CE481822","2026-06-17T21:41:42Z"
"SHARED","the economics of cloud computing v413hav.epub","shared","resources/source-material/shared/The Economics Of Cloud Computing V413HAV.epub","The Economics Of Cloud Computing V413HAV.epub","The Economics Of Cloud Computing V413HAV.epub",".epub","2251783","485A05667B2438634E7EB5359FE9D1F8BB3CAADDBCB8D239F01619F77BDA0E48","2026-06-17T21:41:42Z"
"SHARED","the economics of cloud computing v413hav.pdf","shared","resources/source-material/shared/The Economics Of Cloud Computing V413HAV.pdf","The Economics Of Cloud Computing V413HAV.pdf","The Economics Of Cloud Computing V413HAV.pdf",".pdf","1078216","06A2F99B1962A0C88830A751FB68BECB6320514EF582F1FC67F54F9550EC5FA8","2026-06-17T21:41:42Z"
"SHARED","the economics of john kenneth galbraith.pdf","shared","resources/source-material/shared/The Economics of John Kenneth Galbraith.pdf","The Economics of John Kenneth Galbraith.pdf","The Economics of John Kenneth Galbraith.pdf",".pdf","3019371","44B95E46E720375D148F73D79C03CD2426BE16655963C9A034ECB04D7D3631BA","2026-06-17T21:41:42Z"
"SHARED","the economics of money, banking, and financial markets (7th ed).pdf","shared","resources/source-material/shared/The Economics Of Money, Banking, And Financial Markets (7th Ed).pdf","The Economics Of Money, Banking, And Financial Markets (7th Ed).pdf","The Economics Of Money, Banking, And Financial Markets (7th Ed).pdf",".pdf","17850585","CAB9A32472FEBADB54DF7A94FE048DC5445F378E69A6363D6C22CA3C3742D13A","2026-06-17T21:41:42Z"
"SHARED","the economics of money, banking, and financial markets 7th.pdf","shared","resources/source-material/shared/The Economics of Money, Banking, and Financial Markets 7th.pdf","The Economics of Money, Banking, and Financial Markets 7th.pdf","The Economics of Money, Banking, and Financial Markets 7th.pdf",".pdf","16545072","39EFC32C1B9C0157F46F6C147ECD0E297DB6C44FE8680560DE9075667678D079","2026-06-17T21:41:42Z"
"SHARED","the economics of regulation in agriculture.pdf","shared","resources/source-material/shared/The Economics of Regulation in Agriculture.pdf","The Economics of Regulation in Agriculture.pdf","The Economics of Regulation in Agriculture.pdf",".pdf","6614485","05C374B05D5E5169EECF7537946C55463B021145D5BFC7957D5712CEBA58AF68","2026-06-17T21:41:42Z"
"SHARED","the economist - after the storm_ how to make the best of recovery (october3-9, 2009).pdf","shared","resources/source-material/shared/The Economist - After the Storm_ How to Make the Best of Recovery (October3-9, 2009).pdf","The Economist - After the Storm_ How to Make the Best of Recovery (October3-9, 2009).pdf","The Economist - After the Storm_ How to Make the Best of Recovery (October3-9, 2009).pdf",".pdf","5791988","CC0B29E070AD7CFB220451069CC8A4DD1D79187D44041A43F62F193C369738CA","2026-06-17T21:41:44Z"
"SHARED","the endless crisis_ how monopol - foster, john bellamy.mobi","shared","resources/source-material/shared/The Endless Crisis_ How Monopol - Foster, John Bellamy.mobi","The Endless Crisis_ How Monopol - Foster, John Bellamy.mobi","The Endless Crisis_ How Monopol - Foster, John Bellamy.mobi",".mobi","1000546","36806FED71E5C71547A873AAA6F18CA4F3540FA54D10B6A348E3475A787BB543","2026-06-17T21:41:44Z"
"SHARED","the financial analyst_s handbook (st.pdf","shared","resources/source-material/shared/The Financial Analyst_s Handbook (St.pdf","The Financial Analyst_s Handbook (St.pdf","The Financial Analyst_s Handbook (St.pdf",".pdf","10725472","00B0E63F5631225BDB254BFE765C8F6488E2E810F3B700D19E77DE80CAF2530A","2026-06-17T21:41:44Z"
"SHARED","the financial analyst_s handbook (stock market).pdf","shared","resources/source-material/shared/The Financial Analyst_s Handbook (Stock Market).pdf","The Financial Analyst_s Handbook (Stock Market).pdf","The Financial Analyst_s Handbook (Stock Market).pdf",".pdf","11079237","49A1B9AB7FE2973837E1E10EEDA9DBD7762377D2788FC390F96770BEE625F9DC","2026-06-17T21:41:44Z"
"SHARED","the financial crisis inquiry report_ final report of the national commission on the causes of the financial and economic crisis (2011).pdf","shared","resources/source-material/shared/The Financial Crisis Inquiry Report_ Final Report of the National Commission on the Causes of the Financial and Economic Crisis (2011).pdf","The Financial Crisis Inquiry Report_ Final Report of the National Commission on the Causes of the Financial and Economic Crisis (2011).pdf","The Financial Crisis Inquiry Report_ Final Report of the National Commission on the Causes of the Financial and Economic Crisis (2011).pdf",".pdf","10924666","BAD04EF3A949FEEB54D37CD8A8BD5AD960B2D2E9C5CB9463BDE903AC3F77CE81","2026-06-17T21:41:44Z"
"SHARED","the handbook of maritime economics and b - unknown.epub","shared","resources/source-material/shared/The Handbook of Maritime Economics and B - Unknown.epub","The Handbook of Maritime Economics and B - Unknown.epub","The Handbook of Maritime Economics and B - Unknown.epub",".epub","25766515","D95CEE2590B3287EC0E382562D7FFAC5BC384BE9B38B8AD294F154A528BCDCDB","2026-06-17T21:41:44Z"
"SHARED","the intelligent investor - benjamin graham.pdf","shared","resources/source-material/shared/The Intelligent Investor - Benjamin Graham.pdf","The Intelligent Investor - Benjamin Graham.pdf","The Intelligent Investor - Benjamin Graham.pdf",".pdf","5603424","DED5EAA378DCE9A2F8F173DB8C7A1019404B8A515C4497442FD1C07C102E3706","2026-06-17T21:41:44Z"
"SHARED","the jobs crisis_ household and government responses to the great recession in eastern europe and central asia (wb, 2011).pdf","shared","resources/source-material/shared/The Jobs Crisis_ Household and Government Responses to the Great Recession in Eastern Europe and Central Asia (WB, 2011).pdf","The Jobs Crisis_ Household and Government Responses to the Great Recession in Eastern Europe and Central Asia (WB, 2011).pdf","The Jobs Crisis_ Household and Government Responses to the Great Recession in Eastern Europe and Central Asia (WB, 2011).pdf",".pdf","3439190","F9CF39A7C683717EF2993E22FF867DA808DE39A6A53B116BAF7A02E51FAB3516","2026-06-17T21:41:44Z"
"SHARED","the little book of alternative investments (ben stein).epub","shared","resources/source-material/shared/The Little Book of Alternative Investments (Ben Stein).epub","The Little Book of Alternative Investments (Ben Stein).epub","The Little Book of Alternative Investments (Ben Stein).epub",".epub","2125387","3DB837A0642FA4D624D3346C97099E478F9CAF5837AF3F0A96D9BB6D7DDAD06D","2026-06-17T21:41:44Z"
"SHARED","the little book of behavioral investing (james montier).pdf","shared","resources/source-material/shared/The Little Book of Behavioral Investing (James Montier).pdf","The Little Book of Behavioral Investing (James Montier).pdf","The Little Book of Behavioral Investing (James Montier).pdf",".pdf","6149466","4B55FD13AE7413898EBB233D90B413C4FC00F46CF874DB43AA658F44EC119EA9","2026-06-17T21:41:44Z"
"SHARED","the little book of big dividends (charles b. carlson).pdf","shared","resources/source-material/shared/The Little Book of Big Dividends (Charles B. Carlson).pdf","The Little Book of Big Dividends (Charles B. Carlson).pdf","The Little Book of Big Dividends (Charles B. Carlson).pdf",".pdf","820216","3BA0436E10CF7C24B2F6608E0C6D0761F253B80CC88DDD76A16E9AECF45C43F9","2026-06-17T21:41:44Z"
"SHARED","the little book of big profits from small stocks (hilary kramer).epub","shared","resources/source-material/shared/The Little Book of Big Profits from Small Stocks (Hilary Kramer).epub","The Little Book of Big Profits from Small Stocks (Hilary Kramer).epub","The Little Book of Big Profits from Small Stocks (Hilary Kramer).epub",".epub","898803","14031AE8DA236E9A5F7A8023A0A0F5CBB65D01280D0DF2EF4BC93C59B21F6176","2026-06-17T21:41:44Z"
"SHARED","the little book of bull moves in bear markets (peter d. schiff).pdf","shared","resources/source-material/shared/The Little Book of Bull Moves in Bear Markets (Peter D. Schiff).pdf","The Little Book of Bull Moves in Bear Markets (Peter D. Schiff).pdf","The Little Book of Bull Moves in Bear Markets (Peter D. Schiff).pdf",".pdf","1694449","201D58649CB6D983E3F96EDFA43D40703BD3B8E5B7F43496C07F70283E0D559F","2026-06-17T21:41:44Z"
"SHARED","the little book of bulletproof investing (ben stein).pdf","shared","resources/source-material/shared/The Little Book of Bulletproof Investing (Ben Stein).pdf","The Little Book of Bulletproof Investing (Ben Stein).pdf","The Little Book of Bulletproof Investing (Ben Stein).pdf",".pdf","1573063","6059DDEE766CCA94C8BAA9708EEABC960756FB1AE6C9584A6F6838C21F76F857","2026-06-17T21:41:44Z"
"SHARED","the little book of common sense investing (john c. bogle).pdf","shared","resources/source-material/shared/The Little Book of Common Sense Investing (John C. Bogle).pdf","The Little Book of Common Sense Investing (John C. Bogle).pdf","The Little Book of Common Sense Investing (John C. Bogle).pdf",".pdf","3471584","9B7AA624C81217CB1AD14B8F4C4B36A8A978F70F9D0C715BD0362EF3A716A77E","2026-06-17T21:41:44Z"
"SHARED","the little book of economics (greg ip).epub","shared","resources/source-material/shared/The Little Book of Economics (Greg Ip).epub","The Little Book of Economics (Greg Ip).epub","The Little Book of Economics (Greg Ip).epub",".epub","338293","06A2EE54C97DF328037429D1D35CB7162C33A9DEC61EE6118BD6D27A87DEFB86","2026-06-17T21:41:44Z"
"SHARED","the little book of emerging markets (mark mobius).pdf","shared","resources/source-material/shared/The Little Book of Emerging Markets (Mark Mobius).pdf","The Little Book of Emerging Markets (Mark Mobius).pdf","The Little Book of Emerging Markets (Mark Mobius).pdf",".pdf","3192148","6B8379CC12DF0FCD36E3A2E5731F473834C34891613DBE869B121B96B4651857","2026-06-17T21:41:45Z"
"SHARED","the little book of hedge funds (anthony scaramucci).epub","shared","resources/source-material/shared/The Little Book of Hedge Funds (Anthony Scaramucci).epub","The Little Book of Hedge Funds (Anthony Scaramucci).epub","The Little Book of Hedge Funds (Anthony Scaramucci).epub",".epub","727651","729C076CFCFDBB6F38D4FEE298B66081A0E343DB212A645D9EDBB1C9ABB0C59D","2026-06-17T21:41:45Z"
"SHARED","the little book of main street money (jonathan clements).pdf","shared","resources/source-material/shared/The Little Book of Main Street Money (Jonathan Clements).pdf","The Little Book of Main Street Money (Jonathan Clements).pdf","The Little Book of Main Street Money (Jonathan Clements).pdf",".pdf","1923263","8AC6F8A34460F1C22D2F36E5CFEB6A1291175B1D7F4AC2294B4037C98BC41DCF","2026-06-17T21:41:45Z"
"SHARED","the little book of safe money (jason zweig).pdf","shared","resources/source-material/shared/The Little Book of Safe Money (Jason Zweig).pdf","The Little Book of Safe Money (Jason Zweig).pdf","The Little Book of Safe Money (Jason Zweig).pdf",".pdf","2243829","43F02BAD2B70674D48A8198281460B24F859108BDFE3DE69F9A0517DB825ADFC","2026-06-17T21:41:45Z"
"SHARED","the little book of sideways markets (vitaliy n. katsenelson).epub","shared","resources/source-material/shared/The Little Book of Sideways Markets (Vitaliy N. Katsenelson).epub","The Little Book of Sideways Markets (Vitaliy N. Katsenelson).epub","The Little Book of Sideways Markets (Vitaliy N. Katsenelson).epub",".epub","3325771","DFC4F9D9278BC48A475CCEFBEC53B56387FC364D817562C18C2B5D057311EB0F","2026-06-17T21:41:45Z"
"SHARED","the little book of stock market cycles (jeffrey a. hirsch).epub","shared","resources/source-material/shared/The Little Book of Stock Market Cycles (Jeffrey A. Hirsch).epub","The Little Book of Stock Market Cycles (Jeffrey A. Hirsch).epub","The Little Book of Stock Market Cycles (Jeffrey A. Hirsch).epub",".epub","3714071","84B10B06AFB50DD59888250426DD730F01551CC25BA33AD035F1A272C5DB9051","2026-06-17T21:41:45Z"
"SHARED","the little book of stock market profits (mitch zacks).pdf","shared","resources/source-material/shared/The Little Book of Stock Market Profits (Mitch Zacks).pdf","The Little Book of Stock Market Profits (Mitch Zacks).pdf","The Little Book of Stock Market Profits (Mitch Zacks).pdf",".pdf","744738","F28C5ABF1264C27F3607C6C8FA2FA9A4D81BF6EFAEA1C7D1A5B219533E060BB2","2026-06-17T21:41:45Z"
"SHARED","the little book of the shrinking dollar (addison wiggin).pdf","shared","resources/source-material/shared/The Little Book of the Shrinking Dollar (Addison Wiggin).pdf","The Little Book of the Shrinking Dollar (Addison Wiggin).pdf","The Little Book of the Shrinking Dollar (Addison Wiggin).pdf",".pdf","2140803","E7C384F6C17A0B196D362F01D07A856BD2819472E418687180B12F5858D1AB8A","2026-06-17T21:41:45Z"
"SHARED","the little book of trading (michael w. covel).epub","shared","resources/source-material/shared/The Little Book of Trading (Michael W. Covel).epub","The Little Book of Trading (Michael W. Covel).epub","The Little Book of Trading (Michael W. Covel).epub",".epub","1309271","9891AFD5CD3D9BA1393F5D2FA4770AF83427CD3CEB8DB48A7D225E762EB9CEA7","2026-06-17T21:41:45Z"
"SHARED","the little book of valuation (aswath damodaran).epub","shared","resources/source-material/shared/The Little Book of Valuation (Aswath Damodaran).epub","The Little Book of Valuation (Aswath Damodaran).epub","The Little Book of Valuation (Aswath Damodaran).epub",".epub","904726","D43C7E30E97DFC6BF7DA5B2FC22B59B45ABDB9446D621F63A957053233768D9A","2026-06-17T21:41:45Z"
"SHARED","the little book of value investing (christopher h. browne).pdf","shared","resources/source-material/shared/The Little Book of Value Investing (Christopher H. Browne).pdf","The Little Book of Value Investing (Christopher H. Browne).pdf","The Little Book of Value Investing (Christopher H. Browne).pdf",".pdf","28733721","58D6DCB7C1742BE677494864B06E8A1CE4B7B318DF3459794A562CABCF888BA1","2026-06-17T21:41:45Z"
"SHARED","the little book of venture capital investing (louis c. gerken).pdf","shared","resources/source-material/shared/The Little Book of Venture Capital Investing (Louis C. Gerken).pdf","The Little Book of Venture Capital Investing (Louis C. Gerken).pdf","The Little Book of Venture Capital Investing (Louis C. Gerken).pdf",".pdf","1728371","2C94DB59960A2550E24226B041E154C2A7756907D62180B1785B9629ACA54A94","2026-06-17T21:41:45Z"
"SHARED","the little book that beats the market (joel greenblatt).pdf","shared","resources/source-material/shared/The Little Book That Beats the Market (Joel Greenblatt).pdf","The Little Book That Beats the Market (Joel Greenblatt).pdf","The Little Book That Beats the Market (Joel Greenblatt).pdf",".pdf","1280852","C07B61451908A93BCDB23D7C5030BFA5C093F73A3675F3B50197DF10EC4FFFAD","2026-06-17T21:41:45Z"
"SHARED","the little book that builds wealth (pat dorsey).pdf","shared","resources/source-material/shared/The Little Book That Builds Wealth (Pat Dorsey).pdf","The Little Book That Builds Wealth (Pat Dorsey).pdf","The Little Book That Builds Wealth (Pat Dorsey).pdf",".pdf","1785415","5D02B0059AAA4CEC3EB9368D7C96C5F402A606BCEEFD73FC026B4EC02F22CA78","2026-06-17T21:41:45Z"
"SHARED","the little book that makes you rich (louis navellier).pdf","shared","resources/source-material/shared/The Little Book That Makes You Rich (Louis Navellier).pdf","The Little Book That Makes You Rich (Louis Navellier).pdf","The Little Book That Makes You Rich (Louis Navellier).pdf",".pdf","2414585","27156BC7C4BBF014E2F275B4BF5C543CCAEB00E01D09EB1A4D2D842309ADAF8B","2026-06-17T21:41:45Z"
"SHARED","the little book that saves your assets (david m. darst).pdf","shared","resources/source-material/shared/The Little Book that Saves Your Assets (David M. Darst).pdf","The Little Book that Saves Your Assets (David M. Darst).pdf","The Little Book that Saves Your Assets (David M. Darst).pdf",".pdf","2568062","9BA91D4A07E6FF92C091F3E0F4D28FEB6655B48D2296C12678700B6E9A86B8A0","2026-06-17T21:41:45Z"
"SHARED","the logic of life.epub","shared","resources/source-material/shared/The Logic of Life.epub","The Logic of Life.epub","The Logic of Life.epub",".epub","3706145","0FA250D0DC984CA7AB179148C50B6B4939BC929DAD5606DE9AFB0CCD7519F118","2026-06-17T21:41:45Z"
"SHARED","the mathematics of financial derivatives.pdf","shared","resources/source-material/shared/The Mathematics Of Financial Derivatives.pdf","The Mathematics Of Financial Derivatives.pdf","The Mathematics Of Financial Derivatives.pdf",".pdf","10983146","24AFA7F6BAE9060C3D387EB450BDCD20BDE2A9508E1960716DB162A3013A79D3","2026-06-17T21:41:45Z"
"SHARED","the mathematics of financial modelling-fabozzi.pdf","shared","resources/source-material/shared/The Mathematics of Financial Modelling-Fabozzi.pdf","The Mathematics of Financial Modelling-Fabozzi.pdf","The Mathematics of Financial Modelling-Fabozzi.pdf",".pdf","11986283","2425FB588A418F0ADF1D38E6DC9D690931B3C72DF60273C93BC54CDD9649A343","2026-06-17T21:41:45Z"
"SHARED","the money trick (the institute of economic democracy,1982).pdf","shared","resources/source-material/shared/The Money Trick (The Institute of Economic Democracy,1982).pdf","The Money Trick (The Institute of Economic Democracy,1982).pdf","The Money Trick (The Institute of Economic Democracy,1982).pdf",".pdf","40269767","EA3390D6AC92FAF87AB94A28999EF5FFBF494E5F89C899A1DC78C5F0A794CE2D","2026-06-17T21:41:45Z"
"SHARED","the new geography of jobs by moretti, enrico.epub","shared","resources/source-material/shared/The New Geography of Jobs by Moretti, Enrico.epub","The New Geography of Jobs by Moretti, Enrico.epub","The New Geography of Jobs by Moretti, Enrico.epub",".epub","825222","23A72CF7701A91BE31B46E7A6851A73738E8FD943673D2119FE2ABF9123A4E37","2026-06-17T21:41:45Z"
"SHARED","the new palgrave dictionary of economics - volume 2 of 8 (2nd edition english business ebook 2013).pdf","shared","resources/source-material/shared/The New Palgrave Dictionary of Economics - Volume 2 of 8 (2nd Edition English business ebook 2013).pdf","The New Palgrave Dictionary of Economics - Volume 2 of 8 (2nd Edition English business ebook 2013).pdf","The New Palgrave Dictionary of Economics - Volume 2 of 8 (2nd Edition English business ebook 2013).pdf",".pdf","408584773","CE653B3EF675713311742B9BCC89127B8B9655C8131FB0B8B6E41DF42B7E3906","2026-06-17T21:41:46Z"
"SHARED","the secrets of economic indicators 3rd edition v413hav.epub","shared","resources/source-material/shared/The Secrets Of Economic Indicators 3rd Edition V413HAV.epub","The Secrets Of Economic Indicators 3rd Edition V413HAV.epub","The Secrets Of Economic Indicators 3rd Edition V413HAV.epub",".epub","37579993","73183EC9D6B16C1596EDF9CF742C21CAFB0BE789C7C4C4DE3CD91A700E250ED1","2026-06-17T21:41:46Z"
"SHARED","the secrets of economic indicators 3rd edition v413hav.pdf","shared","resources/source-material/shared/The Secrets Of Economic Indicators 3rd Edition V413HAV.pdf","The Secrets Of Economic Indicators 3rd Edition V413HAV.pdf","The Secrets Of Economic Indicators 3rd Edition V413HAV.pdf",".pdf","25799744","9E7073919F37A3BD4F1353B5A7BE6FDBB325D4EE03A7566D14E6F9087312941E","2026-06-17T21:41:46Z"
"SHARED","the secrets of market-driven leaders a pragmatic approach.pdf","shared","resources/source-material/shared/The Secrets of Market-Driven Leaders A Pragmatic Approach.pdf","The Secrets of Market-Driven Leaders A Pragmatic Approach.pdf","The Secrets of Market-Driven Leaders A Pragmatic Approach.pdf",".pdf","344130","D8F5C7D2DFBA747DCE0590A71F90178E53E2DD0325EA3DBF62366E03B3AE2FF2","2026-06-17T21:41:46Z"
"SHARED","the simple economics of easter island - a ricardo-malthus model of renewable resource use.pdf","shared","resources/source-material/shared/The Simple Economics Of Easter Island - A Ricardo-Malthus Model Of Renewable Resource Use.pdf","The Simple Economics Of Easter Island - A Ricardo-Malthus Model Of Renewable Resource Use.pdf","The Simple Economics Of Easter Island - A Ricardo-Malthus Model Of Renewable Resource Use.pdf",".pdf","4009148","5D7B2D9B7E8641D747EA0D0B83FDDAC8B0520D1EE2F97FDE16AB058C60D9DCCB","2026-06-17T21:41:46Z"
"SHARED","the squam lake report_ fixing the financial system (2010).pdf","shared","resources/source-material/shared/The Squam Lake Report_ Fixing the Financial System (2010).pdf","The Squam Lake Report_ Fixing the Financial System (2010).pdf","The Squam Lake Report_ Fixing the Financial System (2010).pdf",".pdf","641940","09DF8330288CC278AD50F95C830E2FFA631CEAE9E869FAAA60609DD1EEE34B4D","2026-06-17T21:41:46Z"
"SHARED","the theory of games and game models lctn - andrea schalk.pdf","shared","resources/source-material/shared/The Theory of Games and Game Models Lctn - Andrea Schalk.pdf","The Theory of Games and Game Models Lctn - Andrea Schalk.pdf","The Theory of Games and Game Models Lctn - Andrea Schalk.pdf",".pdf","1012517","7617F049F85A6C8256D516D1026F97D1030B89AC98411AAE112BAB26CE4776A3","2026-06-17T21:41:46Z"
"SHARED","the theory of learning in games - drew fudenberg.pdf","shared","resources/source-material/shared/The Theory Of Learning In Games - Drew Fudenberg.pdf","The Theory Of Learning In Games - Drew Fudenberg.pdf","The Theory Of Learning In Games - Drew Fudenberg.pdf",".pdf","2160259","30D3C8B85F0BFE6B38FAA2DD849680A07C011E034336AB4528776D8A7BCFA519","2026-06-17T21:41:46Z"
"SHARED","the theory of search games and rendezvous - steve alpern.pdf","shared","resources/source-material/shared/THE THEORY OF SEARCH GAMES AND RENDEZVOUS - Steve Alpern.pdf","THE THEORY OF SEARCH GAMES AND RENDEZVOUS - Steve Alpern.pdf","THE THEORY OF SEARCH GAMES AND RENDEZVOUS - Steve Alpern.pdf",".pdf","16302958","82EC2FF005D74FB63181D8BA4542B0CD08D8685D87E776A2993AC076C4420F02","2026-06-17T21:41:46Z"
"SHARED","the turnover dilemma a question to keep employees.pdf","shared","resources/source-material/shared/The Turnover Dilemma A Question to Keep Employees.pdf","The Turnover Dilemma A Question to Keep Employees.pdf","The Turnover Dilemma A Question to Keep Employees.pdf",".pdf","901651","BE688C55E623FA0ADB701C1D43624380A693B4BC5B46A0FAEE58BF8A4F65BCAA","2026-06-17T21:41:46Z"
"SHARED","the wealth of nature_ economics as if survival mattered - john michael greer (2011).pdf","shared","resources/source-material/shared/The Wealth of Nature_ Economics as if Survival Mattered - John Michael Greer (2011).pdf","The Wealth of Nature_ Economics as if Survival Mattered - John Michael Greer (2011).pdf","The Wealth of Nature_ Economics as if Survival Mattered - John Michael Greer (2011).pdf",".pdf","1179378","A03190A335245BFE5FF55CB053922E3385A3A7C8B3A2699F21AFDFBBA9541076","2026-06-17T21:41:46Z"
"SHARED","the world is flat a brief history of the 21st century.pdf","shared","resources/source-material/shared/The World Is Flat A Brief History Of The 21St Century.pdf","The World Is Flat A Brief History Of The 21St Century.pdf","The World Is Flat A Brief History Of The 21St Century.pdf",".pdf","13731170","394AE006E2F08A995C30F8832A36E227327686C8AD2D370D27114DBF9606EE4F","2026-06-17T21:41:46Z"
"SHARED","the.supply.chain.management-best.practise.pdf","shared","resources/source-material/shared/The.Supply.Chain.Management-Best.Practise.pdf","The.Supply.Chain.Management-Best.Practise.pdf","The.Supply.Chain.Management-Best.Practise.pdf",".pdf","1527570","2C66CF45BC377B35EA7D54C35D0765C8EDFEC817F6C278B1158B74F45D4189F2","2026-06-17T21:41:46Z"
"SHARED","the_agile_manager_s_guide_to_understanding_financial_statements.pdf","shared","resources/source-material/shared/The_agile_manager_s_guide_to_understanding_financial_statements.pdf","The_agile_manager_s_guide_to_understanding_financial_statements.pdf","The_agile_manager_s_guide_to_understanding_financial_statements.pdf",".pdf","535062","87452AD9068330B90A4287D49BA08DF48D2535FCFD7FE0E95AA034A4B8EEE8FB","2026-06-17T21:41:46Z"
"SHARED","the_undercover_economist.pdf","shared","resources/source-material/shared/The_Undercover_Economist.pdf","The_Undercover_Economist.pdf","The_Undercover_Economist.pdf",".pdf","2540553","46B32F234F450378FA7F4B0226BF710E2DA64E67950A678A8CFF1A844A1868E8","2026-06-17T21:41:46Z"
"SHARED","theroleofpolicyinthegreatrecessio_preview.pdf","shared","resources/source-material/shared/TheRoleOfPolicyInTheGreatRecessio_preview.pdf","TheRoleOfPolicyInTheGreatRecessio_preview.pdf","TheRoleOfPolicyInTheGreatRecessio_preview.pdf",".pdf","63459","6E52A38333819DE9EB3DEC841B61E70A1CFD32BCD44E8A5E918C0BBC55D6291A","2026-06-17T21:41:46Z"
"SHARED","think and grow rich.pdf","shared","resources/source-material/shared/think and grow rich.pdf","think and grow rich.pdf","think and grow rich.pdf",".pdf","1260543","D9FBEAECD14D1503FDB0C427CD590A3E6DD44529BF12A5EEBD6042A52D1E4274","2026-06-17T21:41:46Z"
"SHARED","think like a freak - steven d. levitt.epub","shared","resources/source-material/shared/THINK LIKE A FREAK - Steven D. Levitt.epub","THINK LIKE A FREAK - Steven D. Levitt.epub","THINK LIKE A FREAK - Steven D. Levitt.epub",".epub","409279","50DC03784277AAD4125A34D2DC735F0086C9A1D630103D23FF79CDE76832707D","2026-06-17T21:41:46Z"
"SHARED","thinking, fast and slow.epub","shared","resources/source-material/shared/Thinking, Fast and Slow.epub","Thinking, Fast and Slow.epub","Thinking, Fast and Slow.epub",".epub","850255","803C62848C289ABC39BE118D5D5A30D25729CA0280360AE7BC9871DBC1BFEE71","2026-06-17T21:41:46Z"
"SHARED","thinkpython2.pdf","shared","resources/source-material/shared/thinkpython2.pdf","thinkpython2.pdf","thinkpython2.pdf",".pdf","813574","6D5A6A1633A1B8F33BB3FB64782B824F73BFEA5F2E24959370F1D8005942F563","2026-06-17T21:41:46Z"
"SHARED","thomas - the financial crisis and federal reserve policy (2011).pdf","shared","resources/source-material/shared/Thomas - The Financial Crisis and Federal Reserve Policy (2011).pdf","Thomas - The Financial Crisis and Federal Reserve Policy (2011).pdf","Thomas - The Financial Crisis and Federal Reserve Policy (2011).pdf",".pdf","11180408","649441DFD031A767E5D05CCF85E3918DC4B8EE1CEB9D5B727D37244CC423139F","2026-06-17T21:41:46Z"
"SHARED","thomas malthus - an essay on the principle of population (1798).pdf","shared","resources/source-material/shared/Thomas Malthus - An Essay on the Principle of Population (1798).pdf","Thomas Malthus - An Essay on the Principle of Population (1798).pdf","Thomas Malthus - An Essay on the Principle of Population (1798).pdf",".pdf","948754","DAF30E5269AD081ED9A2EFD0D2FFCE724F131CEE31502786D402335694C8FB91","2026-06-17T21:41:46Z"
"SHARED","thomas piketty - capital in the twenty-first century [2014][a].epub","shared","resources/source-material/shared/Thomas Piketty - Capital in the Twenty-First Century [2014][A].epub","Thomas Piketty - Capital in the Twenty-First Century [2014][A].epub","Thomas Piketty - Capital in the Twenty-First Century [2014][A].epub",".epub","7052477","F41AD0889A628CD05CCF6F14DBEB60236A00FFFCDBCFE3D11C20B5E686B1BCAF","2026-06-17T21:41:46Z"
"SHARED","thomas piketty - capital in the twenty-first century [2014][a].pdf","shared","resources/source-material/shared/Thomas Piketty - Capital in the Twenty-First Century [2014][A].pdf","Thomas Piketty - Capital in the Twenty-First Century [2014][A].pdf","Thomas Piketty - Capital in the Twenty-First Century [2014][A].pdf",".pdf","7831985","484480EA2D730F5564AE0095398CFB2980A9B4FA20ABE55E43DA276B0C10B3BF","2026-06-17T21:41:46Z"
"SHARED","thomas_ calculus 12th","shared","resources/source-material/shared/Thomas_ Calculus 12th/cover.jpg","Thomas_ Calculus 12th/cover.jpg","cover.jpg",".jpg","36321","9BC1010E81AF2A99408CC3ECED9987A79824AE802C00B3FCF2386C29A64B3A6A","2026-06-17T21:41:52Z"
"SHARED","thomas_ calculus 12th","shared","resources/source-material/shared/Thomas_ Calculus 12th/maple/Ch1_intr.mw","Thomas_ Calculus 12th/maple/Ch1_intr.mw","Ch1_intr.mw",".mw","143587","5738B9113F96462BF754CA75A6B99BB96CA0C8C6231989366271EF9C11F3C4AC","2026-06-17T21:41:53Z"
"SHARED","thomas_ calculus 12th","shared","resources/source-material/shared/Thomas_ Calculus 12th/maple/Ch1_mod.mw","Thomas_ Calculus 12th/maple/Ch1_mod.mw","Ch1_mod.mw",".mw","142959","3F34546AED76C794B775D0DC5019161E626B3DC4825D6E3BA02E618A3CB04619","2026-06-17T21:41:53Z"
"SHARED","thomas_ calculus 12th","shared","resources/source-material/shared/Thomas_ Calculus 12th/maple/Ch10_rdt.mw","Thomas_ Calculus 12th/maple/Ch10_rdt.mw","Ch10_rdt.mw",".mw","142275","2550174BB0412C0833C3275EAB0680670D65C93D7A28163EBBFC2A8225E18A03","2026-06-17T21:41:53Z"
"SHARED","thomas_ calculus 12th","shared","resources/source-material/shared/Thomas_ Calculus 12th/maple/Ch11_bb.mw","Thomas_ Calculus 12th/maple/Ch11_bb.mw","Ch11_bb.mw",".mw","116002","4FDE7CB421CC10770DDA8D922D167D1A8AB56C6D0DE4ECDDE9B0C9D311521120","2026-06-17T21:41:53Z"
"SHARED","thomas_ calculus 12th","shared","resources/source-material/shared/Thomas_ Calculus 12th/maple/Ch11_fs.mw","Thomas_ Calculus 12th/maple/Ch11_fs.mw","Ch11_fs.mw",".mw","91503","2EE1403D8C127D38F9A3452D5A5D607950C50B05881B3EEF43F713930D5F339B","2026-06-17T21:41:53Z"
"SHARED","thomas_ calculus 12th","shared","resources/source-material/shared/Thomas_ Calculus 12th/maple/Ch11_ts.mw","Thomas_ Calculus 12th/maple/Ch11_ts.mw","Ch11_ts.mw",".mw","54289","89EC9EDC7D5DCEEB0BFDDDF5DF0F7C4ACA3B38592977BE69938AF26213EDDCB0","2026-06-17T21:41:53Z"
"SHARED","thomas_ calculus 12th","shared","resources/source-material/shared/Thomas_ Calculus 12th/maple/Ch12_lp.mw","Thomas_ Calculus 12th/maple/Ch12_lp.mw","Ch12_lp.mw",".mw","53938","DC7CA34808DCE1A056E3C22BC4262937905FF2A1DFAF9131324668C4B35D5749","2026-06-17T21:41:53Z"
"SHARED","thomas_ calculus 12th","shared","resources/source-material/shared/Thomas_ Calculus 12th/maple/Ch12_lt.mw","Thomas_ Calculus 12th/maple/Ch12_lt.mw","Ch12_lt.mw",".mw","76271","866A673F4B8F3D3AAB5AF3A9EBF20BDA41A47C5A394120E9DDE4C8284E8CC0D0","2026-06-17T21:41:53Z"
"SHARED","thomas_ calculus 12th","shared","resources/source-material/shared/Thomas_ Calculus 12th/maple/Ch12_plt.mw","Thomas_ Calculus 12th/maple/Ch12_plt.mw","Ch12_plt.mw",".mw","50254","2E39B6F197EAF7AFF8F81385A2962168F7D14423599DBE9EC4ACEFB4D511C031","2026-06-17T21:41:53Z"
"SHARED","thomas_ calculus 12th","shared","resources/source-material/shared/Thomas_ Calculus 12th/maple/Ch13_m2.mw","Thomas_ Calculus 12th/maple/Ch13_m2.mw","Ch13_m2.mw",".mw","58972","70FA5F153F5C23CA71BD990C85389E139B5C0424238ED6467D2CAE6C9F915146","2026-06-17T21:41:53Z"
"SHARED","thomas_ calculus 12th","shared","resources/source-material/shared/Thomas_ Calculus 12th/maple/Ch13_m3.mw","Thomas_ Calculus 12th/maple/Ch13_m3.mw","Ch13_m3.mw",".mw","84273","36B7EA29DC0B2EDC425430120C802C05A036085A85BEF62AE628CF6485D1A29C","2026-06-17T21:41:53Z"
"SHARED","thomas_ calculus 12th","shared","resources/source-material/shared/Thomas_ Calculus 12th/maple/Ch14_dd.mw","Thomas_ Calculus 12th/maple/Ch14_dd.mw","Ch14_dd.mw",".mw","66133","7FF930927C92DD721CCA52E80A9825255555D87E393051DA109C1912E186F367","2026-06-17T21:41:53Z"
"SHARED","thomas_ calculus 12th","shared","resources/source-material/shared/Thomas_ Calculus 12th/maple/Ch14_ff.mw","Thomas_ Calculus 12th/maple/Ch14_ff.mw","Ch14_ff.mw",".mw","66738","9B7C54D6FC3DC9A4F76D4E28EA048A623C6E1640D681A121F797491037EA05BD","2026-06-17T21:41:53Z"
"SHARED","thomas_ calculus 12th","shared","resources/source-material/shared/Thomas_ Calculus 12th/maple/Ch14_heq.mw","Thomas_ Calculus 12th/maple/Ch14_heq.mw","Ch14_heq.mw",".mw","64998","2971FDF9707D96A02B07242340A7D8A8068C7B1F70018757B3CA2205D677448A","2026-06-17T21:41:53Z"
"SHARED","thomas_ calculus 12th","shared","resources/source-material/shared/Thomas_ Calculus 12th/maple/Ch14_lag.mw","Thomas_ Calculus 12th/maple/Ch14_lag.mw","Ch14_lag.mw",".mw","50701","20162699BD0CE036F00638C7F50FDDEA2908E16F5AE06ABBEF3360AB5E769F09","2026-06-17T21:41:53Z"
"SHARED","thomas_ calculus 12th","shared","resources/source-material/shared/Thomas_ Calculus 12th/maple/Ch14_ps.mw","Thomas_ Calculus 12th/maple/Ch14_ps.mw","Ch14_ps.mw",".mw","54456","6A4D100958DDFD99B0E6AC1CB6D1EB957F1EF001630B016B534D2D4B2ACF4013","2026-06-17T21:41:53Z"
"SHARED","thomas_ calculus 12th","shared","resources/source-material/shared/Thomas_ Calculus 12th/maple/Ch15_mc3.mw","Thomas_ Calculus 12th/maple/Ch15_mc3.mw","Ch15_mc3.mw",".mw","44858","382D8758BA3622D17A21E5B92B08E559B17E71824C82ED79D3B8F5849D5C4C54","2026-06-17T21:41:53Z"
"SHARED","thomas_ calculus 12th","shared","resources/source-material/shared/Thomas_ Calculus 12th/maple/Ch15_mm.mw","Thomas_ Calculus 12th/maple/Ch15_mm.mw","Ch15_mm.mw",".mw","60252","868B1CC68A28D1DEACFE3A91EB0543DC57A5478841DF7B36E8F5BB4770F47F53","2026-06-17T21:41:53Z"
"SHARED","thomas_ calculus 12th","shared","resources/source-material/shared/Thomas_ Calculus 12th/maple/Ch15_vol.mw","Thomas_ Calculus 12th/maple/Ch15_vol.mw","Ch15_vol.mw",".mw","127575","4042B9FDF41FE9275953FDC73D27D71B5CB2EF42A0B09AE057A07B729FD2AF79","2026-06-17T21:41:53Z"
"SHARED","thomas_ calculus 12th","shared","resources/source-material/shared/Thomas_ Calculus 12th/maple/Ch16_div.mw","Thomas_ Calculus 12th/maple/Ch16_div.mw","Ch16_div.mw",".mw","53420","CB1F13419BA815FDD81CD0CFFD1BB421115E903C104BEE79390CA3012521121F","2026-06-17T21:41:53Z"
"SHARED","thomas_ calculus 12th","shared","resources/source-material/shared/Thomas_ Calculus 12th/maple/Ch16_grn.mw","Thomas_ Calculus 12th/maple/Ch16_grn.mw","Ch16_grn.mw",".mw","70980","C08DF7E1BA3A4EAEFC1C9EC8F5BFFD5CDBC0D38B3846DA0EE81DA2471B66D9B9","2026-06-17T21:41:53Z"
"SHARED","thomas_ calculus 12th","shared","resources/source-material/shared/Thomas_ Calculus 12th/maple/Ch16_wk.mw","Thomas_ Calculus 12th/maple/Ch16_wk.mw","Ch16_wk.mw",".mw","90587","0AC3066C360065701D384E9B67C6DD3D6978F2568BFD4E41B3C5ACE17DA2EAE9","2026-06-17T21:41:53Z"
"SHARED","thomas_ calculus 12th","shared","resources/source-material/shared/Thomas_ Calculus 12th/maple/Ch2_inf.mw","Thomas_ Calculus 12th/maple/Ch2_inf.mw","Ch2_inf.mw",".mw","113599","CDDAD18B95C89551E9FB4129080A4BAC021A7718FB5E06AE390225D86943F777","2026-06-17T21:41:53Z"
"SHARED","thomas_ calculus 12th","shared","resources/source-material/shared/Thomas_ Calculus 12th/maple/Ch2_lim.mw","Thomas_ Calculus 12th/maple/Ch2_lim.mw","Ch2_lim.mw",".mw","157559","D56EEA20A28B928A49C0CC86CCF79B86E4DCCC8666FC9DBD3C48ED3BF7FE6017","2026-06-17T21:41:53Z"
"SHARED","thomas_ calculus 12th","shared","resources/source-material/shared/Thomas_ Calculus 12th/maple/Ch3_lin.mw","Thomas_ Calculus 12th/maple/Ch3_lin.mw","Ch3_lin.mw",".mw","58521","3A663BB312F456338D24C3F352D25F31ACB4A39616B0E7FFD115CC11A0E9444A","2026-06-17T21:41:53Z"
"SHARED","thomas_ calculus 12th","shared","resources/source-material/shared/Thomas_ Calculus 12th/maple/Ch3_mo1.mw","Thomas_ Calculus 12th/maple/Ch3_mo1.mw","Ch3_mo1.mw",".mw","140500","D036541B2846019125F54ACEC12E91ACBDE043F8D261BED7FD8EE7D40C6B9861","2026-06-17T21:41:53Z"
"SHARED","thomas_ calculus 12th","shared","resources/source-material/shared/Thomas_ Calculus 12th/maple/Ch3_sec.mw","Thomas_ Calculus 12th/maple/Ch3_sec.mw","Ch3_sec.mw",".mw","84191","A2286DE7AAF587610FE8B43F7259C30B6771CFCF7D818CB92C881FB245276278","2026-06-17T21:41:53Z"
"SHARED","thomas_ calculus 12th","shared","resources/source-material/shared/Thomas_ Calculus 12th/maple/Ch4_nm.mw","Thomas_ Calculus 12th/maple/Ch4_nm.mw","Ch4_nm.mw",".mw","69447","015C76993AC0E1077FCDB0277914915019147770B9D90F14411ACED8BD6AFEBA","2026-06-17T21:41:53Z"
"SHARED","thomas_ calculus 12th","shared","resources/source-material/shared/Thomas_ Calculus 12th/maple/Ch5_rs.mw","Thomas_ Calculus 12th/maple/Ch5_rs.mw","Ch5_rs.mw",".mw","262290","90CD67C12AE35EA4CAB351B0077171F62F37D45B181D3485C72CA8DD5B287EB5","2026-06-17T21:41:53Z"
"SHARED","thomas_ calculus 12th","shared","resources/source-material/shared/Thomas_ Calculus 12th/maple/Ch6_avl.mw","Thomas_ Calculus 12th/maple/Ch6_avl.mw","Ch6_avl.mw",".mw","414201","8DD7DD35FAF06874AF8ED7BDBF06E681987C66F2477E5AF1A9C4E4734692583A","2026-06-17T21:41:53Z"
"SHARED","thomas_ calculus 12th","shared","resources/source-material/shared/Thomas_ Calculus 12th/maple/Ch6_bb.mw","Thomas_ Calculus 12th/maple/Ch6_bb.mw","Ch6_bb.mw",".mw","389645","9C5C739CC1AF16ECFDFF821BD0651C3150CA48C5C1DC7F504F6CB1C8D061162F","2026-06-17T21:41:53Z"
"SHARED","thomas_ calculus 12th","shared","resources/source-material/shared/Thomas_ Calculus 12th/maple/Ch7_dd.mw","Thomas_ Calculus 12th/maple/Ch7_dd.mw","Ch7_dd.mw",".mw","93978","32499F4648F71B4F1A8BB2D290F7D2B52333A7451948989F38034AFA54300F64","2026-06-17T21:41:53Z"
"SHARED","thomas_ calculus 12th","shared","resources/source-material/shared/Thomas_ Calculus 12th/maple/Ch8_int.mw","Thomas_ Calculus 12th/maple/Ch8_int.mw","Ch8_int.mw",".mw","59627","1E013EB0D9DA83447F1DAECF6F23E3CB4E236AA8544B3A4C3A07FFD311DEE795","2026-06-17T21:41:53Z"
"SHARED","thomas_ calculus 12th","shared","resources/source-material/shared/Thomas_ Calculus 12th/maple/Ch8_rts.mw","Thomas_ Calculus 12th/maple/Ch8_rts.mw","Ch8_rts.mw",".mw","133008","BCD386C055637C88E857B003FB26D0377AD43EA54C0371A0FA9A3C28A4698EA4","2026-06-17T21:41:53Z"
"SHARED","thomas_ calculus 12th","shared","resources/source-material/shared/Thomas_ Calculus 12th/maple/Ch9_sf.mw","Thomas_ Calculus 12th/maple/Ch9_sf.mw","Ch9_sf.mw",".mw","98925","7D210F8FA55EF04C0966F903CA88476C360759E512D8C6220D29B5BF105C3406","2026-06-17T21:41:53Z"
"SHARED","thomas_ calculus 12th","shared","resources/source-material/shared/Thomas_ Calculus 12th/mathematica/Ch1_intr.nb","Thomas_ Calculus 12th/mathematica/Ch1_intr.nb","Ch1_intr.nb",".nb","93684","36A0A63C4ED1E62FF731DE3DC251305A223C9D4723900B611CF76444C7AC23DD","2026-06-17T21:41:54Z"
"SHARED","thomas_ calculus 12th","shared","resources/source-material/shared/Thomas_ Calculus 12th/mathematica/Ch1_mod.nb","Thomas_ Calculus 12th/mathematica/Ch1_mod.nb","Ch1_mod.nb",".nb","135436","4885DE030110C695F73253EC2E6BBB9D74C371FFD50BC962B095EF3E1CC0B21C","2026-06-17T21:41:54Z"
"SHARED","thomas_ calculus 12th","shared","resources/source-material/shared/Thomas_ Calculus 12th/mathematica/Ch10_rdt.nb","Thomas_ Calculus 12th/mathematica/Ch10_rdt.nb","Ch10_rdt.nb",".nb","87604","03013043283DCBE551846504B2FF11849747AAFEF7CA7969C9700F438E94D18C","2026-06-17T21:41:53Z"
"SHARED","thomas_ calculus 12th","shared","resources/source-material/shared/Thomas_ Calculus 12th/mathematica/Ch11_bb.nb","Thomas_ Calculus 12th/mathematica/Ch11_bb.nb","Ch11_bb.nb",".nb","42872","E2FD8DA0DA7C42CE265EA9953FACE60C699AC5057B3D3B7119814C4D6E60EBA2","2026-06-17T21:41:53Z"
"SHARED","thomas_ calculus 12th","shared","resources/source-material/shared/Thomas_ Calculus 12th/mathematica/Ch11_fs.nb","Thomas_ Calculus 12th/mathematica/Ch11_fs.nb","Ch11_fs.nb",".nb","101735","7ED63FA71A932B4E2D47D8DAAD28C47035C4A4382618FBAF241B37458FB84BAA","2026-06-17T21:41:53Z"
"SHARED","thomas_ calculus 12th","shared","resources/source-material/shared/Thomas_ Calculus 12th/mathematica/Ch11_ts.nb","Thomas_ Calculus 12th/mathematica/Ch11_ts.nb","Ch11_ts.nb",".nb","38112","00CBA814DEA01EE6AB425F1CE6464FDB9684245F38DF4CDA12B8E75CF17FC1F1","2026-06-17T21:41:53Z"
"SHARED","thomas_ calculus 12th","shared","resources/source-material/shared/Thomas_ Calculus 12th/mathematica/Ch12_lp(1).nb","Thomas_ Calculus 12th/mathematica/Ch12_lp(1).nb","Ch12_lp(1).nb",".nb","29783","27C0F5CC87D3DB982941E3B94413B57EEA63038289667434195740BF58D39042","2026-06-17T21:41:53Z"
"SHARED","thomas_ calculus 12th","shared","resources/source-material/shared/Thomas_ Calculus 12th/mathematica/Ch12_lp.nb","Thomas_ Calculus 12th/mathematica/Ch12_lp.nb","Ch12_lp.nb",".nb","29783","27C0F5CC87D3DB982941E3B94413B57EEA63038289667434195740BF58D39042","2026-06-17T21:41:53Z"
"SHARED","thomas_ calculus 12th","shared","resources/source-material/shared/Thomas_ Calculus 12th/mathematica/Ch12_lt.nb","Thomas_ Calculus 12th/mathematica/Ch12_lt.nb","Ch12_lt.nb",".nb","77831","3E57407EA8B2089EFB0B40368E4576CAC8FA815C765158FEA2F06F20C7EDAA11","2026-06-17T21:41:54Z"
"SHARED","thomas_ calculus 12th","shared","resources/source-material/shared/Thomas_ Calculus 12th/mathematica/Ch12_plt.nb","Thomas_ Calculus 12th/mathematica/Ch12_plt.nb","Ch12_plt.nb",".nb","26400","F87248ED5E12E5F7A19F87C49649E37A16C6968A41DAB727AEF560DF71EC4778","2026-06-17T21:41:54Z"
"SHARED","thomas_ calculus 12th","shared","resources/source-material/shared/Thomas_ Calculus 12th/mathematica/Ch13_m2.nb","Thomas_ Calculus 12th/mathematica/Ch13_m2.nb","Ch13_m2.nb",".nb","52893","6CD55117F9E9289F13A4F2CEF78743D93E1380F6DDFFEE99E61C409FBEB5DB0A","2026-06-17T21:41:54Z"
"SHARED","thomas_ calculus 12th","shared","resources/source-material/shared/Thomas_ Calculus 12th/mathematica/Ch13_m3.nb","Thomas_ Calculus 12th/mathematica/Ch13_m3.nb","Ch13_m3.nb",".nb","81089","271C596BB902D7DADD392F7D37DF14A9C90B5D5EFF37B71D33D1AA74F51EB7CD","2026-06-17T21:41:54Z"
"SHARED","thomas_ calculus 12th","shared","resources/source-material/shared/Thomas_ Calculus 12th/mathematica/Ch14_dd.nb","Thomas_ Calculus 12th/mathematica/Ch14_dd.nb","Ch14_dd.nb",".nb","55690","61E9C7FC1AEF0C410AC1DC118F513CC43179DEC4B26B675F6D879BAAB5B93257","2026-06-17T21:41:54Z"
"SHARED","thomas_ calculus 12th","shared","resources/source-material/shared/Thomas_ Calculus 12th/mathematica/Ch14_ff.nb","Thomas_ Calculus 12th/mathematica/Ch14_ff.nb","Ch14_ff.nb",".nb","49044","754DBCB60B947AC9C8AC2464E219340B4AA45C22744DB50628181F4245C2DDD1","2026-06-17T21:41:54Z"
"SHARED","thomas_ calculus 12th","shared","resources/source-material/shared/Thomas_ Calculus 12th/mathematica/Ch14_heq.nb","Thomas_ Calculus 12th/mathematica/Ch14_heq.nb","Ch14_heq.nb",".nb","36106","3109AA3E7F3D17992F518F267FE49907D8A39AF933E3B60D245916F6ECF353C0","2026-06-17T21:41:54Z"
"SHARED","thomas_ calculus 12th","shared","resources/source-material/shared/Thomas_ Calculus 12th/mathematica/Ch14_lag(1).nb","Thomas_ Calculus 12th/mathematica/Ch14_lag(1).nb","Ch14_lag(1).nb",".nb","35551","65F29249843C608B2D83962A518BB9C298C62641E80B7ACAD33A76120BBB4CFA","2026-06-17T21:41:54Z"
"SHARED","thomas_ calculus 12th","shared","resources/source-material/shared/Thomas_ Calculus 12th/mathematica/Ch14_lag.nb","Thomas_ Calculus 12th/mathematica/Ch14_lag.nb","Ch14_lag.nb",".nb","35551","65F29249843C608B2D83962A518BB9C298C62641E80B7ACAD33A76120BBB4CFA","2026-06-17T21:41:54Z"
"SHARED","thomas_ calculus 12th","shared","resources/source-material/shared/Thomas_ Calculus 12th/mathematica/Ch14_ps(1).nb","Thomas_ Calculus 12th/mathematica/Ch14_ps(1).nb","Ch14_ps(1).nb",".nb","32138","E4A62E4343E497D7C3E55C99F157DE4264AE07CB5C1C9EB02AD13466CD2E4E31","2026-06-17T21:41:54Z"
"SHARED","thomas_ calculus 12th","shared","resources/source-material/shared/Thomas_ Calculus 12th/mathematica/Ch14_ps.nb","Thomas_ Calculus 12th/mathematica/Ch14_ps.nb","Ch14_ps.nb",".nb","32138","E4A62E4343E497D7C3E55C99F157DE4264AE07CB5C1C9EB02AD13466CD2E4E31","2026-06-17T21:41:54Z"
"SHARED","thomas_ calculus 12th","shared","resources/source-material/shared/Thomas_ Calculus 12th/mathematica/Ch15_mc3(1).nb","Thomas_ Calculus 12th/mathematica/Ch15_mc3(1).nb","Ch15_mc3(1).nb",".nb","31419","7038082E4AA6DC9A5A96DC2A2A63A200BD5FD902D8A907AB01ED661A40A2647F","2026-06-17T21:41:54Z"
"SHARED","thomas_ calculus 12th","shared","resources/source-material/shared/Thomas_ Calculus 12th/mathematica/Ch15_mc3.nb","Thomas_ Calculus 12th/mathematica/Ch15_mc3.nb","Ch15_mc3.nb",".nb","31419","7038082E4AA6DC9A5A96DC2A2A63A200BD5FD902D8A907AB01ED661A40A2647F","2026-06-17T21:41:54Z"
"SHARED","thomas_ calculus 12th","shared","resources/source-material/shared/Thomas_ Calculus 12th/mathematica/Ch15_mm.nb","Thomas_ Calculus 12th/mathematica/Ch15_mm.nb","Ch15_mm.nb",".nb","31761","5DCE768F9F8B1C5ED28ABD24B04EA1D74396DF37227FD9AC50F18E9347004C73","2026-06-17T21:41:54Z"
"SHARED","thomas_ calculus 12th","shared","resources/source-material/shared/Thomas_ Calculus 12th/mathematica/Ch15_vol(1).nb","Thomas_ Calculus 12th/mathematica/Ch15_vol(1).nb","Ch15_vol(1).nb",".nb","32160","FDEB411D293C97C1CAF12CB1E027EFAE357607E21302BD3B26B42BA80E0F813A","2026-06-17T21:41:54Z"
"SHARED","thomas_ calculus 12th","shared","resources/source-material/shared/Thomas_ Calculus 12th/mathematica/Ch15_vol.nb","Thomas_ Calculus 12th/mathematica/Ch15_vol.nb","Ch15_vol.nb",".nb","32160","FDEB411D293C97C1CAF12CB1E027EFAE357607E21302BD3B26B42BA80E0F813A","2026-06-17T21:41:54Z"
"SHARED","thomas_ calculus 12th","shared","resources/source-material/shared/Thomas_ Calculus 12th/mathematica/Ch16_div.nb","Thomas_ Calculus 12th/mathematica/Ch16_div.nb","Ch16_div.nb",".nb","37492","B460C5948129CAD6BAAC7D6071901107CE80F95107560530382E4B35B0A12790","2026-06-17T21:41:54Z"
"SHARED","thomas_ calculus 12th","shared","resources/source-material/shared/Thomas_ Calculus 12th/mathematica/Ch16_grn.nb","Thomas_ Calculus 12th/mathematica/Ch16_grn.nb","Ch16_grn.nb",".nb","49318","5C7E6CEF6C78F7F4728F366A1AA3D7817D5AC5891BCE4778190E895611EAEA4A","2026-06-17T21:41:54Z"
"SHARED","thomas_ calculus 12th","shared","resources/source-material/shared/Thomas_ Calculus 12th/mathematica/Ch16_wk.nb","Thomas_ Calculus 12th/mathematica/Ch16_wk.nb","Ch16_wk.nb",".nb","73485","ECC29EA6E27F3DE93CD9523A14AAE6EE9C3328DA46ADE0C6438061A8FADB6F62","2026-06-17T21:41:54Z"
"SHARED","thomas_ calculus 12th","shared","resources/source-material/shared/Thomas_ Calculus 12th/mathematica/Ch2_inf.nb","Thomas_ Calculus 12th/mathematica/Ch2_inf.nb","Ch2_inf.nb",".nb","47655","924BF81737E7F13AA34CCA6B43DF6A7A0D58892B41C7665471DA092DB4F3082C","2026-06-17T21:41:54Z"
"SHARED","thomas_ calculus 12th","shared","resources/source-material/shared/Thomas_ Calculus 12th/mathematica/Ch2_lim(1).nb","Thomas_ Calculus 12th/mathematica/Ch2_lim(1).nb","Ch2_lim(1).nb",".nb","62912","972C4EF0FA7FCF5B39C78D3A4688E47B1DE12711BD0FE469270998B9F4517BD2","2026-06-17T21:41:54Z"
"SHARED","thomas_ calculus 12th","shared","resources/source-material/shared/Thomas_ Calculus 12th/mathematica/Ch2_lim.nb","Thomas_ Calculus 12th/mathematica/Ch2_lim.nb","Ch2_lim.nb",".nb","62912","972C4EF0FA7FCF5B39C78D3A4688E47B1DE12711BD0FE469270998B9F4517BD2","2026-06-17T21:41:54Z"
"SHARED","thomas_ calculus 12th","shared","resources/source-material/shared/Thomas_ Calculus 12th/mathematica/Ch3_lin.nb","Thomas_ Calculus 12th/mathematica/Ch3_lin.nb","Ch3_lin.nb",".nb","22895","217834AB7D7E1A6E44F2A029ED2B340E3527E0870317EFCD7C197E28449DAB05","2026-06-17T21:41:54Z"
"SHARED","thomas_ calculus 12th","shared","resources/source-material/shared/Thomas_ Calculus 12th/mathematica/Ch3_mo1.nb","Thomas_ Calculus 12th/mathematica/Ch3_mo1.nb","Ch3_mo1.nb",".nb","138026","3137428218D03615DD4DF136E0D8E2E46808BC5A1B1FB4007A325C687117B670","2026-06-17T21:41:54Z"
"SHARED","thomas_ calculus 12th","shared","resources/source-material/shared/Thomas_ Calculus 12th/mathematica/Ch3_sec(1).nb","Thomas_ Calculus 12th/mathematica/Ch3_sec(1).nb","Ch3_sec(1).nb",".nb","43245","84FAC138051C91A50811E475BA9B0113053CFE7BCBDA88503522A5110E2016A3","2026-06-17T21:41:54Z"
"SHARED","thomas_ calculus 12th","shared","resources/source-material/shared/Thomas_ Calculus 12th/mathematica/Ch3_sec.nb","Thomas_ Calculus 12th/mathematica/Ch3_sec.nb","Ch3_sec.nb",".nb","43245","84FAC138051C91A50811E475BA9B0113053CFE7BCBDA88503522A5110E2016A3","2026-06-17T21:41:54Z"
"SHARED","thomas_ calculus 12th","shared","resources/source-material/shared/Thomas_ Calculus 12th/mathematica/Ch4_nm.nb","Thomas_ Calculus 12th/mathematica/Ch4_nm.nb","Ch4_nm.nb",".nb","52968","57D17B63A7456FAC50624E57B5C090D3B4DC6F4888275873057B9FCF9E6A5711","2026-06-17T21:41:54Z"
"SHARED","thomas_ calculus 12th","shared","resources/source-material/shared/Thomas_ Calculus 12th/mathematica/Ch5_mo2.nb","Thomas_ Calculus 12th/mathematica/Ch5_mo2.nb","Ch5_mo2.nb",".nb","140428","193811676C972B86DAA076F3E295AF9FA72D481C7456E2324AE832D8C5999F25","2026-06-17T21:41:54Z"
"SHARED","thomas_ calculus 12th","shared","resources/source-material/shared/Thomas_ Calculus 12th/mathematica/Ch5_rc.nb","Thomas_ Calculus 12th/mathematica/Ch5_rc.nb","Ch5_rc.nb",".nb","124412","6228D29400ABFF11890D61D2329895F27E47C78E3272B7BCEB563DA3A9FF2BEE","2026-06-17T21:41:54Z"
"SHARED","thomas_ calculus 12th","shared","resources/source-material/shared/Thomas_ Calculus 12th/mathematica/Ch5_rs.nb","Thomas_ Calculus 12th/mathematica/Ch5_rs.nb","Ch5_rs.nb",".nb","110451","FEC1ACF1390092E77AF43C4DA9B31F2D15C8759B93232B9646C168D9C1C24714","2026-06-17T21:41:54Z"
"SHARED","thomas_ calculus 12th","shared","resources/source-material/shared/Thomas_ Calculus 12th/mathematica/Ch6_avl(1).nb","Thomas_ Calculus 12th/mathematica/Ch6_avl(1).nb","Ch6_avl(1).nb",".nb","215522","71CC9C9C6A118E5598C76C8B6656518FB80E6792981341BFE6AD4F20FA48ED89","2026-06-17T21:41:54Z"
"SHARED","thomas_ calculus 12th","shared","resources/source-material/shared/Thomas_ Calculus 12th/mathematica/Ch6_avl.nb","Thomas_ Calculus 12th/mathematica/Ch6_avl.nb","Ch6_avl.nb",".nb","215522","71CC9C9C6A118E5598C76C8B6656518FB80E6792981341BFE6AD4F20FA48ED89","2026-06-17T21:41:54Z"
"SHARED","thomas_ calculus 12th","shared","resources/source-material/shared/Thomas_ Calculus 12th/mathematica/Ch6_bb(1).nb","Thomas_ Calculus 12th/mathematica/Ch6_bb(1).nb","Ch6_bb(1).nb",".nb","195056","C752B335FB5271FCE6A0CA548BA9B7B010957C8310891FC2FBD1343C8247651D","2026-06-17T21:41:54Z"
"SHARED","thomas_ calculus 12th","shared","resources/source-material/shared/Thomas_ Calculus 12th/mathematica/Ch6_bb.nb","Thomas_ Calculus 12th/mathematica/Ch6_bb.nb","Ch6_bb.nb",".nb","195056","C752B335FB5271FCE6A0CA548BA9B7B010957C8310891FC2FBD1343C8247651D","2026-06-17T21:41:55Z"
"SHARED","thomas_ calculus 12th","shared","resources/source-material/shared/Thomas_ Calculus 12th/mathematica/Ch6_bcj.nb","Thomas_ Calculus 12th/mathematica/Ch6_bcj.nb","Ch6_bcj.nb",".nb","59358","0373F79791C3F49969A9C28771DD8B39D98F2F7701805AE5D0E58839BB454821","2026-06-17T21:41:55Z"
"SHARED","thomas_ calculus 12th","shared","resources/source-material/shared/Thomas_ Calculus 12th/mathematica/Ch7_dd.nb","Thomas_ Calculus 12th/mathematica/Ch7_dd.nb","Ch7_dd.nb",".nb","58640","11C3428D3BC1E3E0373480265B3C1B7CA888F4F9216C5B4D168A22250FE5EC3E","2026-06-17T21:41:55Z"
"SHARED","thomas_ calculus 12th","shared","resources/source-material/shared/Thomas_ Calculus 12th/mathematica/Ch8_int.nb","Thomas_ Calculus 12th/mathematica/Ch8_int.nb","Ch8_int.nb",".nb","38790","81A9A935723E5CF5994CCEF3E3EAB800E86935A47D5C4E343BE84745E5040523","2026-06-17T21:41:55Z"
"SHARED","thomas_ calculus 12th","shared","resources/source-material/shared/Thomas_ Calculus 12th/mathematica/Ch8_rts(1).nb","Thomas_ Calculus 12th/mathematica/Ch8_rts(1).nb","Ch8_rts(1).nb",".nb","103288","8F54064B9B86263D743D9C0F7FCF42CA703B46EA12D56054C7F3B6CAB93C550E","2026-06-17T21:41:55Z"
"SHARED","thomas_ calculus 12th","shared","resources/source-material/shared/Thomas_ Calculus 12th/mathematica/Ch8_rts.nb","Thomas_ Calculus 12th/mathematica/Ch8_rts.nb","Ch8_rts.nb",".nb","103288","8F54064B9B86263D743D9C0F7FCF42CA703B46EA12D56054C7F3B6CAB93C550E","2026-06-17T21:41:55Z"
"SHARED","thomas_ calculus 12th","shared","resources/source-material/shared/Thomas_ Calculus 12th/mathematica/Ch9_sf.nb","Thomas_ Calculus 12th/mathematica/Ch9_sf.nb","Ch9_sf.nb",".nb","47766","C45A17BD9306566E6115F531CA975827D6EE3620AA8B285FA89DEA7EBB659EEE","2026-06-17T21:41:55Z"
"SHARED","thomas_ calculus 12th","shared","resources/source-material/shared/Thomas_ Calculus 12th/powerpoint/tcu12_ppt_ch01.ppsx","Thomas_ Calculus 12th/powerpoint/tcu12_ppt_ch01.ppsx","tcu12_ppt_ch01.ppsx",".ppsx","2892727","3E41705BE0B3D9C5C0924BDA02751AE7E24AB05AF365647BDB5C4E4340C298CE","2026-06-17T21:41:55Z"
"SHARED","thomas_ calculus 12th","shared","resources/source-material/shared/Thomas_ Calculus 12th/powerpoint/tcu12_ppt_ch01.ppt","Thomas_ Calculus 12th/powerpoint/tcu12_ppt_ch01.ppt","tcu12_ppt_ch01.ppt",".ppt","2869760","858FD4CF770BD4E372913EF7A73191FF9CCB2A281C4AD95036ADE9F0C1B5C575","2026-06-17T21:41:55Z"
"SHARED","thomas_ calculus 12th","shared","resources/source-material/shared/Thomas_ Calculus 12th/powerpoint/tcu12_ppt_ch02.ppt","Thomas_ Calculus 12th/powerpoint/tcu12_ppt_ch02.ppt","tcu12_ppt_ch02.ppt",".ppt","3412992","7B3AB385DEB5A132D71AAEC403F15ADBB3753E03B862793F4B93475D9CFBB589","2026-06-17T21:41:55Z"
"SHARED","thomas_ calculus 12th","shared","resources/source-material/shared/Thomas_ Calculus 12th/powerpoint/tcu12_ppt_ch03.ppt","Thomas_ Calculus 12th/powerpoint/tcu12_ppt_ch03.ppt","tcu12_ppt_ch03.ppt",".ppt","2889728","7F7DB10D687D7D9EE7A96965762CA8D299A92BFE3A6A484522434C937C9C8689","2026-06-17T21:41:55Z"
"SHARED","thomas_ calculus 12th","shared","resources/source-material/shared/Thomas_ Calculus 12th/powerpoint/tcu12_ppt_ch04.ppt","Thomas_ Calculus 12th/powerpoint/tcu12_ppt_ch04.ppt","tcu12_ppt_ch04.ppt",".ppt","2972672","D9713E28457E57C776150CEC4FBF17AE25153C210CBDF848D40B47FEEDED9235","2026-06-17T21:41:55Z"
"SHARED","thomas_ calculus 12th","shared","resources/source-material/shared/Thomas_ Calculus 12th/powerpoint/tcu12_ppt_ch06.ppt","Thomas_ Calculus 12th/powerpoint/tcu12_ppt_ch06.ppt","tcu12_ppt_ch06.ppt",".ppt","12796416","5A3CE0FD656D02668D75024CC2E81A99D03DBFEC5FD1F0AC82E8BC91A3AE5425","2026-06-17T21:41:55Z"
"SHARED","thomas_ calculus 12th","shared","resources/source-material/shared/Thomas_ Calculus 12th/powerpoint/tcu12_ppt_ch07.ppt","Thomas_ Calculus 12th/powerpoint/tcu12_ppt_ch07.ppt","tcu12_ppt_ch07.ppt",".ppt","2595328","0BDC697078844EA2E91388167381928FD3F539226F593BF3F01A27EE0059B3F1","2026-06-17T21:41:55Z"
"SHARED","thomas_ calculus 12th","shared","resources/source-material/shared/Thomas_ Calculus 12th/powerpoint/tcu12_ppt_ch08.ppt","Thomas_ Calculus 12th/powerpoint/tcu12_ppt_ch08.ppt","tcu12_ppt_ch08.ppt",".ppt","2480128","E37983657554F31B82507A728C7D3C0A38D1B9ED6151002F0B6B921578B18688","2026-06-17T21:41:55Z"
"SHARED","thomas_ calculus 12th","shared","resources/source-material/shared/Thomas_ Calculus 12th/powerpoint/tcu12_ppt_ch09.ppt","Thomas_ Calculus 12th/powerpoint/tcu12_ppt_ch09.ppt","tcu12_ppt_ch09.ppt",".ppt","2710016","CE18752142E5D2961289514D33A3189394FC41639572CE38DD438066FEA5907F","2026-06-17T21:41:55Z"
"SHARED","thomas_ calculus 12th","shared","resources/source-material/shared/Thomas_ Calculus 12th/powerpoint/tcu12_ppt_ch10.ppt","Thomas_ Calculus 12th/powerpoint/tcu12_ppt_ch10.ppt","tcu12_ppt_ch10.ppt",".ppt","4630016","A751B23E1754C28F5612744E472FE446981D814FCDF6BB1DB5D253689498843B","2026-06-17T21:41:55Z"
"SHARED","thomas_ calculus 12th","shared","resources/source-material/shared/Thomas_ Calculus 12th/powerpoint/tcu12_ppt_ch11.ppt","Thomas_ Calculus 12th/powerpoint/tcu12_ppt_ch11.ppt","tcu12_ppt_ch11.ppt",".ppt","3527680","7985BEAF1783E04E6DA45628AEB75F40E3EE9E329D80CC37A70A8E8EBEA3CF5E","2026-06-17T21:41:55Z"
"SHARED","thomas_ calculus 12th","shared","resources/source-material/shared/Thomas_ Calculus 12th/powerpoint/tcu12_ppt_ch12.ppt","Thomas_ Calculus 12th/powerpoint/tcu12_ppt_ch12.ppt","tcu12_ppt_ch12.ppt",".ppt","5698559","4C77F32DBD7B5EC17B7FCAB6E965DBED81F40694E46EFFD71669035F65A4D01D","2026-06-17T21:41:55Z"
"SHARED","thomas_ calculus 12th","shared","resources/source-material/shared/Thomas_ Calculus 12th/powerpoint/tcu12_ppt_ch13.ppt","Thomas_ Calculus 12th/powerpoint/tcu12_ppt_ch13.ppt","tcu12_ppt_ch13.ppt",".ppt","3052032","193F5EB24B643680B49A612888A133F84DC562218A118143FF391611091CE3D7","2026-06-17T21:41:55Z"
"SHARED","thomas_ calculus 12th","shared","resources/source-material/shared/Thomas_ Calculus 12th/powerpoint/tcu12_ppt_ch14.ppt","Thomas_ Calculus 12th/powerpoint/tcu12_ppt_ch14.ppt","tcu12_ppt_ch14.ppt",".ppt","11937792","480601305E4BF6A25C034001C97FBDD3CBD4C16B5099C7B6507C652A623708E2","2026-06-17T21:41:55Z"
"SHARED","thomas_ calculus 12th","shared","resources/source-material/shared/Thomas_ Calculus 12th/powerpoint/tcu12_ppt_ch15.ppt","Thomas_ Calculus 12th/powerpoint/tcu12_ppt_ch15.ppt","tcu12_ppt_ch15.ppt",".ppt","7517696","06EFC8B2006FF67AC92EF79D2347817CEA4440487262C4410CD5E8491B511A21","2026-06-17T21:41:55Z"
"SHARED","thomas_ calculus 12th","shared","resources/source-material/shared/Thomas_ Calculus 12th/powerpoint/tcu12_ppt_ch16.ppt","Thomas_ Calculus 12th/powerpoint/tcu12_ppt_ch16.ppt","tcu12_ppt_ch16.ppt",".ppt","11058688","347278D18C1763E93973663488A8239FFBB08181ED11C83CADF48742F853968F","2026-06-17T21:41:55Z"
"SHARED","thomas_ calculus 12th","shared","resources/source-material/shared/Thomas_ Calculus 12th/powerpoint/tcu12_ppt_ch17.ppt","Thomas_ Calculus 12th/powerpoint/tcu12_ppt_ch17.ppt","tcu12_ppt_ch17.ppt",".ppt","1032704","386588D35D4AC0C7A72980BC88540DDC33F2A2A51ADB59EA3591EFF0E2EDB3DE","2026-06-17T21:41:55Z"
"SHARED","thomas_ calculus 12th","shared","resources/source-material/shared/Thomas_ Calculus 12th/SolutionMulti/032160072X_ISM_PW(1).pdf","Thomas_ Calculus 12th/SolutionMulti/032160072X_ISM_PW(1).pdf","032160072X_ISM_PW(1).pdf",".pdf","13303428","2CF6597EFC07F390A9691729DC410C8E4F2599950D169E72AA660A969CBC9BBC","2026-06-17T21:41:55Z"
"SHARED","thomas_ calculus 12th","shared","resources/source-material/shared/Thomas_ Calculus 12th/SolutionMulti/032160072X_ISM_PW.pdf","Thomas_ Calculus 12th/SolutionMulti/032160072X_ISM_PW.pdf","032160072X_ISM_PW.pdf",".pdf","13303428","2CF6597EFC07F390A9691729DC410C8E4F2599950D169E72AA660A969CBC9BBC","2026-06-17T21:41:55Z"
"SHARED","thomas_ calculus 12th","shared","resources/source-material/shared/Thomas_ Calculus 12th/SolutionSingle/608070 _ISM_ThomasCalc_WeirHass_ttl.qxd_harsh_569709_ttl(1).pdf","Thomas_ Calculus 12th/SolutionSingle/608070 _ISM_ThomasCalc_WeirHass_ttl.qxd_harsh_569709_ttl(1).pdf","608070 _ISM_ThomasCalc_WeirHass_ttl.qxd_harsh_569709_ttl(1).pdf",".pdf","52788","BBBF2DACA8870D28BE353754FD922F6FF15CC4B134D70B6C8D5E890EF573BBD3","2026-06-17T21:41:55Z"
"SHARED","thomas_ calculus 12th","shared","resources/source-material/shared/Thomas_ Calculus 12th/SolutionSingle/608070 _ISM_ThomasCalc_WeirHass_ttl.qxd_harsh_569709_ttl.pdf","Thomas_ Calculus 12th/SolutionSingle/608070 _ISM_ThomasCalc_WeirHass_ttl.qxd_harsh_569709_ttl.pdf","608070 _ISM_ThomasCalc_WeirHass_ttl.qxd_harsh_569709_ttl.pdf",".pdf","52788","BBBF2DACA8870D28BE353754FD922F6FF15CC4B134D70B6C8D5E890EF573BBD3","2026-06-17T21:41:55Z"
"SHARED","thomas_ calculus 12th","shared","resources/source-material/shared/Thomas_ Calculus 12th/SolutionSingle/ISM_T12_PRE_VI.pdf","Thomas_ Calculus 12th/SolutionSingle/ISM_T12_PRE_VI.pdf","ISM_T12_PRE_VI.pdf",".pdf","29548","0D714706EEBA171C91323F4C2A0A016A0C397F1F249450B2CC3D0815BEA274DA","2026-06-17T21:41:56Z"
"SHARED","thomas_ calculus 12th","shared","resources/source-material/shared/Thomas_ Calculus 12th/SolutionSingle/ISMT12_C01_A.pdf","Thomas_ Calculus 12th/SolutionSingle/ISMT12_C01_A.pdf","ISMT12_C01_A.pdf",".pdf","575394","AC3F1CE14BCA18825CA2E338830E760A9813D0736F53E60428EFA0CFA7907FEC","2026-06-17T21:41:55Z"
"SHARED","thomas_ calculus 12th","shared","resources/source-material/shared/Thomas_ Calculus 12th/SolutionSingle/ISMT12_C01_B.pdf","Thomas_ Calculus 12th/SolutionSingle/ISMT12_C01_B.pdf","ISMT12_C01_B.pdf",".pdf","415036","8A6886C25580503D575CCBCC0791056F8988D41F2AB587823837890C8D5A6E0C","2026-06-17T21:41:55Z"
"SHARED","thomas_ calculus 12th","shared","resources/source-material/shared/Thomas_ Calculus 12th/SolutionSingle/ISMT12_C01_C.pdf","Thomas_ Calculus 12th/SolutionSingle/ISMT12_C01_C.pdf","ISMT12_C01_C.pdf",".pdf","789684","FEF220B1477BBA04B34CD205A07C9319E4D8903CF0B13AC4D9AD3921EA0D51CB","2026-06-17T21:41:55Z"
"SHARED","thomas_ calculus 12th","shared","resources/source-material/shared/Thomas_ Calculus 12th/SolutionSingle/ISMT12_C01_D.pdf","Thomas_ Calculus 12th/SolutionSingle/ISMT12_C01_D.pdf","ISMT12_C01_D.pdf",".pdf","654920","018FF7DCCC57FB75D7B0624DC33DF1E3C63291593279045C37AFFF1BD6FFA269","2026-06-17T21:41:55Z"
"SHARED","thomas_ calculus 12th","shared","resources/source-material/shared/Thomas_ Calculus 12th/SolutionSingle/ISMT12_C02_A.pdf","Thomas_ Calculus 12th/SolutionSingle/ISMT12_C02_A.pdf","ISMT12_C02_A.pdf",".pdf","875640","839A8FB42A0DD245201D7D31FCCF01C271BE2C038F0A17E66C00BDEA866B66F8","2026-06-17T21:41:55Z"
"SHARED","thomas_ calculus 12th","shared","resources/source-material/shared/Thomas_ Calculus 12th/SolutionSingle/ISMT12_C02_B.pdf","Thomas_ Calculus 12th/SolutionSingle/ISMT12_C02_B.pdf","ISMT12_C02_B.pdf",".pdf","543800","80B08E05145365AA7DFB104EF285581B5FA55152A43EDB8D93352F71329088F0","2026-06-17T21:41:55Z"
"SHARED","thomas_ calculus 12th","shared","resources/source-material/shared/Thomas_ Calculus 12th/SolutionSingle/ISMT12_C03_A.pdf","Thomas_ Calculus 12th/SolutionSingle/ISMT12_C03_A.pdf","ISMT12_C03_A.pdf",".pdf","1033059","E875F45D1451C7E944C128198FDCB2F75C327EACCEE82815E32B088DA8674983","2026-06-17T21:41:56Z"
"SHARED","thomas_ calculus 12th","shared","resources/source-material/shared/Thomas_ Calculus 12th/SolutionSingle/ISMT12_C03_B.pdf","Thomas_ Calculus 12th/SolutionSingle/ISMT12_C03_B.pdf","ISMT12_C03_B.pdf",".pdf","1254297","869E4A2050A81FDD1034C082290E7867E7BAEEE46699CF9EF4D2676F4FF30114","2026-06-17T21:41:56Z"
"SHARED","thomas_ calculus 12th","shared","resources/source-material/shared/Thomas_ Calculus 12th/SolutionSingle/ISMT12_C04_A.pdf","Thomas_ Calculus 12th/SolutionSingle/ISMT12_C04_A.pdf","ISMT12_C04_A.pdf",".pdf","638401","A7BF4CC6ABC5C64A9EBAF15199011E8E0B8447C4519C8535BD0086A9DCB1E789","2026-06-17T21:41:56Z"
"SHARED","thomas_ calculus 12th","shared","resources/source-material/shared/Thomas_ Calculus 12th/SolutionSingle/ISMT12_C04_B.pdf","Thomas_ Calculus 12th/SolutionSingle/ISMT12_C04_B.pdf","ISMT12_C04_B.pdf",".pdf","879523","99F8DF6E0B0F7D9D2B9D276D8F97EECCA703CE1D90BECC206E6ED1C6BD3EE546","2026-06-17T21:41:56Z"
"SHARED","thomas_ calculus 12th","shared","resources/source-material/shared/Thomas_ Calculus 12th/SolutionSingle/ISMT12_C04_C.pdf","Thomas_ Calculus 12th/SolutionSingle/ISMT12_C04_C.pdf","ISMT12_C04_C.pdf",".pdf","1142375","6C9EC54E828B844C00898674C63540CD0800D9AC75F7267E9F8996F493BD5735","2026-06-17T21:41:56Z"
"SHARED","thomas_ calculus 12th","shared","resources/source-material/shared/Thomas_ Calculus 12th/SolutionSingle/ISMT12_C04_D.pdf","Thomas_ Calculus 12th/SolutionSingle/ISMT12_C04_D.pdf","ISMT12_C04_D.pdf",".pdf","1175399","9434056B01CB82F02320EF392049A76D1631A15B2ECD865887522081E011B5E3","2026-06-17T21:41:56Z"
"SHARED","thomas_ calculus 12th","shared","resources/source-material/shared/Thomas_ Calculus 12th/SolutionSingle/ISMT12_C05_A.pdf","Thomas_ Calculus 12th/SolutionSingle/ISMT12_C05_A.pdf","ISMT12_C05_A.pdf",".pdf","750192","7F019BE6D539A4AA369AF08D324F3907CBC6F61FFFACC6B2F68242EEB2FD7902","2026-06-17T21:41:56Z"
"SHARED","thomas_ calculus 12th","shared","resources/source-material/shared/Thomas_ Calculus 12th/SolutionSingle/ISMT12_C05_B.pdf","Thomas_ Calculus 12th/SolutionSingle/ISMT12_C05_B.pdf","ISMT12_C05_B.pdf",".pdf","1598875","B33CDEF58BF981B08418B71E1233538509B77811B98F4801D1824297A6091CC9","2026-06-17T21:41:56Z"
"SHARED","thomas_ calculus 12th","shared","resources/source-material/shared/Thomas_ Calculus 12th/SolutionSingle/ISMT12_C05_C.pdf","Thomas_ Calculus 12th/SolutionSingle/ISMT12_C05_C.pdf","ISMT12_C05_C.pdf",".pdf","1813506","449C05CEB6D60A00E79667E320925B697D04163ADB95F0824E8ACDB52CC8727B","2026-06-17T21:41:56Z"
"SHARED","thomas_ calculus 12th","shared","resources/source-material/shared/Thomas_ Calculus 12th/SolutionSingle/ISMT12_C06_A.pdf","Thomas_ Calculus 12th/SolutionSingle/ISMT12_C06_A.pdf","ISMT12_C06_A.pdf",".pdf","2376716","47CE67A32D12D1C4F9F6504D31F60FC184CA9E65052915C5669AB801E6A7876C","2026-06-17T21:41:56Z"
"SHARED","thomas_ calculus 12th","shared","resources/source-material/shared/Thomas_ Calculus 12th/SolutionSingle/ISMT12_C06_B.pdf","Thomas_ Calculus 12th/SolutionSingle/ISMT12_C06_B.pdf","ISMT12_C06_B.pdf",".pdf","1854028","AB22CAEB808C49E5D3339A2DDDD1C5BA40D3A8FCE7B9D0119A7F23F4138B6EC2","2026-06-17T21:41:56Z"
"SHARED","thomas_ calculus 12th","shared","resources/source-material/shared/Thomas_ Calculus 12th/SolutionSingle/ISMT12_C06_C.pdf","Thomas_ Calculus 12th/SolutionSingle/ISMT12_C06_C.pdf","ISMT12_C06_C.pdf",".pdf","1268584","8683DD7C4E8DE9C351417E64D377D7C99F4122A9590992A8D6177E5DAE025E55","2026-06-17T21:41:56Z"
"SHARED","thomas_ calculus 12th","shared","resources/source-material/shared/Thomas_ Calculus 12th/SolutionSingle/ISMT12_C07_A.pdf","Thomas_ Calculus 12th/SolutionSingle/ISMT12_C07_A.pdf","ISMT12_C07_A.pdf",".pdf","2006634","91103BFFA5EA32B1AE446A13B800128772CEB0E5A5337ABEC94260A3E6116093","2026-06-17T21:41:56Z"
"SHARED","thomas_ calculus 12th","shared","resources/source-material/shared/Thomas_ Calculus 12th/SolutionSingle/ISMT12_C08_A.pdf","Thomas_ Calculus 12th/SolutionSingle/ISMT12_C08_A.pdf","ISMT12_C08_A.pdf",".pdf","2088159","7F1A5CA6E7EC86253CBE925A9C5A2E302B0DF920EC17E53063A9F7532F39421C","2026-06-17T21:41:56Z"
"SHARED","thomas_ calculus 12th","shared","resources/source-material/shared/Thomas_ Calculus 12th/SolutionSingle/ISMT12_C09_A.pdf","Thomas_ Calculus 12th/SolutionSingle/ISMT12_C09_A.pdf","ISMT12_C09_A.pdf",".pdf","1287277","5CD43F52D80D66A1A7305D9C6A8FD68D09152F67244D537608970B2EACA5E722","2026-06-17T21:41:56Z"
"SHARED","thomas_ calculus 12th","shared","resources/source-material/shared/Thomas_ Calculus 12th/SolutionSingle/ISMT12_C09_B(1).pdf","Thomas_ Calculus 12th/SolutionSingle/ISMT12_C09_B(1).pdf","ISMT12_C09_B(1).pdf",".pdf","1196224","78C0C0ED453247A2577D859488C893C94AAEDD1EF9FF2169E4B403E4722513BC","2026-06-17T21:41:56Z"
"SHARED","thomas_ calculus 12th","shared","resources/source-material/shared/Thomas_ Calculus 12th/SolutionSingle/ISMT12_C09_B.pdf","Thomas_ Calculus 12th/SolutionSingle/ISMT12_C09_B.pdf","ISMT12_C09_B.pdf",".pdf","1196224","78C0C0ED453247A2577D859488C893C94AAEDD1EF9FF2169E4B403E4722513BC","2026-06-17T21:41:56Z"
"SHARED","thomas_ calculus 12th","shared","resources/source-material/shared/Thomas_ Calculus 12th/SolutionSingle/ISMT12_C10_A.pdf","Thomas_ Calculus 12th/SolutionSingle/ISMT12_C10_A.pdf","ISMT12_C10_A.pdf",".pdf","1607323","93AF5FE0FB340A7D83EEB90C14AEC07910EC7064F654ACF8F25723EAEB5B081F","2026-06-17T21:41:56Z"
"SHARED","thomas_ calculus 12th","shared","resources/source-material/shared/Thomas_ Calculus 12th/SolutionSingle/ISMT12_C11_A.pdf","Thomas_ Calculus 12th/SolutionSingle/ISMT12_C11_A.pdf","ISMT12_C11_A.pdf",".pdf","1154620","02C75FFA142A462195250118ABBF6D10A4A56B7CCF64D387478D40001D146D4A","2026-06-17T21:41:56Z"
"SHARED","thomas_ calculus 12th","shared","resources/source-material/shared/Thomas_ Calculus 12th/SolutionSingle/ISMT12_C11_B.pdf","Thomas_ Calculus 12th/SolutionSingle/ISMT12_C11_B.pdf","ISMT12_C11_B.pdf",".pdf","1289929","914A75FFE014907F30885C491E2D4A4CF4B1A04B36DFDAF890640CE9A18DD064","2026-06-17T21:41:56Z"
"SHARED","thomas_ calculus 12th","shared","resources/source-material/shared/Thomas_ Calculus 12th/SolutionSingle/ISMT12_C11_C.pdf","Thomas_ Calculus 12th/SolutionSingle/ISMT12_C11_C.pdf","ISMT12_C11_C.pdf",".pdf","1198131","67ECA66C1D312D1A0FB81EB71A249374AACAFF1C7F93EE1C071818CA4B27F3AE","2026-06-17T21:41:56Z"
"SHARED","thomas_ calculus 12th","shared","resources/source-material/shared/Thomas_ Calculus 12th/SolutionSingle/ISMT12_C11_D.pdf","Thomas_ Calculus 12th/SolutionSingle/ISMT12_C11_D.pdf","ISMT12_C11_D.pdf",".pdf","755705","197DA2778649B6C0B7F890198975A9DA0AF3C19920E353D952C1B8A076280074","2026-06-17T21:41:56Z"
"SHARED","thomas_ calculus 12th","shared","resources/source-material/shared/Thomas_ Calculus 12th/tcu12_crc_multi.pdf","Thomas_ Calculus 12th/tcu12_crc_multi.pdf","tcu12_crc_multi.pdf",".pdf","212143","C88C5A582EF46F9585DCB625A1C38ADE1C3C64028E1F2BDE5E0A4EE0ABF5C399","2026-06-17T21:41:52Z"
"SHARED","thomas_ calculus 12th","shared","resources/source-material/shared/Thomas_ Calculus 12th/tcu12_crc_single.pdf","Thomas_ Calculus 12th/tcu12_crc_single.pdf","tcu12_crc_single.pdf",".pdf","184491","B8E4FD6CC1D04CC79861956984CD7066C737DD780AAA784223ED2760DBEE6D8F","2026-06-17T21:41:52Z"
"SHARED","thomas_ calculus 12th","shared","resources/source-material/shared/Thomas_ Calculus 12th/tcu12_r2.pdf","Thomas_ Calculus 12th/tcu12_r2.pdf","tcu12_r2.pdf",".pdf","369559754","66A2F1E16A9D47875C6B4FC964FC1487C58DDCF56D62086D7DB0632152C4D2B5","2026-06-17T21:41:53Z"
"SHARED","thrive_ the third metric to red - huffington, arianna.epub","shared","resources/source-material/shared/Thrive_ The Third Metric to Red - Huffington, Arianna.epub","Thrive_ The Third Metric to Red - Huffington, Arianna.epub","Thrive_ The Third Metric to Red - Huffington, Arianna.epub",".epub","313862","2BA26FD635EA2E858212AD70C38B3E2B1F76BEA01CB7B9A9FD51B5D32AB3DFDF","2026-06-17T21:41:46Z"
"SHARED","tian g. microeconomic theory (ln, tamu, 2004)(253s)_gc_.pdf","shared","resources/source-material/shared/Tian G. Microeconomic theory (LN, TAMU, 2004)(253s)_GC_.pdf","Tian G. Microeconomic theory (LN, TAMU, 2004)(253s)_GC_.pdf","Tian G. Microeconomic theory (LN, TAMU, 2004)(253s)_GC_.pdf",".pdf","1743146","84EC5674621592C07ECD1F1BFB9E665A24795996398E42345C48E34CB99A53AB","2026-06-17T21:41:46Z"
"SHARED","tilman - financial darwinism_ create value or self-destruct in a world of risk (2009).epub","shared","resources/source-material/shared/Tilman - Financial Darwinism_ Create Value or Self-Destruct in a World of Risk (2009).epub","Tilman - Financial Darwinism_ Create Value or Self-Destruct in a World of Risk (2009).epub","Tilman - Financial Darwinism_ Create Value or Self-Destruct in a World of Risk (2009).epub",".epub","3484736","1069569E605D4E10518CD0D94435363EEE7B6ECF34CC184221EC1A1AAC299E08","2026-06-17T21:41:46Z"
"SHARED","time series and spectral methods in econometrics.pdf","shared","resources/source-material/shared/Time Series and SPectral Methods in Econometrics.PDF","Time Series and SPectral Methods in Econometrics.PDF","Time Series and SPectral Methods in Econometrics.PDF",".pdf","2679577","490B1202987829FFD2E23DACC3B3C9C814AB6F00CBC9CC122A891CC83C259379","2026-06-17T21:41:47Z"
"SHARED","tobocman - understanding the crash (2010).epub","shared","resources/source-material/shared/Tobocman - Understanding the Crash (2010).epub","Tobocman - Understanding the Crash (2010).epub","Tobocman - Understanding the Crash (2010).epub",".epub","19167673","4EBD7477E67809636FE25175E2D0727C8B7A7489CB2511891D5A4A10C1A7EB98","2026-06-17T21:41:47Z"
"SHARED","too high to fail cannabis and the new green economic .epub","shared","resources/source-material/shared/Too High to Fail Cannabis and the New Green Economic .epub","Too High to Fail Cannabis and the New Green Economic .epub","Too High to Fail Cannabis and the New Green Economic .epub",".epub","3749091","124345277AB42BDF1339ABAB5BDAA853FA90753D0186010E8A16B645DC4B2AC1","2026-06-17T21:41:47Z"
"SHARED","trading ebook - patterns in three centuries of stock market prices.pdf","shared","resources/source-material/shared/Trading ebook - Patterns in Three Centuries of Stock Market Prices.pdf","Trading ebook - Patterns in Three Centuries of Stock Market Prices.pdf","Trading ebook - Patterns in Three Centuries of Stock Market Prices.pdf",".pdf","2369196","6AA6BFB39991321491D8BE3BA97CAA42E83B59B11B2BA7E00E3FBEEFD39A43C5","2026-06-17T21:41:47Z"
"SHARED","trading for a living in the forex market.pdf","shared","resources/source-material/shared/Trading For A Living In The Forex Market.pdf","Trading For A Living In The Forex Market.pdf","Trading For A Living In The Forex Market.pdf",".pdf","2039385","141733F0C8BAC423E535A9F6B53A2D221E0E3AF2890D84195582F18AD57F723B","2026-06-17T21:41:47Z"
"SHARED","trahan - the era of uncertainty_ global investment strategies for inflation, deflation, and the middle ground (2011).pdf","shared","resources/source-material/shared/Trahan - The Era of Uncertainty_ Global Investment Strategies for Inflation, Deflation, and the Middle Ground (2011).pdf","Trahan - The Era of Uncertainty_ Global Investment Strategies for Inflation, Deflation, and the Middle Ground (2011).pdf","Trahan - The Era of Uncertainty_ Global Investment Strategies for Inflation, Deflation, and the Middle Ground (2011).pdf",".pdf","1435062","3AE588D21E916F17B8F82C658C1C8C9EFF638F49C3B8247D628105A344BDF0A2","2026-06-17T21:41:47Z"
"SHARED","train k.e. discrete choice methods with simulation (2ed., cup, 2009)(isbn 0521766559)(o)(343s)_gl_.pdf","shared","resources/source-material/shared/Train K.E. Discrete Choice Methods with Simulation (2ed., CUP, 2009)(ISBN 0521766559)(O)(343s)_GL_.pdf","Train K.E. Discrete Choice Methods with Simulation (2ed., CUP, 2009)(ISBN 0521766559)(O)(343s)_GL_.pdf","Train K.E. Discrete Choice Methods with Simulation (2ed., CUP, 2009)(ISBN 0521766559)(O)(343s)_GL_.pdf",".pdf","1623809","2125E123845109EEE3C1D754B39CC5C239A3D8297D8287172BFEE12A1B00789D","2026-06-17T21:41:47Z"
"SHARED","traveling wave solutions of parabolic systems-volpert a.i., volpert v.a. (1994).pdf","shared","resources/source-material/shared/Traveling Wave Solutions of Parabolic Systems-Volpert A.I., Volpert V.A. (1994).pdf","Traveling Wave Solutions of Parabolic Systems-Volpert A.I., Volpert V.A. (1994).pdf","Traveling Wave Solutions of Parabolic Systems-Volpert A.I., Volpert V.A. (1994).pdf",".pdf","2886012","E7E615B5A4F04A38AF22A0415E61EB9E42B2E03BD01BDB03D5E56D9764A335B6","2026-06-17T21:41:47Z"
"SHARED","treaster j.b. paul volcker (wiley, 2004)(isbn 0471428124)(259s)_gh_.pdf","shared","resources/source-material/shared/Treaster J.B. Paul Volcker (Wiley, 2004)(ISBN 0471428124)(259s)_GH_.pdf","Treaster J.B. Paul Volcker (Wiley, 2004)(ISBN 0471428124)(259s)_GH_.pdf","Treaster J.B. Paul Volcker (Wiley, 2004)(ISBN 0471428124)(259s)_GH_.pdf",".pdf","717828","F21BAC25EB50E6F74D68E7244EA574B5ABF113DB7BAFF1F3D949B220474C93BD","2026-06-17T21:41:47Z"
"SHARED","triumph-of-the-city---edward-glaeser.pdf","shared","resources/source-material/shared/Triumph-of-the-City---Edward-Glaeser.pdf","Triumph-of-the-City---Edward-Glaeser.pdf","Triumph-of-the-City---Edward-Glaeser.pdf",".pdf","2105327","5CBA8E70642CB28403EC6EB17BAF70ECF87F1059B0BF9A46A78FCC4DCE438AAB","2026-06-17T21:41:47Z"
"SHARED","truman e.m. inflation targeting in the world economy (institute for international economics, 2003)(isbn 0881323454)(o)(278s)_gi_.pdf","shared","resources/source-material/shared/Truman E.M. Inflation targeting in the world economy (Institute for International Economics, 2003)(ISBN 0881323454)(O)(278s)_GI_.pdf","Truman E.M. Inflation targeting in the world economy (Institute for International Economics, 2003)(ISBN 0881323454)(O)(278s)_GI_.pdf","Truman E.M. Inflation targeting in the world economy (Institute for International Economics, 2003)(ISBN 0881323454)(O)(278s)_GI_.pdf",".pdf","914678","FEF9C28FE75EED8DB139E0EC66186EA20D48F963C0EFB91890ECE1F2C4E04E27","2026-06-17T21:41:47Z"
"SHARED","turner - the credit crunch_ housing bubbles, globalisation and the worldwide economic crisis (2008).pdf","shared","resources/source-material/shared/Turner - The Credit Crunch_ Housing Bubbles, Globalisation and the Worldwide Economic Crisis (2008).pdf","Turner - The Credit Crunch_ Housing Bubbles, Globalisation and the Worldwide Economic Crisis (2008).pdf","Turner - The Credit Crunch_ Housing Bubbles, Globalisation and the Worldwide Economic Crisis (2008).pdf",".pdf","1210905","64AA4849D471D6ADB4050096CEEA9F987215984864A20DCF7510A58A50A5F639","2026-06-17T21:41:47Z"
"SHARED","ullah a. finite sample econometrics (oup, 2004)(isbn 0198774478)(o)(241s)_gl_.pdf","shared","resources/source-material/shared/Ullah A. Finite sample econometrics (OUP, 2004)(ISBN 0198774478)(O)(241s)_GL_.pdf","Ullah A. Finite sample econometrics (OUP, 2004)(ISBN 0198774478)(O)(241s)_GL_.pdf","Ullah A. Finite sample econometrics (OUP, 2004)(ISBN 0198774478)(O)(241s)_GL_.pdf",".pdf","3276575","4A29E132E6EE8D0A0722BD6ECF44B6C0AAEDA514AB1BEB024B98EF7BF4F96FCE","2026-06-17T21:41:47Z"
"SHARED","underhill - global financial integration thirty years on_ from reform to crisis (2010).pdf","shared","resources/source-material/shared/Underhill - Global Financial Integration Thirty Years On_ From Reform to Crisis (2010).pdf","Underhill - Global Financial Integration Thirty Years On_ From Reform to Crisis (2010).pdf","Underhill - Global Financial Integration Thirty Years On_ From Reform to Crisis (2010).pdf",".pdf","2148569","5F8DE23B4AB104E1307D12073FB4C61C9AAACFA33C4AC23DB5C9007F171AE2A3","2026-06-17T21:41:47Z"
"SHARED","understanding power - the indispensable chomsky (footnotes) (edited by peter r. mitchell and john schoeffel) (noam chomsky).pdf","shared","resources/source-material/shared/Understanding Power - The Indispensable Chomsky (footnotes) (Edited by Peter R. Mitchell and John Schoeffel) (Noam Chomsky).pdf","Understanding Power - The Indispensable Chomsky (footnotes) (Edited by Peter R. Mitchell and John Schoeffel) (Noam Chomsky).pdf","Understanding Power - The Indispensable Chomsky (footnotes) (Edited by Peter R. Mitchell and John Schoeffel) (Noam Chomsky).pdf",".pdf","1713276","3BFBC2F407BF34CB2AD3486B5331985C4188A8E69B5A93DC983F689C3509971F","2026-06-17T21:41:47Z"
"SHARED","understanding statistics using r.pdf","shared","resources/source-material/shared/Understanding Statistics Using R.pdf","Understanding Statistics Using R.pdf","Understanding Statistics Using R.pdf",".pdf","3077512","835830AFB57F845ADC4C77A1D945F370987B43D358A10827D99D446A05D4FEC5","2026-06-17T21:41:47Z"
"SHARED","unit roorts, structural breaks and trends.pdf","shared","resources/source-material/shared/Unit Roorts, Structural Breaks and Trends.PDF","Unit Roorts, Structural Breaks and Trends.PDF","Unit Roorts, Structural Breaks and Trends.PDF",".pdf","7065634","0BEDAC898488C094F1169752E7C15CC4F3054BAD7A8E5DFD2902664E843EA167","2026-06-17T21:41:47Z"
"SHARED","using matlab in linear algebra.pdf","shared","resources/source-material/shared/Using MATLAB in Linear Algebra.pdf","Using MATLAB in Linear Algebra.pdf","Using MATLAB in Linear Algebra.pdf",".pdf","113664","774B3E5645CDFD67E5F5E4B777D0A6C17753ADC70E8CB9532C4AC5B5DF927982","2026-06-17T21:41:47Z"
"SHARED","vaggi g., groenewegen p. a concise history of economic thought (palgrave, 2003)(isbn 0333999363)(359s)_gh_.pdf","shared","resources/source-material/shared/Vaggi G., Groenewegen P. A concise history of economic thought (Palgrave, 2003)(ISBN 0333999363)(359s)_GH_.pdf","Vaggi G., Groenewegen P. A concise history of economic thought (Palgrave, 2003)(ISBN 0333999363)(359s)_GH_.pdf","Vaggi G., Groenewegen P. A concise history of economic thought (Palgrave, 2003)(ISBN 0333999363)(359s)_GH_.pdf",".pdf","948586","597A16CB9EC218B4E3EA3EE1D20F2184541FDF3FBC4D1735D8B70E35E01EC514","2026-06-17T21:41:47Z"
"SHARED","vaidhyanathan.copyrights and copywrongs_the rise of intellectual property and how it threatens creativity  (2001).pdf","shared","resources/source-material/shared/Vaidhyanathan.Copyrights and copywrongs_the rise of intellectual property and how it threatens creativity  (2001).pdf","Vaidhyanathan.Copyrights and copywrongs_the rise of intellectual property and how it threatens creativity  (2001).pdf","Vaidhyanathan.Copyrights and copywrongs_the rise of intellectual property and how it threatens creativity  (2001).pdf",".pdf","2305024","7D3EA9BD2B07AFE1DCF9F76FBE95DE2D81F3DB95869F79723BDE32D242099352","2026-06-17T21:41:47Z"
"SHARED","vaidhyanathan.the googlization of everything and why we should worry (2011).pdf","shared","resources/source-material/shared/Vaidhyanathan.The Googlization of Everything and Why We Should Worry (2011).pdf","Vaidhyanathan.The Googlization of Everything and Why We Should Worry (2011).pdf","Vaidhyanathan.The Googlization of Everything and Why We Should Worry (2011).pdf",".pdf","857302","1C6331D5459118841FD4A1678A79CEE4CAAF839AA419343E10983504F303EC9B","2026-06-17T21:41:47Z"
"SHARED","vaidyanathan p. the theory of linear prediction (morgan, 2008)(isbn 1598295756)(197s)_gl_.pdf","shared","resources/source-material/shared/Vaidyanathan P. The theory of linear prediction (Morgan, 2008)(ISBN 1598295756)(197s)_GL_.pdf","Vaidyanathan P. The theory of linear prediction (Morgan, 2008)(ISBN 1598295756)(197s)_GL_.pdf","Vaidyanathan P. The theory of linear prediction (Morgan, 2008)(ISBN 1598295756)(197s)_GL_.pdf",".pdf","1891841","E2A7F9E1824319CAC71F0C79DECB268977361FA0CFE59EC94F8498DD0AAC3ADA","2026-06-17T21:41:47Z"
"SHARED","vandekerckhove - responsible investment in times of turmoil (2011).pdf","shared","resources/source-material/shared/Vandekerckhove - Responsible Investment in Times of Turmoil (2011).pdf","Vandekerckhove - Responsible Investment in Times of Turmoil (2011).pdf","Vandekerckhove - Responsible Investment in Times of Turmoil (2011).pdf",".pdf","2384804","C1BFFA0B4C5EF2BD9B17B983975B31D03EAD23BBF5223EBE67E8FB1251982376","2026-06-17T21:41:47Z"
"SHARED","vaughan-whitehead - work inequalities in the crisis_ evidence from europe (2011).pdf","shared","resources/source-material/shared/Vaughan-Whitehead - Work Inequalities in the Crisis_ Evidence from Europe (2011).pdf","Vaughan-Whitehead - Work Inequalities in the Crisis_ Evidence from Europe (2011).pdf","Vaughan-Whitehead - Work Inequalities in the Crisis_ Evidence from Europe (2011).pdf",".pdf","13896661","B69E5399B01D69E17F4CC777D662911DA1E806B164666FE8FDD0197EFA2C21F9","2026-06-17T21:41:47Z"
"SHARED","vector autoregressions and cointegration.pdf","shared","resources/source-material/shared/Vector Autoregressions and Cointegration.PDF","Vector Autoregressions and Cointegration.PDF","Vector Autoregressions and Cointegration.PDF",".pdf","4673159","CB3D853269BD1C08D182C3074A891CA25E1B88A63BB6901EB800AD6B9560A5F6","2026-06-17T21:41:47Z"
"SHARED","vega-redondo f. evolution, games, and economic behaviour (oup, 1996)(isbn 0198774737)(o)(222s)_gg_.pdf","shared","resources/source-material/shared/Vega-Redondo F. Evolution, games, and economic behaviour (OUP, 1996)(ISBN 0198774737)(O)(222s)_GG_.pdf","Vega-Redondo F. Evolution, games, and economic behaviour (OUP, 1996)(ISBN 0198774737)(O)(222s)_GG_.pdf","Vega-Redondo F. Evolution, games, and economic behaviour (OUP, 1996)(ISBN 0198774737)(O)(222s)_GG_.pdf",".pdf","2464755","DD1066C4F06EA1FC8F0F505E9C3A1BC84BDDFDA9EE210D4F0E262DCE82193C8E","2026-06-17T21:41:47Z"
"SHARED","visser h. a guide to international monetary economics (3ed., elgar, 2004)(isbn 1843765950)(o)(272s)_gi_.pdf","shared","resources/source-material/shared/Visser H. A guide to international monetary economics (3ed., Elgar, 2004)(ISBN 1843765950)(O)(272s)_GI_.pdf","Visser H. A guide to international monetary economics (3ed., Elgar, 2004)(ISBN 1843765950)(O)(272s)_GI_.pdf","Visser H. A guide to international monetary economics (3ed., Elgar, 2004)(ISBN 1843765950)(O)(272s)_GI_.pdf",".pdf","1164887","FA4D809D2589D013B8A7D683850C91780E9B048E0DE3C13DA9E7E9E47B2DF058","2026-06-17T21:41:47Z"
"SHARED","volpert, volpert, volpert - traveling wave solutions of parabolic systems.pdf","shared","resources/source-material/shared/Volpert, Volpert, Volpert - Traveling Wave Solutions of Parabolic Systems.pdf","Volpert, Volpert, Volpert - Traveling Wave Solutions of Parabolic Systems.pdf","Volpert, Volpert, Volpert - Traveling Wave Solutions of Parabolic Systems.pdf",".pdf","3125045","B25CC4F410CCF65D7F626DF03A0FB6472A618426A43B8A340CCAC3FD73677536","2026-06-17T21:41:47Z"
"SHARED","von mises l. human action (4ed., fox & wilkes, 1996)(isbn 0930073185)(930s)_gpop_.pdf","shared","resources/source-material/shared/von Mises L. Human Action (4ed., Fox & Wilkes, 1996)(ISBN 0930073185)(930s)_GPop_.pdf","von Mises L. Human Action (4ed., Fox & Wilkes, 1996)(ISBN 0930073185)(930s)_GPop_.pdf","von Mises L. Human Action (4ed., Fox & Wilkes, 1996)(ISBN 0930073185)(930s)_GPop_.pdf",".pdf","3431442","94031498AEFE596C81E498AADF221CE515F662DE6B2413C2703EF4B847A52003","2026-06-17T21:41:47Z"
"SHARED","vradis & dalakoglou - revolt and crisis in greece_ between a present yet to pass and a future still to come (2011).pdf","shared","resources/source-material/shared/Vradis & Dalakoglou - Revolt and Crisis in Greece_ Between a Present Yet to Pass and a Future Still to Come (2011).pdf","Vradis & Dalakoglou - Revolt and Crisis in Greece_ Between a Present Yet to Pass and a Future Still to Come (2011).pdf","Vradis & Dalakoglou - Revolt and Crisis in Greece_ Between a Present Yet to Pass and a Future Still to Come (2011).pdf",".pdf","19937960","EA65E91AFF6DDC925EBA27B2F4155FCB33741887647771F4582A4C1F8284F5B7","2026-06-17T21:41:47Z"
"SHARED","waggoner - bailout_ what the rescue of bear stearns and the credit crisis mean for your investments (2008).pdf","shared","resources/source-material/shared/Waggoner - Bailout_ What the Rescue of Bear Stearns and the Credit Crisis Mean for Your Investments (2008).pdf","Waggoner - Bailout_ What the Rescue of Bear Stearns and the Credit Crisis Mean for Your Investments (2008).pdf","Waggoner - Bailout_ What the Rescue of Bear Stearns and the Credit Crisis Mean for Your Investments (2008).pdf",".pdf","840779","E3D9B95FFC66EBA339918BB549FF38E331D27295E35EBA29D238FA75913B5B15","2026-06-17T21:41:47Z"
"SHARED","wald,likelihood ratio and lagrange multiplier tests in econometrics.pdf","shared","resources/source-material/shared/Wald,Likelihood Ratio and Lagrange Multiplier Tests in Econometrics.PDF","Wald,Likelihood Ratio and Lagrange Multiplier Tests in Econometrics.PDF","Wald,Likelihood Ratio and Lagrange Multiplier Tests in Econometrics.PDF",".pdf","2999882","9A3CB6443157011CF8DDEB1BD4534C2F4AC19747334CA1BDD3FB5030E1657051","2026-06-17T21:41:47Z"
"SHARED","waldfogel - the tyranny of the market_ why you can_t always get what you want (2007).pdf","shared","resources/source-material/shared/Waldfogel - The Tyranny of the Market_ Why You Can_t Always Get What You Want (2007).pdf","Waldfogel - The Tyranny of the Market_ Why You Can_t Always Get What You Want (2007).pdf","Waldfogel - The Tyranny of the Market_ Why You Can_t Always Get What You Want (2007).pdf",".pdf","484708","D57714C995309A73E253C3097E360AA642E538CCE23A6F179011A72E0360A8A4","2026-06-17T21:41:47Z"
"SHARED","wallach - protecting clients from fraud, incompetence and scams (2010).pdf","shared","resources/source-material/shared/Wallach - Protecting Clients from Fraud, Incompetence and Scams (2010).pdf","Wallach - Protecting Clients from Fraud, Incompetence and Scams (2010).pdf","Wallach - Protecting Clients from Fraud, Incompetence and Scams (2010).pdf",".pdf","1485828","F6224E83998D9B9A6A807994D99BEBDE14F2AAE91BD450F667AA827EFA238B15","2026-06-17T21:41:47Z"
"SHARED","wallison - privatizing fannie mae, freddie mac, and the federal home loan banks_ why and how (2004).pdf","shared","resources/source-material/shared/Wallison - Privatizing Fannie Mae, Freddie Mac, and the Federal Home Loan Banks_ Why and How (2004).pdf","Wallison - Privatizing Fannie Mae, Freddie Mac, and the Federal Home Loan Banks_ Why and How (2004).pdf","Wallison - Privatizing Fannie Mae, Freddie Mac, and the Federal Home Loan Banks_ Why and How (2004).pdf",".pdf","1019232","0A3224B1B16EDB0632DB99633F8D47AA9A1CC9279D34456E3459DB7EA1E415EE","2026-06-17T21:41:47Z"
"SHARED","walsh - you can’t cheat an honest man_ how ponzi schemes and pyramid frauds work (2003).epub","shared","resources/source-material/shared/Walsh - You Can’t Cheat an Honest Man_ How Ponzi Schemes and Pyramid Frauds Work (2003).epub","Walsh - You Can’t Cheat an Honest Man_ How Ponzi Schemes and Pyramid Frauds Work (2003).epub","Walsh - You Can’t Cheat an Honest Man_ How Ponzi Schemes and Pyramid Frauds Work (2003).epub",".epub","260623","460232053D21648D3080DC023AB28E302B4A278D75B9D2498C236ADA0147D5DA","2026-06-17T21:41:47Z"
"SHARED","walsh j. keynes and the market (wiley, 2008)(isbn 047028496x)(225s)_gpop_.pdf","shared","resources/source-material/shared/Walsh J. Keynes and the Market (Wiley, 2008)(ISBN 047028496X)(225s)_GPop_.pdf","Walsh J. Keynes and the Market (Wiley, 2008)(ISBN 047028496X)(225s)_GPop_.pdf","Walsh J. Keynes and the Market (Wiley, 2008)(ISBN 047028496X)(225s)_GPop_.pdf",".pdf","948242","3CD64452CB3D33F41342C1805F0768AB4A49614CDF087ECF15B5963D8BE4584F","2026-06-17T21:41:47Z"
"SHARED","wang p. the economics of foreign exchange and global finance (2ed., springer, 2009)(isbn 3642001068)(432s)_gi_.pdf","shared","resources/source-material/shared/Wang P. The Economics of Foreign Exchange and Global Finance (2ed., Springer, 2009)(ISBN 3642001068)(432s)_GI_.pdf","Wang P. The Economics of Foreign Exchange and Global Finance (2ed., Springer, 2009)(ISBN 3642001068)(432s)_GI_.pdf","Wang P. The Economics of Foreign Exchange and Global Finance (2ed., Springer, 2009)(ISBN 3642001068)(432s)_GI_.pdf",".pdf","5832828","20E0CA26D09AD0D532ACF3F264C0B40704F98E809BDCE8281082950905EEAA47","2026-06-17T21:41:47Z"
"SHARED","warren & tyagi - the two-income trap_ why middle-class parents are going broke (2003).epub","shared","resources/source-material/shared/Warren & Tyagi - The Two-Income Trap_ Why Middle-Class Parents Are Going Broke (2003).epub","Warren & Tyagi - The Two-Income Trap_ Why Middle-Class Parents Are Going Broke (2003).epub","Warren & Tyagi - The Two-Income Trap_ Why Middle-Class Parents Are Going Broke (2003).epub",".epub","508270","15076F109BA8048602399122A1CD2B8BACE14F5CC203FBF85B391FDB73C1AD1F","2026-06-17T21:41:48Z"
"SHARED","watkinson - an introduction to digital audio.pdf","shared","resources/source-material/shared/Watkinson - An Introduction to Digital Audio.pdf","Watkinson - An Introduction to Digital Audio.pdf","Watkinson - An Introduction to Digital Audio.pdf",".pdf","18843413","91E8B095A595BE66BDB273EB0EAC3DBD2C6CF561323E3E1D267282D29D2AAB23","2026-06-17T21:41:48Z"
"SHARED","waxler - stocking up on sin_ how to crush the market with vice-based investing (2004).pdf","shared","resources/source-material/shared/Waxler - Stocking Up on Sin_ How to Crush the Market with Vice-Based Investing (2004).pdf","Waxler - Stocking Up on Sin_ How to Crush the Market with Vice-Based Investing (2004).pdf","Waxler - Stocking Up on Sin_ How to Crush the Market with Vice-Based Investing (2004).pdf",".pdf","732740","03A00AE0DB5F1CDB7E335466C3CFD67DAFAAE0763A383531C18518590F275A15","2026-06-17T21:41:48Z"
"SHARED","weatherford j. the history of money (crown pub., 1997)(isbn 0517599805)(308s)_gh_.pdf","shared","resources/source-material/shared/Weatherford J. The history of money (Crown Pub., 1997)(ISBN 0517599805)(308s)_GH_.pdf","Weatherford J. The history of money (Crown Pub., 1997)(ISBN 0517599805)(308s)_GH_.pdf","Weatherford J. The history of money (Crown Pub., 1997)(ISBN 0517599805)(308s)_GH_.pdf",".pdf","4265496","89B8E57BFD107BA2F92303E4AA5703603086C10D48D2D4ECC74574D903C9E35D","2026-06-17T21:41:48Z"
"SHARED","weiner - so smart but.._ how intelligent people lose credibility, and how they can get it back (2007).pdf","shared","resources/source-material/shared/Weiner - So Smart but.._ How Intelligent People Lose Credibility, and How They Can Get it Back (2007).pdf","Weiner - So Smart but.._ How Intelligent People Lose Credibility, and How They Can Get it Back (2007).pdf","Weiner - So Smart but.._ How Intelligent People Lose Credibility, and How They Can Get it Back (2007).pdf",".pdf","2763708","2CBBB7178BD9D4CC2FF052238182B1C913E11855951F8DCB958204557AC363A4","2026-06-17T21:41:48Z"
"SHARED","weinstein m.m. (ed.) globalization.. what_s new (columbia, 2005)(isbn 0231134584)(o)(293s)_gi_.pdf","shared","resources/source-material/shared/Weinstein M.M. (ed.) Globalization.. What_s new (Columbia, 2005)(ISBN 0231134584)(O)(293s)_GI_.pdf","Weinstein M.M. (ed.) Globalization.. What_s new (Columbia, 2005)(ISBN 0231134584)(O)(293s)_GI_.pdf","Weinstein M.M. (ed.) Globalization.. What_s new (Columbia, 2005)(ISBN 0231134584)(O)(293s)_GI_.pdf",".pdf","1854525","56B2D045FEC10D02EE934D60B082FAE66CF6AA465E8A82B06AB4CBCE8FF4AD26","2026-06-17T21:41:48Z"
"SHARED","weiss - born to steal_ when the mafia hit wall street (2003).epub","shared","resources/source-material/shared/Weiss - Born to Steal_ When the Mafia Hit Wall Street (2003).epub","Weiss - Born to Steal_ When the Mafia Hit Wall Street (2003).epub","Weiss - Born to Steal_ When the Mafia Hit Wall Street (2003).epub",".epub","640682","8E1BB5179DB8B45E7C96186A61EFFE2F35B6C22A23956B108C7701FE22287481","2026-06-17T21:41:48Z"
"SHARED","weissman - sold out_ how wall street and washington betrayed america (2009).pdf","shared","resources/source-material/shared/Weissman - Sold Out_ How Wall Street and Washington Betrayed America (2009).pdf","Weissman - Sold Out_ How Wall Street and Washington Betrayed America (2009).pdf","Weissman - Sold Out_ How Wall Street and Washington Betrayed America (2009).pdf",".pdf","3146442","43A070C198596BB189670C30D9B3E4E31B3B2762442F590A8792A9740F0835BE","2026-06-17T21:41:48Z"
"SHARED","wells (ed.) - financial statement fraud casebook_ baking the ledgers and cooking the books (2011).pdf","shared","resources/source-material/shared/Wells (Ed.) - Financial Statement Fraud Casebook_ Baking the Ledgers and Cooking the Books (2011).pdf","Wells (Ed.) - Financial Statement Fraud Casebook_ Baking the Ledgers and Cooking the Books (2011).pdf","Wells (Ed.) - Financial Statement Fraud Casebook_ Baking the Ledgers and Cooking the Books (2011).pdf",".pdf","2260011","0E81DF5EE6D4E8179E3C006628ECE81F1CDBB78791061D594C528EC0708E6C72","2026-06-17T21:41:48Z"
"SHARED","wells (ed.) - fraud casebook_ lessons from the bad side of business (2007).pdf","shared","resources/source-material/shared/Wells (Ed.) - Fraud Casebook_ Lessons from the Bad Side of Business (2007).pdf","Wells (Ed.) - Fraud Casebook_ Lessons from the Bad Side of Business (2007).pdf","Wells (Ed.) - Fraud Casebook_ Lessons from the Bad Side of Business (2007).pdf",".pdf","5743611","39F40078839ED5703927517E6E9909CA0EAB9ED25A20924DF2B22939F7D42A26","2026-06-17T21:41:48Z"
"SHARED","werthers (ed.) - europe_ financial crisis and security issues (2011).pdf","shared","resources/source-material/shared/Werthers (ed.) - Europe_ Financial Crisis and Security Issues (2011).pdf","Werthers (ed.) - Europe_ Financial Crisis and Security Issues (2011).pdf","Werthers (ed.) - Europe_ Financial Crisis and Security Issues (2011).pdf",".pdf","3218552","45C4026ADB01EFB1D6AE4522D627AFEDBE92896421DD13956EBBD64B9CBE5483","2026-06-17T21:41:48Z"
"SHARED","west m., harrison j. bayesian forecasting and dynamic models (springer, 1997)(isbn 0387947256)(695s)_gl_.pdf","shared","resources/source-material/shared/West M., Harrison J. Bayesian forecasting and dynamic models (Springer, 1997)(ISBN 0387947256)(695s)_GL_.pdf","West M., Harrison J. Bayesian forecasting and dynamic models (Springer, 1997)(ISBN 0387947256)(695s)_GL_.pdf","West M., Harrison J. Bayesian forecasting and dynamic models (Springer, 1997)(ISBN 0387947256)(695s)_GL_.pdf",".pdf","3060287","D577C5EE0E4926305185B3EB40B1A15EE671F7B65A8A8CEC1B5446422C68ED57","2026-06-17T21:41:48Z"
"SHARED","whalen - inflated_ how money and debt built the american dream (2011).epub","shared","resources/source-material/shared/Whalen - Inflated_ How Money and Debt Built the American Dream (2011).epub","Whalen - Inflated_ How Money and Debt Built the American Dream (2011).epub","Whalen - Inflated_ How Money and Debt Built the American Dream (2011).epub",".epub","1016425","D103CB81F88473DDB18A0C045DF689AC3D4A84E7AA2B190D640B4AF6F54ED360","2026-06-17T21:41:48Z"
"SHARED","what you would learn at top-tier business schools - wiley 2004.pdf","shared","resources/source-material/shared/What You Would Learn At Top-Tier Business Schools - Wiley 2004.pdf","What You Would Learn At Top-Tier Business Schools - Wiley 2004.pdf","What You Would Learn At Top-Tier Business Schools - Wiley 2004.pdf",".pdf","1650349","1C3EB04C47046F84155C6B4F8E42FD0D39CB9857C6A043FF5EA7C1EF0F5D1E37","2026-06-17T21:41:48Z"
"SHARED","wheelan - naked economics_ undressing the dismal science (2010).epub","shared","resources/source-material/shared/Wheelan - Naked Economics_ Undressing the Dismal Science (2010).epub","Wheelan - Naked Economics_ Undressing the Dismal Science (2010).epub","Wheelan - Naked Economics_ Undressing the Dismal Science (2010).epub",".epub","361564","8085C851DBE513CEF1C85CE87C8FC9B3BCBD1D5B888F9C981155D952F98168EC","2026-06-17T21:41:48Z"
"SHARED","white - accepting the invisible hand_ market-based approaches to social-economic problems (2010).pdf","shared","resources/source-material/shared/White - Accepting the Invisible Hand_ Market-based Approaches to Social-Economic Problems (2010).pdf","White - Accepting the Invisible Hand_ Market-based Approaches to Social-Economic Problems (2010).pdf","White - Accepting the Invisible Hand_ Market-based Approaches to Social-Economic Problems (2010).pdf",".pdf","1637021","13C075B9B29DE0DD6087D50D9FF50CFD612F5B74779A09EA2A7449AFBC31EA96","2026-06-17T21:41:48Z"
"SHARED","wickens m. macroeconomic theory.. a dynamic general equilibrium approach (pup, 2008)(isbn 0691116407)(489s)_gk_.pdf","shared","resources/source-material/shared/Wickens M. Macroeconomic Theory.. A Dynamic General Equilibrium Approach (PUP, 2008)(ISBN 0691116407)(489s)_GK_.pdf","Wickens M. Macroeconomic Theory.. A Dynamic General Equilibrium Approach (PUP, 2008)(ISBN 0691116407)(489s)_GK_.pdf","Wickens M. Macroeconomic Theory.. A Dynamic General Equilibrium Approach (PUP, 2008)(ISBN 0691116407)(489s)_GK_.pdf",".pdf","2074840","A1E9195C50EEEF9C0A007DD8536036976A7B1C0658A1E369D6B9EDCF4A595D3D","2026-06-17T21:41:48Z"
"SHARED","wiedemer - aftershock protect yourself and profit in the next global financial meltdown (2011).epub","shared","resources/source-material/shared/Wiedemer - Aftershock Protect Yourself and Profit in the Next Global Financial Meltdown (2011).epub","Wiedemer - Aftershock Protect Yourself and Profit in the Next Global Financial Meltdown (2011).epub","Wiedemer - Aftershock Protect Yourself and Profit in the Next Global Financial Meltdown (2011).epub",".epub","1018748","D2FACCBEEAAAD39259F30FBAC2F7418131D7A6D970BE79B87850CFCE4F34326C","2026-06-17T21:41:48Z"
"SHARED","wiley - accounting best practices - 3rd edition 2004.pdf","shared","resources/source-material/shared/Wiley - Accounting Best Practices - 3Rd Edition 2004.pdf","Wiley - Accounting Best Practices - 3Rd Edition 2004.pdf","Wiley - Accounting Best Practices - 3Rd Edition 2004.pdf",".pdf","4964336","8757169BDDE24B249DA0AA1C2CED8A97523FDFEDBA7E16A9A400585FC992F2FE","2026-06-17T21:41:48Z"
"SHARED","wiley - accounting for payroll - a comprehensive guide.pdf","shared","resources/source-material/shared/Wiley - Accounting for Payroll - A Comprehensive Guide.pdf","Wiley - Accounting for Payroll - A Comprehensive Guide.pdf","Wiley - Accounting for Payroll - A Comprehensive Guide.pdf",".pdf","3729284","5D398F5BC2B8038426F6A5A856D39BEF0FCD90061A7D8427E728E788003E2C70","2026-06-17T21:41:48Z"
"SHARED","wiley - accounting reference desktop.pdf","shared","resources/source-material/shared/Wiley - Accounting Reference Desktop.pdf","Wiley - Accounting Reference Desktop.pdf","Wiley - Accounting Reference Desktop.pdf",".pdf","4420756","B5A4BDAC5CF060F931D9D4903FD7CC1E3143DD40DDB33B2B724BA91A03FB62AE","2026-06-17T21:41:48Z"
"SHARED","wiley - essentials of payroll  management and accounting.pdf","shared","resources/source-material/shared/Wiley - Essentials of Payroll  Management and Accounting.pdf","Wiley - Essentials of Payroll  Management and Accounting.pdf","Wiley - Essentials of Payroll  Management and Accounting.pdf",".pdf","2239562","79D8DDFE747100E47EE3C1FF33E4BBF1AF8D3ABF85E44BBB62DE371F87862B38","2026-06-17T21:41:48Z"
"SHARED","wiley - finance a fine art (2003).pdf","shared","resources/source-material/shared/Wiley - Finance A Fine Art (2003).pdf","Wiley - Finance A Fine Art (2003).pdf","Wiley - Finance A Fine Art (2003).pdf",".pdf","1412707","466A5FD8BCAE42B448B0E00A6D4ED89A9AD8C90C7ECC0871849C80D82772CE4E","2026-06-17T21:41:48Z"
"SHARED","wiley - the financial numbers game detecting creative accounting practices ebook-fly.pdf","shared","resources/source-material/shared/Wiley - The Financial Numbers Game Detecting Creative Accounting Practices Ebook-FLY.pdf","Wiley - The Financial Numbers Game Detecting Creative Accounting Practices Ebook-FLY.pdf","Wiley - The Financial Numbers Game Detecting Creative Accounting Practices Ebook-FLY.pdf",".pdf","3388386","1660C3C1C4DD28D569E92ED0E7ACF39789DC5E3CFC085FA02D2BD8E0438DA679","2026-06-17T21:41:48Z"
"SHARED","wiley accounting for managers interpreting accounting information for decision-making.pdf","shared","resources/source-material/shared/Wiley Accounting for Managers Interpreting Accounting Information for Decision-Making.pdf","Wiley Accounting for Managers Interpreting Accounting Information for Decision-Making.pdf","Wiley Accounting for Managers Interpreting Accounting Information for Decision-Making.pdf",".pdf","1845318","A675DA62F3212EF1A87DD08F0BDE328A0CD52F96E2BC8D123D23CEB5CFBD3DCB","2026-06-17T21:41:48Z"
"SHARED","wiley intermarket technical analysis trading strategies for the global stock, bond, commodity, and curre~0.pdf","shared","resources/source-material/shared/Wiley Intermarket Technical Analysis Trading Strategies For The Global Stock, Bond, Commodity, And Curre~0.pdf","Wiley Intermarket Technical Analysis Trading Strategies For The Global Stock, Bond, Commodity, And Curre~0.pdf","Wiley Intermarket Technical Analysis Trading Strategies For The Global Stock, Bond, Commodity, And Curre~0.pdf",".pdf","7020407","BCDB9EA12EA01140B744D25BB9DAF8D1F589F8A9291EA45F4E0419C3B05B859F","2026-06-17T21:41:48Z"
"SHARED","wiley, business economics and managerial decision making (xxxx) yyepg lotb.pdf","shared","resources/source-material/shared/Wiley, Business Economics And Managerial Decision Making (Xxxx) Yyepg Lotb.pdf","Wiley, Business Economics And Managerial Decision Making (Xxxx) Yyepg Lotb.pdf","Wiley, Business Economics And Managerial Decision Making (Xxxx) Yyepg Lotb.pdf",".pdf","4581483","5D9CC779CFD80F72AE308426A205704D530ED8B6353A25A70D86C2A664200468","2026-06-17T21:41:48Z"
"SHARED","wiley, inventory accounting a comprehensive guide (2005) yyepg ocr 7.0-2.6 lotb.pdf","shared","resources/source-material/shared/Wiley, Inventory Accounting A Comprehensive Guide (2005) YYePG OCR 7.0-2.6 LotB.pdf","Wiley, Inventory Accounting A Comprehensive Guide (2005) YYePG OCR 7.0-2.6 LotB.pdf","Wiley, Inventory Accounting A Comprehensive Guide (2005) YYePG OCR 7.0-2.6 LotB.pdf",".pdf","1802902","E18D85D1EB236FB0A6C0F20CA350B3081801958A4B16968969F5290CE72C3CEC","2026-06-17T21:41:49Z"
"SHARED","wiley, inventory accounting a prehensive guide (2005).pdf","shared","resources/source-material/shared/Wiley, Inventory Accounting A Prehensive Guide (2005).pdf","Wiley, Inventory Accounting A Prehensive Guide (2005).pdf","Wiley, Inventory Accounting A Prehensive Guide (2005).pdf",".pdf","1941879","E99692A74313147B83C86C0A83A3FE421801C2ECC2799E39D8B038EDBD94A3A8","2026-06-17T21:41:49Z"
"SHARED","wiley,.101.marketing.strategies.for.accounting.law.consulting.(2004).lotb.pdf","shared","resources/source-material/shared/Wiley,.101.Marketing.Strategies.for.Accounting.Law.Consulting.(2004).LotB.pdf","Wiley,.101.Marketing.Strategies.for.Accounting.Law.Consulting.(2004).LotB.pdf","Wiley,.101.Marketing.Strategies.for.Accounting.Law.Consulting.(2004).LotB.pdf",".pdf","3057009","DE2E6DE1A4B0FCDF2AD046F3ADDAAC1D8D102A89F3C97DB31BEE1FF7FA0FB013","2026-06-17T21:41:49Z"
"SHARED","wiley.investment.valuation.university.edition.3rd.edition.mar.2012.epub","shared","resources/source-material/shared/Wiley.Investment.Valuation.University.Edition.3rd.Edition.Mar.2012.epub","Wiley.Investment.Valuation.University.Edition.3rd.Edition.Mar.2012.epub","Wiley.Investment.Valuation.University.Edition.3rd.Edition.Mar.2012.epub",".epub","14819870","2C127A75731E065E0BEDFA255F6393F5286F0FDCC75FE9402444EDA2218FF92A","2026-06-17T21:41:49Z"
"SHARED","wiley_the_portable_mba_in_the_fast_forward_mba_in_finance_2e2002.pdf","shared","resources/source-material/shared/Wiley_The_Portable_Mba_In_The_Fast_Forward_Mba_In_Finance_2E2002.pdf","Wiley_The_Portable_Mba_In_The_Fast_Forward_Mba_In_Finance_2E2002.pdf","Wiley_The_Portable_Mba_In_The_Fast_Forward_Mba_In_Finance_2E2002.pdf",".pdf","2048150","0BEE3C1E19DE259BF72255F220086CF6F21D2124BA5E2AEDC3CDA3AD4381861F","2026-06-17T21:41:49Z"
"SHARED","william baumol & alan blinder - macroeconomics - principles and policy - eleventh edition.pdf","shared","resources/source-material/shared/William Baumol & Alan Blinder - MACROECONOMICS - Principles and Policy - Eleventh Edition.pdf","William Baumol & Alan Blinder - MACROECONOMICS - Principles and Policy - Eleventh Edition.pdf","William Baumol & Alan Blinder - MACROECONOMICS - Principles and Policy - Eleventh Edition.pdf",".pdf","23201250","24A7688C2FC9C81BAAE7F09AB8B701D2B235CAAF4EF896004E3E8C9AA6045067","2026-06-17T21:41:49Z"
"SHARED","williams - uncontrolled risk_ the lessons of lehman brothers and how systemic risk can still bring down the world financial system (2010).pdf","shared","resources/source-material/shared/Williams - Uncontrolled Risk_ The Lessons of Lehman Brothers and how Systemic Risk can Still Bring Down the World Financial System (2010).pdf","Williams - Uncontrolled Risk_ The Lessons of Lehman Brothers and how Systemic Risk can Still Bring Down the World Financial System (2010).pdf","Williams - Uncontrolled Risk_ The Lessons of Lehman Brothers and how Systemic Risk can Still Bring Down the World Financial System (2010).pdf",".pdf","1876867","AF2996AB6AC797FF8575E8E546068812569415E85F3F2B3F7324E7176168C475","2026-06-17T21:41:49Z"
"SHARED","williams & elliott - crisis and recovery_ ethics, economics and justice (2010).pdf","shared","resources/source-material/shared/Williams & Elliott - Crisis and Recovery_ Ethics, Economics and Justice (2010).pdf","Williams & Elliott - Crisis and Recovery_ Ethics, Economics and Justice (2010).pdf","Williams & Elliott - Crisis and Recovery_ Ethics, Economics and Justice (2010).pdf",".pdf","803255","04A8FA0127155CC44D506296B85CFE423863E1F7BA43573CCED162E1BC759B54","2026-06-17T21:41:49Z"
"SHARED","wolf - fixing global finance (2010).pdf","shared","resources/source-material/shared/Wolf - Fixing Global Finance (2010).pdf","Wolf - Fixing Global Finance (2010).pdf","Wolf - Fixing Global Finance (2010).pdf",".pdf","2121968","78DDC2ADE3C8BAC79D0B764B5F041E267BA2C42B39E926267CA0BC48504EEC0E","2026-06-17T21:41:49Z"
"SHARED","wolf c.jr., lang t. russia_s economy (rand, 2006)(isbn 0833039768)(73s)_gi_.pdf","shared","resources/source-material/shared/Wolf C.Jr., Lang T. Russia_s economy (RAND, 2006)(ISBN 0833039768)(73s)_GI_.pdf","Wolf C.Jr., Lang T. Russia_s economy (RAND, 2006)(ISBN 0833039768)(73s)_GI_.pdf","Wolf C.Jr., Lang T. Russia_s economy (RAND, 2006)(ISBN 0833039768)(73s)_GI_.pdf",".pdf","385779","09AF3D421180481BA19885B59B3CAC9B49CD0F6B0AD35FBD714521E3F1098B37","2026-06-17T21:41:50Z"
"SHARED","wolff, resnick.contending economic theories neoclassical, keynesian, and marxian 2012.pdf","shared","resources/source-material/shared/Wolff, Resnick.Contending Economic Theories Neoclassical, Keynesian, and Marxian 2012.pdf","Wolff, Resnick.Contending Economic Theories Neoclassical, Keynesian, and Marxian 2012.pdf","Wolff, Resnick.Contending Economic Theories Neoclassical, Keynesian, and Marxian 2012.pdf",".pdf","4814938","00F9EA842CC6369E5CF292718E7D70464715C2977107791EF7791A3184B1647A","2026-06-17T21:41:50Z"
"SHARED","wolff.occupy the economy.mobi","shared","resources/source-material/shared/Wolff.Occupy the Economy.mobi","Wolff.Occupy the Economy.mobi","Wolff.Occupy the Economy.mobi",".mobi","416964","32F02F1AA14CC735AB996AA0B0B3347BF5314018E860F565A400FD16EA8C876D","2026-06-17T21:41:50Z"
"SHARED","wolfson - financial crises_ understanding the postwar u.s. experience (1986).pdf","shared","resources/source-material/shared/Wolfson - Financial Crises_ Understanding the Postwar U.S. Experience (1986).pdf","Wolfson - Financial Crises_ Understanding the Postwar U.S. Experience (1986).pdf","Wolfson - Financial Crises_ Understanding the Postwar U.S. Experience (1986).pdf",".pdf","16391305","4AF050E4C83F1840FA9147D45D61DE0AD1502333C526BD4908E0FCA17DF3B51F","2026-06-17T21:41:50Z"
"SHARED","wood - the commercial real estate tsunami_ a survival guide for lenders, owners, buyers, and brokers (2010).pdf","shared","resources/source-material/shared/Wood - The Commercial Real Estate Tsunami_ a Survival Guide for Lenders, Owners, Buyers, and Brokers (2010).pdf","Wood - The Commercial Real Estate Tsunami_ a Survival Guide for Lenders, Owners, Buyers, and Brokers (2010).pdf","Wood - The Commercial Real Estate Tsunami_ a Survival Guide for Lenders, Owners, Buyers, and Brokers (2010).pdf",".pdf","2269954","DF839B605B6C4B7D18D4A1C328A03798FA5DF28A34917715753A13C5CFFA0B10","2026-06-17T21:41:50Z"
"SHARED","woodford m. interest and prices (no chapters 5,8)(pup, 2003)(isbn 0691010498)(o)(597s)_gk_.pdf","shared","resources/source-material/shared/Woodford M. Interest and prices (no chapters 5,8)(PUP, 2003)(ISBN 0691010498)(O)(597s)_GK_.pdf","Woodford M. Interest and prices (no chapters 5,8)(PUP, 2003)(ISBN 0691010498)(O)(597s)_GK_.pdf","Woodford M. Interest and prices (no chapters 5,8)(PUP, 2003)(ISBN 0691010498)(O)(597s)_GK_.pdf",".pdf","2711642","248B137AB68A63055B48A9C6F1B663395A710C7638FC0229C98B72FCC678916F","2026-06-17T21:41:50Z"
"SHARED","wooldridge j.m. econometric analysis of cross section and panel data (mit, 2002)(isbn 0262232197)(740s)_gl_.pdf","shared","resources/source-material/shared/Wooldridge J.M. Econometric analysis of cross section and panel data (MIT, 2002)(ISBN 0262232197)(740s)_GL_.pdf","Wooldridge J.M. Econometric analysis of cross section and panel data (MIT, 2002)(ISBN 0262232197)(740s)_GL_.pdf","Wooldridge J.M. Econometric analysis of cross section and panel data (MIT, 2002)(ISBN 0262232197)(740s)_GL_.pdf",".pdf","3900901","CF30AD16578388152074E6125A2D884F00E5FC7BD550822E02460880AF5910FE","2026-06-17T21:41:50Z"
"SHARED","wooldridge j.m. introductory econometrics (south-western college pub., 2003)(isbn 0324113641)(820s)_gl_.pdf","shared","resources/source-material/shared/Wooldridge J.M. Introductory econometrics (South-Western College Pub., 2003)(ISBN 0324113641)(820s)_GL_.pdf","Wooldridge J.M. Introductory econometrics (South-Western College Pub., 2003)(ISBN 0324113641)(820s)_GL_.pdf","Wooldridge J.M. Introductory econometrics (South-Western College Pub., 2003)(ISBN 0324113641)(820s)_GL_.pdf",".pdf","4392317","E103ABF6A894B197447BC6697137F71758FB084761BE9458D2ED93EC301C2064","2026-06-17T21:41:50Z"
"SHARED","world economic and social survey 2008_ overcoming economic insecurity (un, 2008).pdf","shared","resources/source-material/shared/World Economic and Social Survey 2008_ Overcoming Economic Insecurity (UN, 2008).pdf","World Economic and Social Survey 2008_ Overcoming Economic Insecurity (UN, 2008).pdf","World Economic and Social Survey 2008_ Overcoming Economic Insecurity (UN, 2008).pdf",".pdf","16795929","067A95BF4E30C52B84C475EFF2AF2737D0431D49AB0A3DDCC131FCD1D0F01B7D","2026-06-17T21:41:50Z"
"SHARED","wright - one nation under debt_ hamilton, jefferson, and the history of what we owe (2008).pdf","shared","resources/source-material/shared/Wright - One Nation Under Debt_ Hamilton, Jefferson, and the History of What We Owe (2008).pdf","Wright - One Nation Under Debt_ Hamilton, Jefferson, and the History of What We Owe (2008).pdf","Wright - One Nation Under Debt_ Hamilton, Jefferson, and the History of What We Owe (2008).pdf",".pdf","4146981","CF5C2263DBC68AFA292DBB6EE34F42B563323355528BB20A7B17820496C74002","2026-06-17T21:41:50Z"
"SHARED","xiaoxi li - china_s new deal [2011][a].pdf","shared","resources/source-material/shared/Xiaoxi Li - China_s New Deal [2011][A].pdf","Xiaoxi Li - China_s New Deal [2011][A].pdf","Xiaoxi Li - China_s New Deal [2011][A].pdf",".pdf","4808941","75FE2040E78B27EEB6E6AAF71EEFF0E0562EC5B1239FDCF781B1B02AEFFB3E0B","2026-06-17T21:41:50Z"
"SHARED","xnnoq.how.numbers.rule.the.world.pdf","shared","resources/source-material/shared/xnnoq.How.Numbers.Rule.the.World.pdf","xnnoq.How.Numbers.Rule.the.World.pdf","xnnoq.How.Numbers.Rule.the.World.pdf",".pdf","1758421","547B78CB5BE7D510F8FAC2675E01670CECD204969FE3DD30390FEF82B77775AE","2026-06-17T21:41:50Z"
"SHARED","yaffee r.a., mcgee m. introduction to time series analysis and forecasting.. with sas & spss (ap, 2000)(isbn 0127678700)(o)(555s)_gl_.pdf","shared","resources/source-material/shared/Yaffee R.A., McGee M. Introduction to time series analysis and forecasting.. With SAS & SPSS (AP, 2000)(ISBN 0127678700)(O)(555s)_GL_.pdf","Yaffee R.A., McGee M. Introduction to time series analysis and forecasting.. With SAS & SPSS (AP, 2000)(ISBN 0127678700)(O)(555s)_GL_.pdf","Yaffee R.A., McGee M. Introduction to time series analysis and forecasting.. With SAS & SPSS (AP, 2000)(ISBN 0127678700)(O)(555s)_GL_.pdf",".pdf","5860296","DAEDBBED2E5054FAABBB91E7B5F56624E6DC47D32922C92D101C5E2E6B35FBEB","2026-06-17T21:41:50Z"
"SHARED","yale undergrad journal spring.pdf","shared","resources/source-material/shared/Yale Undergrad Journal Spring.pdf","Yale Undergrad Journal Spring.pdf","Yale Undergrad Journal Spring.pdf",".pdf","12646956","DF0048B17C5428A05ACE5F042B4DADC974E9E3F3728820C4E557E95C3343E5E1","2026-06-17T21:41:50Z"
"SHARED","yatchew a. semiparametric regression for the applied econometrician (cup, 2003)(isbn 0521812836)(235s)_gl_.pdf","shared","resources/source-material/shared/Yatchew A. Semiparametric regression for the applied econometrician (CUP, 2003)(ISBN 0521812836)(235s)_GL_.pdf","Yatchew A. Semiparametric regression for the applied econometrician (CUP, 2003)(ISBN 0521812836)(235s)_GL_.pdf","Yatchew A. Semiparametric regression for the applied econometrician (CUP, 2003)(ISBN 0521812836)(235s)_GL_.pdf",".pdf","1579709","F1E732772DB0E378C484913A03AC01EC791B000263FF9E033EC58EDB7DB8FCD6","2026-06-17T21:41:50Z"
"SHARED","yip p.s.l. (ed.) exchange rate systems and policies in asia (ws, 2008)(isbn 9812834508)(o)(197s)_gi_.pdf","shared","resources/source-material/shared/Yip P.S.L. (ed.) Exchange Rate Systems And Policies In Asia (WS, 2008)(ISBN 9812834508)(O)(197s)_GI_.pdf","Yip P.S.L. (ed.) Exchange Rate Systems And Policies In Asia (WS, 2008)(ISBN 9812834508)(O)(197s)_GI_.pdf","Yip P.S.L. (ed.) Exchange Rate Systems And Policies In Asia (WS, 2008)(ISBN 9812834508)(O)(197s)_GI_.pdf",".pdf","2442459","CABD0644264753AEFCD5184D324EC814A07D54EBAF7DBF85ED1FB4A74E190517","2026-06-17T21:41:50Z"
"SHARED","you are being lied to.pdf","shared","resources/source-material/shared/You Are Being Lied To.pdf","You Are Being Lied To.pdf","You Are Being Lied To.pdf",".pdf","2418412","F0549198C90E87646213B0A182BA9499A5CE73EB931524E57681679C24B06252","2026-06-17T21:41:50Z"
"SHARED","zuckoff - ponzi_s scheme_ the true story of a financial legend (2005).epub","shared","resources/source-material/shared/Zuckoff - Ponzi_s Scheme_ the True Story of a Financial Legend (2005).epub","Zuckoff - Ponzi_s Scheme_ the True Story of a Financial Legend (2005).epub","Zuckoff - Ponzi_s Scheme_ the True Story of a Financial Legend (2005).epub",".epub","1032512","7A14287D28AF7442315C6D2B1555C484CC0F4013F1E9B65FE9D7CA52FAA38E8B","2026-06-17T21:41:50Z"
