"exam_code","year","sitting","document_type","source_repo_path","original_filename","normalized_id","file_ext","size_bytes","has_solutions","has_examiner_report","qa_status","topics","tags","notes","last_attempt_date"
"CB1","2020","September","examiner-report","resources/past-papers/raw/CB1/Sep20/IandF_CB1_202009_Examiners_Report.pdf","IandF_CB1_202009_Examiners_Report.pdf","cb1-2020-september-examiner-report-iandf-cb1-202009-examiners-report",".pdf","90922","no","yes","pending","","","",""
"CB1","2020","September","question-paper","resources/past-papers/raw/CB1/Sep20/IandF_CB1_202009_ExamPaper.pdf","IandF_CB1_202009_ExamPaper.pdf","cb1-2020-september-question-paper-iandf-cb1-202009-exampaper",".pdf","309025","no","no","pending","","","",""
"CB1","2021","April","examiner-report","resources/past-papers/raw/CB1/Apr21/IandF_CB1_202104_Examiners_Report.pdf","IandF_CB1_202104_Examiners_Report.pdf","cb1-2021-april-examiner-report-iandf-cb1-202104-examiners-report",".pdf","52626","no","yes","pending","","","",""
"CB1","2021","April","question-paper","resources/past-papers/raw/CB1/Apr21/CB1_121_EXAM.pdf","CB1_121_EXAM.pdf","cb1-2021-april-question-paper-cb1-121-exam",".pdf","278237","no","no","pending","","","",""
"CB1","2021","September","examiner-report","resources/past-papers/raw/CB1/Sep21/IandF_CB1_202109_Examiner Report.pdf","IandF_CB1_202109_Examiner Report.pdf","cb1-2021-september-examiner-report-iandf-cb1-202109-examiner-report",".pdf","81629","no","yes","pending","","","",""
"CB1","2021","September","question-paper","resources/past-papers/raw/CB1/Sep21/CB1_221_EXAM_Clean Proof.pdf","CB1_221_EXAM_Clean Proof.pdf","cb1-2021-september-question-paper-cb1-221-exam-clean-proof",".pdf","207023","no","no","pending","","","",""
"CB1","2022","April","examiner-report","resources/past-papers/raw/CB1/Apr22/IandF_CB1_202204_Examiner Report.pdf","IandF_CB1_202204_Examiner Report.pdf","cb1-2022-april-examiner-report-iandf-cb1-202204-examiner-report",".pdf","76652","no","yes","pending","","","",""
"CB1","2022","April","question-paper","resources/past-papers/raw/CB1/Apr22/CB1_April22_EXAM_Clean Proof.pdf","CB1_April22_EXAM_Clean Proof.pdf","cb1-2022-april-question-paper-cb1-april22-exam-clean-proof",".pdf","178247","no","no","pending","","","",""
"CB1","2022","September","examiner-report","resources/past-papers/raw/CB1/Sep22/IandF_CB1_202209_Examiner Report.pdf","IandF_CB1_202209_Examiner Report.pdf","cb1-2022-september-examiner-report-iandf-cb1-202209-examiner-report",".pdf","138050","no","yes","pending","","","",""
"CB1","2022","September","question-paper","resources/past-papers/raw/CB1/Sep22/CB1_September22_EXAM.pdf","CB1_September22_EXAM.pdf","cb1-2022-september-question-paper-cb1-september22-exam",".pdf","209096","no","no","pending","","","",""
"CB1","2023","April","examiner-report","resources/past-papers/raw/CB1/Apr23/IandF_CB1_202304_Examiner report.pdf","IandF_CB1_202304_Examiner report.pdf","cb1-2023-april-examiner-report-iandf-cb1-202304-examiner-report",".pdf","98262","no","yes","pending","","","",""
"CB1","2023","April","question-paper","resources/past-papers/raw/CB1/Apr23/CB1_April23_EXAM_Clean Proof.pdf","CB1_April23_EXAM_Clean Proof.pdf","cb1-2023-april-question-paper-cb1-april23-exam-clean-proof",".pdf","799067","no","no","pending","","","",""
"CB1","2023","September","examiner-report","resources/past-papers/raw/CB1/Sep23/IandF_CB1_202309_Examiner Report.pdf","IandF_CB1_202309_Examiner Report.pdf","cb1-2023-september-examiner-report-iandf-cb1-202309-examiner-report",".pdf","102706","no","yes","pending","","","",""
"CB1","2023","September","question-paper","resources/past-papers/raw/CB1/Sep23/CB1_September23_Clean Proof.pdf","CB1_September23_Clean Proof.pdf","cb1-2023-september-question-paper-cb1-september23-clean-proof",".pdf","188597","no","no","pending","","","",""
"CB1","2024","April","examiner-report","resources/past-papers/raw/CB1/Apr24/CB1_April 2024_Examiner Report.pdf","CB1_April 2024_Examiner Report.pdf","cb1-2024-april-examiner-report-cb1-april-2024-examiner-report",".pdf","390360","no","yes","pending","","","",""
"CB1","2024","April","question-paper","resources/past-papers/raw/CB1/Apr24/CB1_April_2024_Exam_Paper.pdf","CB1_April_2024_Exam_Paper.pdf","cb1-2024-april-question-paper-cb1-april-2024-exam-paper",".pdf","157824","no","no","pending","","","",""
"CB1","2024","September","examiner-report","resources/past-papers/raw/CB1/Sep24/CB1_September 2024_Examiner Report.pdf","CB1_September 2024_Examiner Report.pdf","cb1-2024-september-examiner-report-cb1-september-2024-examiner-report",".pdf","314967","no","yes","pending","","","",""
"CB1","2024","September","question-paper","resources/past-papers/raw/CB1/Sep24/CB1_September 2024_Exam Paper.pdf","CB1_September 2024_Exam Paper.pdf","cb1-2024-september-question-paper-cb1-september-2024-exam-paper",".pdf","169048","no","no","pending","","","",""
"CB1","2025","April","examiner-report","resources/past-papers/raw/CB1/Apr25/CB1_April 2025_Examiners' Report.pdf","CB1_April 2025_Examiners' Report.pdf","cb1-2025-april-examiner-report-cb1-april-2025-examiners-report",".pdf","920405","no","yes","pending","","","",""
"CB1","2025","April","question-paper","resources/past-papers/raw/CB1/Apr25/CB1_April 2025_Exam Paper.pdf","CB1_April 2025_Exam Paper.pdf","cb1-2025-april-question-paper-cb1-april-2025-exam-paper",".pdf","151112","no","no","pending","","","",""
"CB1","2025","September","question-paper","resources/past-papers/raw/CB1/Sep25/CB1_Sept 2025_Exam.pdf","CB1_Sept 2025_Exam.pdf","cb1-2025-september-question-paper-cb1-sept-2025-exam",".pdf","187200","no","no","pending","","","",""
"CB2","2020","September","examiner-report","resources/past-papers/raw/CB2/Sep20/IandF_CB2_202009_Examiners_Report.pdf","IandF_CB2_202009_Examiners_Report.pdf","cb2-2020-september-examiner-report-iandf-cb2-202009-examiners-report",".pdf","70260","no","yes","pending","","","",""
"CB2","2020","September","question-paper","resources/past-papers/raw/CB2/Sep20/IandF_CB2_202009_ExamPaper.pdf","IandF_CB2_202009_ExamPaper.pdf","cb2-2020-september-question-paper-iandf-cb2-202009-exampaper",".pdf","262839","no","no","pending","","","",""
"CB2","2021","April","examiner-report","resources/past-papers/raw/CB2/Apr21/landF_CB2_202104_Examiners_Report.pdf","landF_CB2_202104_Examiners_Report.pdf","cb2-2021-april-examiner-report-landf-cb2-202104-examiners-report",".pdf","62522","no","yes","pending","","","",""
"CB2","2021","April","question-paper","resources/past-papers/raw/CB2/Apr21/CB2_121_EXAM.pdf","CB2_121_EXAM.pdf","cb2-2021-april-question-paper-cb2-121-exam",".pdf","220047","no","no","pending","","","",""
"CB2","2021","September","examiner-report","resources/past-papers/raw/CB2/Sep21/IandF_CB2_202109_Examiner Report.pdf","IandF_CB2_202109_Examiner Report.pdf","cb2-2021-september-examiner-report-iandf-cb2-202109-examiner-report",".pdf","80425","no","yes","pending","","","",""
"CB2","2021","September","question-paper","resources/past-papers/raw/CB2/Sep21/CB2_221_EXAM_Clean Proof.pdf","CB2_221_EXAM_Clean Proof.pdf","cb2-2021-september-question-paper-cb2-221-exam-clean-proof",".pdf","241695","no","no","pending","","","",""
"CB2","2022","April","examiner-report","resources/past-papers/raw/CB2/Apr22/IandF_CB2_202204_Examiner Report.pdf","IandF_CB2_202204_Examiner Report.pdf","cb2-2022-april-examiner-report-iandf-cb2-202204-examiner-report",".pdf","290302","no","yes","pending","","","",""
"CB2","2022","April","question-paper","resources/past-papers/raw/CB2/Apr22/CB2_April22_EXAM_Clean Proof.pdf","CB2_April22_EXAM_Clean Proof.pdf","cb2-2022-april-question-paper-cb2-april22-exam-clean-proof",".pdf","228801","no","no","pending","","","",""
"CB2","2022","September","examiner-report","resources/past-papers/raw/CB2/Sep22/IandF_CB2_202209_Examiner Report.pdf","IandF_CB2_202209_Examiner Report.pdf","cb2-2022-september-examiner-report-iandf-cb2-202209-examiner-report",".pdf","101101","no","yes","pending","","","",""
"CB2","2022","September","question-paper","resources/past-papers/raw/CB2/Sep22/CB2_September22_EXAM.pdf","CB2_September22_EXAM.pdf","cb2-2022-september-question-paper-cb2-september22-exam",".pdf","223059","no","no","pending","","","",""
"CB2","2023","April","examiner-report","resources/past-papers/raw/CB2/Apr23/IandF_CB2_202304_Examiner Report.pdf","IandF_CB2_202304_Examiner Report.pdf","cb2-2023-april-examiner-report-iandf-cb2-202304-examiner-report",".pdf","116760","no","yes","pending","","","",""
"CB2","2023","April","question-paper","resources/past-papers/raw/CB2/Apr23/CB2_April23_EXAM_Clean Proof.pdf","CB2_April23_EXAM_Clean Proof.pdf","cb2-2023-april-question-paper-cb2-april23-exam-clean-proof",".pdf","175334","no","no","pending","","","",""
"CB2","2023","September","examiner-report","resources/past-papers/raw/CB2/Sep23/IandF_CB2_202309_Examiner Report.pdf","IandF_CB2_202309_Examiner Report.pdf","cb2-2023-september-examiner-report-iandf-cb2-202309-examiner-report",".pdf","132246","no","yes","pending","","","",""
"CB2","2023","September","question-paper","resources/past-papers/raw/CB2/Sep23/CB2_September23_EXAM_Clean Proof.pdf","CB2_September23_EXAM_Clean Proof.pdf","cb2-2023-september-question-paper-cb2-september23-exam-clean-proof",".pdf","294160","no","no","pending","","","",""
"CB2","2024","April","examiner-report","resources/past-papers/raw/CB2/Apr24/CB2_April 2024_Examiner Report.pdf","CB2_April 2024_Examiner Report.pdf","cb2-2024-april-examiner-report-cb2-april-2024-examiner-report",".pdf","302897","no","yes","pending","","","",""
"CB2","2024","April","question-paper","resources/past-papers/raw/CB2/Apr24/CB2_April_2024_Exam_Paper.pdf","CB2_April_2024_Exam_Paper.pdf","cb2-2024-april-question-paper-cb2-april-2024-exam-paper",".pdf","214459","no","no","pending","","","",""
"CB2","2024","September","examiner-report","resources/past-papers/raw/CB2/Sep24/CB2_September 2024_Examiner Report.pdf","CB2_September 2024_Examiner Report.pdf","cb2-2024-september-examiner-report-cb2-september-2024-examiner-report",".pdf","317617","no","yes","pending","","","",""
"CB2","2024","September","question-paper","resources/past-papers/raw/CB2/Sep24/CB2_September 2024_Exam Paper.pdf","CB2_September 2024_Exam Paper.pdf","cb2-2024-september-question-paper-cb2-september-2024-exam-paper",".pdf","169879","no","no","pending","","","",""
"CB2","2025","April","examiner-report","resources/past-papers/raw/CB2/Apr25/CB2_April2025_Examiners' Report.pdf","CB2_April2025_Examiners' Report.pdf","cb2-2025-april-examiner-report-cb2-april2025-examiners-report",".pdf","644512","no","yes","pending","","","",""
"CB2","2025","April","question-paper","resources/past-papers/raw/CB2/Apr25/CB2_April2025_Exam Paper.pdf","CB2_April2025_Exam Paper.pdf","cb2-2025-april-question-paper-cb2-april2025-exam-paper",".pdf","227939","no","no","pending","","","",""
"CB2","2025","September","question-paper","resources/past-papers/raw/CB2/Sep25/CB2_Sept_2025_ Exam.pdf","CB2_Sept_2025_ Exam.pdf","cb2-2025-september-question-paper-cb2-sept-2025-exam",".pdf","244507","no","no","pending","","","",""
"CM1","2020","September","examiner-report","resources/past-papers/raw/CM1/CM1A/Sep20/IandF_CM1A_202009_Examiners_Report.pdf","IandF_CM1A_202009_Examiners_Report.pdf","cm1-2020-september-examiner-report-iandf-cm1a-202009-examiners-report",".pdf","219749","no","yes","pending","","","",""
"CM1","2020","September","examiner-report","resources/past-papers/raw/CM1/CM1B/Sep20/IandF_CM1B_202009_Examiners_Report.pdf","IandF_CM1B_202009_Examiners_Report.pdf","cm1-2020-september-examiner-report-iandf-cm1b-202009-examiners-report",".pdf","67813","no","yes","pending","","","",""
"CM1","2020","September","mark-scheme","resources/past-papers/raw/CM1/CM1B/Sep20/IandF_CM1B_202009_Solutions.XLSX","IandF_CM1B_202009_Solutions.XLSX","cm1-2020-september-mark-scheme-iandf-cm1b-202009-solutions",".xlsx","467561","yes","no","pending","","","",""
"CM1","2020","September","mark-scheme","resources/past-papers/raw/CM1/CM1B/Sep20/Sept 2020_CM1B_Answer_Sheet Final 20200226.xlsx","Sept 2020_CM1B_Answer_Sheet Final 20200226.xlsx","cm1-2020-september-mark-scheme-sept-2020-cm1b-answer-sheet-final-20200226",".xlsx","79122","yes","no","pending","","","",""
"CM1","2020","September","question-paper","resources/past-papers/raw/CM1/CM1A/Sep20/IandF_CM1A_202009_ExamPaper.pdf","IandF_CM1A_202009_ExamPaper.pdf","cm1-2020-september-question-paper-iandf-cm1a-202009-exampaper",".pdf","300925","no","no","pending","","","",""
"CM1","2020","September","question-paper","resources/past-papers/raw/CM1/CM1B/Sep20/IandF_CM1B_202009_ExamPaper.pdf","IandF_CM1B_202009_ExamPaper.pdf","cm1-2020-september-question-paper-iandf-cm1b-202009-exampaper",".pdf","223083","no","no","pending","","","",""
"CM1","2021","April","examiner-report","resources/past-papers/raw/CM1/CM1A/Apr21/IandF_CM1_Paper A_202104_Examiners_Report.pdf","IandF_CM1_Paper A_202104_Examiners_Report.pdf","cm1-2021-april-examiner-report-iandf-cm1-paper-a-202104-examiners-report",".pdf","233729","no","yes","pending","","","",""
"CM1","2021","April","examiner-report","resources/past-papers/raw/CM1/CM1B/Apr21/IandF_CM1_Paper B_202104_Examiners_Report.pdf","IandF_CM1_Paper B_202104_Examiners_Report.pdf","cm1-2021-april-examiner-report-iandf-cm1-paper-b-202104-examiners-report",".pdf","47172","no","yes","pending","","","",""
"CM1","2021","April","mark-scheme","resources/past-papers/raw/CM1/CM1B/Apr21/CM1B_121_Solutions.xlsx","CM1B_121_Solutions.xlsx","cm1-2021-april-mark-scheme-cm1b-121-solutions",".xlsx","88759","yes","no","pending","","","",""
"CM1","2021","April","mark-scheme","resources/past-papers/raw/CM1/CM1B/Apr21/CM1B_April 2021_AnswerSheet_Final.xlsx","CM1B_April 2021_AnswerSheet_Final.xlsx","cm1-2021-april-mark-scheme-cm1b-april-2021-answersheet-final",".xlsx","45717","yes","no","pending","","","",""
"CM1","2021","April","question-paper","resources/past-papers/raw/CM1/CM1A/Apr21/CM1A_121_EXAM.pdf","CM1A_121_EXAM.pdf","cm1-2021-april-question-paper-cm1a-121-exam",".pdf","262576","no","no","pending","","","",""
"CM1","2021","April","question-paper","resources/past-papers/raw/CM1/CM1B/Apr21/CM1B_121_EXAM.pdf","CM1B_121_EXAM.pdf","cm1-2021-april-question-paper-cm1b-121-exam",".pdf","147042","no","no","pending","","","",""
"CM1","2021","September","examiner-report","resources/past-papers/raw/CM1/CM1A/Sep21/IandF_CM1_Paper A_202109_Examiner Report.pdf","IandF_CM1_Paper A_202109_Examiner Report.pdf","cm1-2021-september-examiner-report-iandf-cm1-paper-a-202109-examiner-report",".pdf","213311","no","yes","pending","","","",""
"CM1","2021","September","examiner-report","resources/past-papers/raw/CM1/CM1B/Sep21/IandF_CM1_Paper B_202109_Examiner Report.pdf","IandF_CM1_Paper B_202109_Examiner Report.pdf","cm1-2021-september-examiner-report-iandf-cm1-paper-b-202109-examiner-report",".pdf","42775","no","yes","pending","","","",""
"CM1","2021","September","mark-scheme","resources/past-papers/raw/CM1/CM1B/Sep21/CM1B_221_Solution.xlsx","CM1B_221_Solution.xlsx","cm1-2021-september-mark-scheme-cm1b-221-solution",".xlsx","159128","yes","no","pending","","","",""
"CM1","2021","September","question-paper","resources/past-papers/raw/CM1/CM1A/Sep21/CM1A_221_EXAM_Final Clean.pdf","CM1A_221_EXAM_Final Clean.pdf","cm1-2021-september-question-paper-cm1a-221-exam-final-clean",".pdf","529701","no","no","pending","","","",""
"CM1","2021","September","question-paper","resources/past-papers/raw/CM1/CM1B/Sep21/CM1B_221_EXAM_Final Clean Proof.pdf","CM1B_221_EXAM_Final Clean Proof.pdf","cm1-2021-september-question-paper-cm1b-221-exam-final-clean-proof",".pdf","197782","no","no","pending","","","",""
"CM1","2021","September","supplementary-workbook","resources/past-papers/raw/CM1/CM1B/Sep21/CM1B_221_Workbook.xlsx","CM1B_221_Workbook.xlsx","cm1-2021-september-supplementary-workbook-cm1b-221-workbook",".xlsx","47594","no","no","pending","","","",""
"CM1","2022","April","examiner-report","resources/past-papers/raw/CM1/CM1A/Apr22/IandF_CM1_Paper A_202204_Examiner Report.pdf","IandF_CM1_Paper A_202204_Examiner Report.pdf","cm1-2022-april-examiner-report-iandf-cm1-paper-a-202204-examiner-report",".pdf","227357","no","yes","pending","","","",""
"CM1","2022","April","examiner-report","resources/past-papers/raw/CM1/CM1B/Apr22/IandF_CM1_Paper B_202204_Examiner Report.pdf","IandF_CM1_Paper B_202204_Examiner Report.pdf","cm1-2022-april-examiner-report-iandf-cm1-paper-b-202204-examiner-report",".pdf","52000","no","yes","pending","","","",""
"CM1","2022","April","mark-scheme","resources/past-papers/raw/CM1/CM1B/Apr22/CM1B_April2022_ANSWER_SHEET_Final.xlsx","CM1B_April2022_ANSWER_SHEET_Final.xlsx","cm1-2022-april-mark-scheme-cm1b-april2022-answer-sheet-final",".xlsx","50972","yes","no","pending","","","",""
"CM1","2022","April","question-paper","resources/past-papers/raw/CM1/CM1A/Apr22/CM1A_April22_EXAM_Clean Proof.pdf","CM1A_April22_EXAM_Clean Proof.pdf","cm1-2022-april-question-paper-cm1a-april22-exam-clean-proof",".pdf","231226","no","no","pending","","","",""
"CM1","2022","April","question-paper","resources/past-papers/raw/CM1/CM1B/Apr22/CM1B_April22_EXAM_Clean Proof.pdf","CM1B_April22_EXAM_Clean Proof.pdf","cm1-2022-april-question-paper-cm1b-april22-exam-clean-proof",".pdf","174910","no","no","pending","","","",""
"CM1","2022","April","supplementary-workbook","resources/past-papers/raw/CM1/CM1B/Apr22/CM1B_April2022_MS_post_MM v4.xlsx","CM1B_April2022_MS_post_MM v4.xlsx","cm1-2022-april-supplementary-workbook-cm1b-april2022-ms-post-mm-v4",".xlsx","482139","no","no","pending","","","",""
"CM1","2022","September","examiner-report","resources/past-papers/raw/CM1/CM1A/Sep22/IandF_CM1A_202209_Examiner Report.pdf","IandF_CM1A_202209_Examiner Report.pdf","cm1-2022-september-examiner-report-iandf-cm1a-202209-examiner-report",".pdf","316340","no","yes","pending","","","",""
"CM1","2022","September","examiner-report","resources/past-papers/raw/CM1/CM1B/Sep22/IandF_CM1B_202209_Examiner Report.pdf","IandF_CM1B_202209_Examiner Report.pdf","cm1-2022-september-examiner-report-iandf-cm1b-202209-examiner-report",".pdf","72551","no","yes","pending","","","",""
"CM1","2022","September","mark-scheme","resources/past-papers/raw/CM1/CM1B/Sep22/CM1B_Sept22_Answer Sheet_Final.xlsx","CM1B_Sept22_Answer Sheet_Final.xlsx","cm1-2022-september-mark-scheme-cm1b-sept22-answer-sheet-final",".xlsx","34458","yes","no","pending","","","",""
"CM1","2022","September","question-paper","resources/past-papers/raw/CM1/CM1A/Sep22/CM1A_September22_EXAM.pdf","CM1A_September22_EXAM.pdf","cm1-2022-september-question-paper-cm1a-september22-exam",".pdf","240640","no","no","pending","","","",""
"CM1","2022","September","question-paper","resources/past-papers/raw/CM1/CM1B/Sep22/CM1B_September22_EXAM.pdf","CM1B_September22_EXAM.pdf","cm1-2022-september-question-paper-cm1b-september22-exam",".pdf","177983","no","no","pending","","","",""
"CM1","2022","September","supplementary-workbook","resources/past-papers/raw/CM1/CM1B/Sep22/CM1B_Sept22_MS.xlsx","CM1B_Sept22_MS.xlsx","cm1-2022-september-supplementary-workbook-cm1b-sept22-ms",".xlsx","115776","no","no","pending","","","",""
"CM1","2023","April","examiner-report","resources/past-papers/raw/CM1/CM1A/Apr23/IandF_CM1A_202304_Examiner report.pdf","IandF_CM1A_202304_Examiner report.pdf","cm1-2023-april-examiner-report-iandf-cm1a-202304-examiner-report",".pdf","218815","no","yes","pending","","","",""
"CM1","2023","April","examiner-report","resources/past-papers/raw/CM1/CM1B/Apr23/IandF_CM1B_202304_Examiner report.pdf","IandF_CM1B_202304_Examiner report.pdf","cm1-2023-april-examiner-report-iandf-cm1b-202304-examiner-report",".pdf","65826","no","yes","pending","","","",""
"CM1","2023","April","question-paper","resources/past-papers/raw/CM1/CM1A/Apr23/CM1A_April23_EXAM_Clean Proof.pdf","CM1A_April23_EXAM_Clean Proof.pdf","cm1-2023-april-question-paper-cm1a-april23-exam-clean-proof",".pdf","210586","no","no","pending","","","",""
"CM1","2023","April","question-paper","resources/past-papers/raw/CM1/CM1B/Apr23/CM1B_April23_EXAM_Clean Proof.pdf","CM1B_April23_EXAM_Clean Proof.pdf","cm1-2023-april-question-paper-cm1b-april23-exam-clean-proof",".pdf","138081","no","no","pending","","","",""
"CM1","2023","April","supplementary-workbook","resources/past-papers/raw/CM1/CM1B/Apr23/CM1B_April 2023_MS Final.xlsx","CM1B_April 2023_MS Final.xlsx","cm1-2023-april-supplementary-workbook-cm1b-april-2023-ms-final",".xlsx","82624","no","no","pending","","","",""
"CM1","2023","April","supplementary-workbook","resources/past-papers/raw/CM1/CM1B/Apr23/CM1B_April23_Candidate workbook.xlsx","CM1B_April23_Candidate workbook.xlsx","cm1-2023-april-supplementary-workbook-cm1b-april23-candidate-workbook",".xlsx","43920","no","no","pending","","","",""
"CM1","2023","September","examiner-report","resources/past-papers/raw/CM1/CM1A/Sep23/IandF_CM1A_202309_Examiner Report.pdf","IandF_CM1A_202309_Examiner Report.pdf","cm1-2023-september-examiner-report-iandf-cm1a-202309-examiner-report",".pdf","215248","no","yes","pending","","","",""
"CM1","2023","September","examiner-report","resources/past-papers/raw/CM1/CM1B/Sep23/IandF_CM1B_202309_Examiner Report.pdf","IandF_CM1B_202309_Examiner Report.pdf","cm1-2023-september-examiner-report-iandf-cm1b-202309-examiner-report",".pdf","71552","no","yes","pending","","","",""
"CM1","2023","September","mark-scheme","resources/past-papers/raw/CM1/CM1B/Sep23/CM1B_Sept23_Excel_Solution.xlsx","CM1B_Sept23_Excel_Solution.xlsx","cm1-2023-september-mark-scheme-cm1b-sept23-excel-solution",".xlsx","112540","yes","no","pending","","","",""
"CM1","2023","September","question-paper","resources/past-papers/raw/CM1/CM1A/Sep23/CM1A_September23_Clean Proof.pdf","CM1A_September23_Clean Proof.pdf","cm1-2023-september-question-paper-cm1a-september23-clean-proof",".pdf","223040","no","no","pending","","","",""
"CM1","2023","September","question-paper","resources/past-papers/raw/CM1/CM1B/Sep23/CM1B_September23_EXAM_Clean Proof.pdf","CM1B_September23_EXAM_Clean Proof.pdf","cm1-2023-september-question-paper-cm1b-september23-exam-clean-proof",".pdf","196024","no","no","pending","","","",""
"CM1","2023","September","supplementary-workbook","resources/past-papers/raw/CM1/CM1B/Sep23/CM1B_Sept23_Candidate workbook.xlsx","CM1B_Sept23_Candidate workbook.xlsx","cm1-2023-september-supplementary-workbook-cm1b-sept23-candidate-workbook",".xlsx","28467","no","no","pending","","","",""
"CM1","2024","April","examiner-report","resources/past-papers/raw/CM1/CM1A/Apr24/CM1A_April 2024_Examiner Report.pdf","CM1A_April 2024_Examiner Report.pdf","cm1-2024-april-examiner-report-cm1a-april-2024-examiner-report",".pdf","433050","no","yes","pending","","","",""
"CM1","2024","April","examiner-report","resources/past-papers/raw/CM1/CM1B/Apr24/CM1B_April 2024_Examiner Report.pdf","CM1B_April 2024_Examiner Report.pdf","cm1-2024-april-examiner-report-cm1b-april-2024-examiner-report",".pdf","241538","no","yes","pending","","","",""
"CM1","2024","April","mark-scheme","resources/past-papers/raw/CM1/CM1B/Apr24/CM1B_April_2024_Answer_Booklet.xlsx","CM1B_April_2024_Answer_Booklet.xlsx","cm1-2024-april-mark-scheme-cm1b-april-2024-answer-booklet",".xlsx","43928","yes","no","pending","","","",""
"CM1","2024","April","mark-scheme","resources/past-papers/raw/CM1/CM1B/Apr24/CM1B_April_2024_Excel Solution.xlsx","CM1B_April_2024_Excel Solution.xlsx","cm1-2024-april-mark-scheme-cm1b-april-2024-excel-solution",".xlsx","76069","yes","no","pending","","","",""
"CM1","2024","April","question-paper","resources/past-papers/raw/CM1/CM1A/Apr24/CM1A_April_2024_Exam_Paper.pdf","CM1A_April_2024_Exam_Paper.pdf","cm1-2024-april-question-paper-cm1a-april-2024-exam-paper",".pdf","250186","no","no","pending","","","",""
"CM1","2024","April","question-paper","resources/past-papers/raw/CM1/CM1B/Apr24/CM1B_April_2024_Exam_Paper.pdf","CM1B_April_2024_Exam_Paper.pdf","cm1-2024-april-question-paper-cm1b-april-2024-exam-paper",".pdf","179901","no","no","pending","","","",""
"CM1","2024","September","examiner-report","resources/past-papers/raw/CM1/CM1A/Sep24/CM1A_September 2024_Examiner Report.pdf","CM1A_September 2024_Examiner Report.pdf","cm1-2024-september-examiner-report-cm1a-september-2024-examiner-report",".pdf","453902","no","yes","pending","","","",""
"CM1","2024","September","examiner-report","resources/past-papers/raw/CM1/CM1B/Sep24/CM1B_September 2024_Examiner Report.pdf","CM1B_September 2024_Examiner Report.pdf","cm1-2024-september-examiner-report-cm1b-september-2024-examiner-report",".pdf","277696","no","yes","pending","","","",""
"CM1","2024","September","mark-scheme","resources/past-papers/raw/CM1/CM1B/Sep24/CM1B September 2024_Excel Solutions.xlsx","CM1B September 2024_Excel Solutions.xlsx","cm1-2024-september-mark-scheme-cm1b-september-2024-excel-solutions",".xlsx","122601","yes","no","pending","","","",""
"CM1","2024","September","mark-scheme","resources/past-papers/raw/CM1/CM1B/Sep24/CM1B_September 2024_Answer booklet.xlsx","CM1B_September 2024_Answer booklet.xlsx","cm1-2024-september-mark-scheme-cm1b-september-2024-answer-booklet",".xlsx","42017","yes","no","pending","","","",""
"CM1","2024","September","question-paper","resources/past-papers/raw/CM1/CM1A/Sep24/CM1A_September 2024_Exam Paper.pdf","CM1A_September 2024_Exam Paper.pdf","cm1-2024-september-question-paper-cm1a-september-2024-exam-paper",".pdf","208024","no","no","pending","","","",""
"CM1","2024","September","question-paper","resources/past-papers/raw/CM1/CM1B/Sep24/CM1B_September 2024_Exam Paper.pdf","CM1B_September 2024_Exam Paper.pdf","cm1-2024-september-question-paper-cm1b-september-2024-exam-paper",".pdf","156574","no","no","pending","","","",""
"CM1","2025","April","examiner-report","resources/past-papers/raw/CM1/CM1A/Apr25/CM1A_ April2025_Examiners' Report.pdf","CM1A_ April2025_Examiners' Report.pdf","cm1-2025-april-examiner-report-cm1a-april2025-examiners-report",".pdf","1065035","no","yes","pending","","","",""
"CM1","2025","April","examiner-report","resources/past-papers/raw/CM1/CM1B/Apr25/CM1B_April2025_Examiners' Report.pdf","CM1B_April2025_Examiners' Report.pdf","cm1-2025-april-examiner-report-cm1b-april2025-examiners-report",".pdf","715877","no","yes","pending","","","",""
"CM1","2025","April","mark-scheme","resources/past-papers/raw/CM1/CM1B/Apr25/CM1B_April 2025_Answer Booklet.xlsx","CM1B_April 2025_Answer Booklet.xlsx","cm1-2025-april-mark-scheme-cm1b-april-2025-answer-booklet",".xlsx","52480","yes","no","pending","","","",""
"CM1","2025","April","mark-scheme","resources/past-papers/raw/CM1/CM1B/Apr25/CM1B_April 2025_Excel Solutions.xlsx","CM1B_April 2025_Excel Solutions.xlsx","cm1-2025-april-mark-scheme-cm1b-april-2025-excel-solutions",".xlsx","93668","yes","no","pending","","","",""
"CM1","2025","April","question-paper","resources/past-papers/raw/CM1/CM1A/Apr25/CM1A_ April2025_Exam Paper.pdf","CM1A_ April2025_Exam Paper.pdf","cm1-2025-april-question-paper-cm1a-april2025-exam-paper",".pdf","243741","no","no","pending","","","",""
"CM1","2025","April","question-paper","resources/past-papers/raw/CM1/CM1B/Apr25/CM1B_April2025_Exam Paper.pdf","CM1B_April2025_Exam Paper.pdf","cm1-2025-april-question-paper-cm1b-april2025-exam-paper",".pdf","159984","no","no","pending","","","",""
"CM1","2025","September","mark-scheme","resources/past-papers/raw/CM1/CM1B/Sep25/CM1B September Answer Booklet.xlsx","CM1B September Answer Booklet.xlsx","cm1-2025-september-mark-scheme-cm1b-september-answer-booklet",".xlsx","43193","yes","no","pending","","","",""
"CM1","2025","September","question-paper","resources/past-papers/raw/CM1/CM1A/Sep25/CM1A_Sept 2025_Exam.pdf","CM1A_Sept 2025_Exam.pdf","cm1-2025-september-question-paper-cm1a-sept-2025-exam",".pdf","264163","no","no","pending","","","",""
"CM1","2025","September","question-paper","resources/past-papers/raw/CM1/CM1B/Sep25/CM1B_Sept 2025_Exam.pdf","CM1B_Sept 2025_Exam.pdf","cm1-2025-september-question-paper-cm1b-sept-2025-exam",".pdf","176857","no","no","pending","","","",""
"CM2","2020","September","examiner-report","resources/past-papers/raw/CM2/CM2A/Sep20/IandF_CM2A_202009_Examiners_Report.docx","IandF_CM2A_202009_Examiners_Report.docx","cm2-2020-september-examiner-report-iandf-cm2a-202009-examiners-report",".docx","83593","no","yes","pending","","","",""
"CM2","2020","September","examiner-report","resources/past-papers/raw/CM2/CM2B/Sep20/IandF_CM2B_202009_Examiners_Report.docx","IandF_CM2B_202009_Examiners_Report.docx","cm2-2020-september-examiner-report-iandf-cm2b-202009-examiners-report",".docx","42196","no","yes","pending","","","",""
"CM2","2020","September","mark-scheme","resources/past-papers/raw/CM2/CM2B/Sep20/IandF_CM2B_202009_Examiners_Report - Solutions.xlsx","IandF_CM2B_202009_Examiners_Report - Solutions.xlsx","cm2-2020-september-mark-scheme-iandf-cm2b-202009-examiners-report-solutions",".xlsx","133234","yes","yes","pending","","","",""
"CM2","2020","September","question-paper","resources/past-papers/raw/CM2/CM2A/Sep20/IandF_CM2A_202009_ExamPaper.pdf","IandF_CM2A_202009_ExamPaper.pdf","cm2-2020-september-question-paper-iandf-cm2a-202009-exampaper",".pdf","240629","no","no","pending","","","",""
"CM2","2020","September","question-paper","resources/past-papers/raw/CM2/CM2B/Sep20/IandF_CM2B_202009_ExamPaper.pdf","IandF_CM2B_202009_ExamPaper.pdf","cm2-2020-september-question-paper-iandf-cm2b-202009-exampaper",".pdf","199154","no","no","pending","","","",""
"CM2","2021","April","examiner-report","resources/past-papers/raw/CM2/CM2A/Apr21/IandF_CM2A_202104_Examiners_Report.pdf","IandF_CM2A_202104_Examiners_Report.pdf","cm2-2021-april-examiner-report-iandf-cm2a-202104-examiners-report",".pdf","236790","no","yes","pending","","","",""
"CM2","2021","April","examiner-report","resources/past-papers/raw/CM2/CM2B/Apr21/IandF_CM2B_202104_Examiners_Report.pdf","IandF_CM2B_202104_Examiners_Report.pdf","cm2-2021-april-examiner-report-iandf-cm2b-202104-examiners-report",".pdf","43744","no","yes","pending","","","",""
"CM2","2021","April","mark-scheme","resources/past-papers/raw/CM2/CM2B/Apr21/CM2B_121_Solutions_v5.xlsx","CM2B_121_Solutions_v5.xlsx","cm2-2021-april-mark-scheme-cm2b-121-solutions-v5",".xlsx","161219","yes","no","pending","","","",""
"CM2","2021","April","question-paper","resources/past-papers/raw/CM2/CM2A/Apr21/CM2A_121_EXAM.pdf","CM2A_121_EXAM.pdf","cm2-2021-april-question-paper-cm2a-121-exam",".pdf","242628","no","no","pending","","","",""
"CM2","2021","April","question-paper","resources/past-papers/raw/CM2/CM2B/Apr21/CM2B_121_EXAM.pdf","CM2B_121_EXAM.pdf","cm2-2021-april-question-paper-cm2b-121-exam",".pdf","204232","no","no","pending","","","",""
"CM2","2021","September","examiner-report","resources/past-papers/raw/CM2/CM2A/Sep21/IandF_CM2A_202109_Examiner Report.pdf","IandF_CM2A_202109_Examiner Report.pdf","cm2-2021-september-examiner-report-iandf-cm2a-202109-examiner-report",".pdf","186205","no","yes","pending","","","",""
"CM2","2021","September","examiner-report","resources/past-papers/raw/CM2/CM2B/Sep21/IandF_CM2B_202109_Examiner Report.pdf","IandF_CM2B_202109_Examiner Report.pdf","cm2-2021-september-examiner-report-iandf-cm2b-202109-examiner-report",".pdf","21060","no","yes","pending","","","",""
"CM2","2021","September","mark-scheme","resources/past-papers/raw/CM2/CM2B/Sep21/CM2B_221_Solutions.xlsx","CM2B_221_Solutions.xlsx","cm2-2021-september-mark-scheme-cm2b-221-solutions",".xlsx","63136","yes","no","pending","","","",""
"CM2","2021","September","question-paper","resources/past-papers/raw/CM2/CM2A/Sep21/CM2A_221_EXAM_Clean Proof.pdf","CM2A_221_EXAM_Clean Proof.pdf","cm2-2021-september-question-paper-cm2a-221-exam-clean-proof",".pdf","302293","no","no","pending","","","",""
"CM2","2021","September","question-paper","resources/past-papers/raw/CM2/CM2B/Sep21/CM2B_221_EXAM_Clean Proof.pdf","CM2B_221_EXAM_Clean Proof.pdf","cm2-2021-september-question-paper-cm2b-221-exam-clean-proof",".pdf","248377","no","no","pending","","","",""
"CM2","2022","April","examiner-report","resources/past-papers/raw/CM2/CM2A/Apr22/landF_CM2A_202204_Examiner Report.pdf","landF_CM2A_202204_Examiner Report.pdf","cm2-2022-april-examiner-report-landf-cm2a-202204-examiner-report",".pdf","185821","no","yes","pending","","","",""
"CM2","2022","April","examiner-report","resources/past-papers/raw/CM2/CM2B/Apr22/landF_CM2B_202204_Examiner Report.pdf","landF_CM2B_202204_Examiner Report.pdf","cm2-2022-april-examiner-report-landf-cm2b-202204-examiner-report",".pdf","42490","no","yes","pending","","","",""
"CM2","2022","April","mark-scheme","resources/past-papers/raw/CM2/CM2B/Apr22/CM2B April22 solutions.xlsx","CM2B April22 solutions.xlsx","cm2-2022-april-mark-scheme-cm2b-april22-solutions",".xlsx","86380","yes","no","pending","","","",""
"CM2","2022","April","question-paper","resources/past-papers/raw/CM2/CM2A/Apr22/CM2A_April22_EXAM_Clean Proof.pdf","CM2A_April22_EXAM_Clean Proof.pdf","cm2-2022-april-question-paper-cm2a-april22-exam-clean-proof",".pdf","302732","no","no","pending","","","",""
"CM2","2022","April","question-paper","resources/past-papers/raw/CM2/CM2B/Apr22/CM2B_April22_EXAM_Clean Proof.pdf","CM2B_April22_EXAM_Clean Proof.pdf","cm2-2022-april-question-paper-cm2b-april22-exam-clean-proof",".pdf","205419","no","no","pending","","","",""
"CM2","2022","April","supplementary-workbook","resources/past-papers/raw/CM2/CM2B/Apr22/CM2B April22 workbook.xlsx","CM2B April22 workbook.xlsx","cm2-2022-april-supplementary-workbook-cm2b-april22-workbook",".xlsx","42373","no","no","pending","","","",""
"CM2","2022","September","examiner-report","resources/past-papers/raw/CM2/CM2A/Sep22/IandF_CM2A_202209_Examiner Report.pdf","IandF_CM2A_202209_Examiner Report.pdf","cm2-2022-september-examiner-report-iandf-cm2a-202209-examiner-report",".pdf","280910","no","yes","pending","","","",""
"CM2","2022","September","examiner-report","resources/past-papers/raw/CM2/CM2B/Sep22/IandF_CM2B_202209_Examiner Report.pdf","IandF_CM2B_202209_Examiner Report.pdf","cm2-2022-september-examiner-report-iandf-cm2b-202209-examiner-report",".pdf","89310","no","yes","pending","","","",""
"CM2","2022","September","mark-scheme","resources/past-papers/raw/CM2/CM2B/Sep22/CM2B 09_22 solutions.xlsx","CM2B 09_22 solutions.xlsx","cm2-2022-september-mark-scheme-cm2b-09-22-solutions",".xlsx","299557","yes","no","pending","","","",""
"CM2","2022","September","question-paper","resources/past-papers/raw/CM2/CM2A/Sep22/CM2A_September22_EXAM.pdf","CM2A_September22_EXAM.pdf","cm2-2022-september-question-paper-cm2a-september22-exam",".pdf","268193","no","no","pending","","","",""
"CM2","2022","September","question-paper","resources/past-papers/raw/CM2/CM2B/Sep22/CM2B_September22_EXAM.pdf","CM2B_September22_EXAM.pdf","cm2-2022-september-question-paper-cm2b-september22-exam",".pdf","223661","no","no","pending","","","",""
"CM2","2022","September","supplementary-workbook","resources/past-papers/raw/CM2/CM2B/Sep22/CM2B 09_22 workbook.xlsx","CM2B 09_22 workbook.xlsx","cm2-2022-september-supplementary-workbook-cm2b-09-22-workbook",".xlsx","122221","no","no","pending","","","",""
"CM2","2023","April","examiner-report","resources/past-papers/raw/CM2/CM2A/Apr23/IandF_CM2A_202304_Examiner report.pdf","IandF_CM2A_202304_Examiner report.pdf","cm2-2023-april-examiner-report-iandf-cm2a-202304-examiner-report",".pdf","202886","no","yes","pending","","","",""
"CM2","2023","April","examiner-report","resources/past-papers/raw/CM2/CM2B/Apr23/IandF_CM2B_202304_Examiner report.pdf","IandF_CM2B_202304_Examiner report.pdf","cm2-2023-april-examiner-report-iandf-cm2b-202304-examiner-report",".pdf","63521","no","yes","pending","","","",""
"CM2","2023","April","mark-scheme","resources/past-papers/raw/CM2/CM2B/Apr23/CM2B 123 solutions.xlsx","CM2B 123 solutions.xlsx","cm2-2023-april-mark-scheme-cm2b-123-solutions",".xlsx","220736","yes","no","pending","","","",""
"CM2","2023","April","question-paper","resources/past-papers/raw/CM2/CM2A/Apr23/CM2A_April23_EXAM_Final Clean Proof.pdf","CM2A_April23_EXAM_Final Clean Proof.pdf","cm2-2023-april-question-paper-cm2a-april23-exam-final-clean-proof",".pdf","256711","no","no","pending","","","",""
"CM2","2023","April","question-paper","resources/past-papers/raw/CM2/CM2B/Apr23/CM2B_April23_EXAM_Clean Proof.pdf","CM2B_April23_EXAM_Clean Proof.pdf","cm2-2023-april-question-paper-cm2b-april23-exam-clean-proof",".pdf","200824","no","no","pending","","","",""
"CM2","2023","April","supplementary-workbook","resources/past-papers/raw/CM2/CM2B/Apr23/CM2B 123 Candidate workbook.xlsx","CM2B 123 Candidate workbook.xlsx","cm2-2023-april-supplementary-workbook-cm2b-123-candidate-workbook",".xlsx","76605","no","no","pending","","","",""
"CM2","2023","September","examiner-report","resources/past-papers/raw/CM2/CM2A/Sep23/IandF_CM2A_202309_Examiner Report.pdf","IandF_CM2A_202309_Examiner Report.pdf","cm2-2023-september-examiner-report-iandf-cm2a-202309-examiner-report",".pdf","229812","no","yes","pending","","","",""
"CM2","2023","September","examiner-report","resources/past-papers/raw/CM2/CM2B/Sep23/IandF_CM2B_202309_Examiner Report.pdf","IandF_CM2B_202309_Examiner Report.pdf","cm2-2023-september-examiner-report-iandf-cm2b-202309-examiner-report",".pdf","68196","no","yes","pending","","","",""
"CM2","2023","September","mark-scheme","resources/past-papers/raw/CM2/CM2B/Sep23/CM2B_223 Excel_Solution.xlsx","CM2B_223 Excel_Solution.xlsx","cm2-2023-september-mark-scheme-cm2b-223-excel-solution",".xlsx","332781","yes","no","pending","","","",""
"CM2","2023","September","question-paper","resources/past-papers/raw/CM2/CM2A/Sep23/CM2A_September23_EXAM_Clean Proof.pdf","CM2A_September23_EXAM_Clean Proof.pdf","cm2-2023-september-question-paper-cm2a-september23-exam-clean-proof",".pdf","267550","no","no","pending","","","",""
"CM2","2023","September","question-paper","resources/past-papers/raw/CM2/CM2B/Sep23/CM2B_September23_EXAM_Clean Proof (1).pdf","CM2B_September23_EXAM_Clean Proof (1).pdf","cm2-2023-september-question-paper-cm2b-september23-exam-clean-proof-1",".pdf","234491","no","no","pending","","","",""
"CM2","2023","September","supplementary-workbook","resources/past-papers/raw/CM2/CM2B/Sep23/CM2B 223 Candidate workbook.xlsx","CM2B 223 Candidate workbook.xlsx","cm2-2023-september-supplementary-workbook-cm2b-223-candidate-workbook",".xlsx","97946","no","no","pending","","","",""
"CM2","2024","April","examiner-report","resources/past-papers/raw/CM2/CM2A/Apr24/CM2A_April 2024_Examiner Report.pdf","CM2A_April 2024_Examiner Report.pdf","cm2-2024-april-examiner-report-cm2a-april-2024-examiner-report",".pdf","404144","no","yes","pending","","","",""
"CM2","2024","April","examiner-report","resources/past-papers/raw/CM2/CM2B/Apr24/CM2B_April 2024_Examiner Report.pdf","CM2B_April 2024_Examiner Report.pdf","cm2-2024-april-examiner-report-cm2b-april-2024-examiner-report",".pdf","230830","no","yes","pending","","","",""
"CM2","2024","April","mark-scheme","resources/past-papers/raw/CM2/CM2B/Apr24/CM2B_April_2024_Excel Solutions.xlsx","CM2B_April_2024_Excel Solutions.xlsx","cm2-2024-april-mark-scheme-cm2b-april-2024-excel-solutions",".xlsx","565057","yes","no","pending","","","",""
"CM2","2024","April","question-paper","resources/past-papers/raw/CM2/CM2A/Apr24/CM2A_April_2024_Exam_Paper.pdf","CM2A_April_2024_Exam_Paper.pdf","cm2-2024-april-question-paper-cm2a-april-2024-exam-paper",".pdf","223296","no","no","pending","","","",""
"CM2","2024","April","question-paper","resources/past-papers/raw/CM2/CM2B/Apr24/CM2B_April_2024_Exam_Paper.pdf","CM2B_April_2024_Exam_Paper.pdf","cm2-2024-april-question-paper-cm2b-april-2024-exam-paper",".pdf","185823","no","no","pending","","","",""
"CM2","2024","April","supplementary-workbook","resources/past-papers/raw/CM2/CM2B/Apr24/CM2B_April_2024_Workbook.xlsx","CM2B_April_2024_Workbook.xlsx","cm2-2024-april-supplementary-workbook-cm2b-april-2024-workbook",".xlsx","104359","no","no","pending","","","",""
"CM2","2024","September","examiner-report","resources/past-papers/raw/CM2/CM2A/Sep24/CM2A_September 2024_Examiner Report.pdf","CM2A_September 2024_Examiner Report.pdf","cm2-2024-september-examiner-report-cm2a-september-2024-examiner-report",".pdf","396278","no","yes","pending","","","",""
"CM2","2024","September","examiner-report","resources/past-papers/raw/CM2/CM2B/Sep24/CM2B_September 2024_Examiner Report.pdf","CM2B_September 2024_Examiner Report.pdf","cm2-2024-september-examiner-report-cm2b-september-2024-examiner-report",".pdf","270682","no","yes","pending","","","",""
"CM2","2024","September","mark-scheme","resources/past-papers/raw/CM2/CM2B/Sep24/CM2B_September 2024_Excel Solutions.xlsx","CM2B_September 2024_Excel Solutions.xlsx","cm2-2024-september-mark-scheme-cm2b-september-2024-excel-solutions",".xlsx","87852","yes","no","pending","","","",""
"CM2","2024","September","question-paper","resources/past-papers/raw/CM2/CM2A/Sep24/CM2A_September 2024_Exam Paper.pdf","CM2A_September 2024_Exam Paper.pdf","cm2-2024-september-question-paper-cm2a-september-2024-exam-paper",".pdf","227586","no","no","pending","","","",""
"CM2","2024","September","question-paper","resources/past-papers/raw/CM2/CM2B/Sep24/CM2B_September 2024_Exam Paper.pdf","CM2B_September 2024_Exam Paper.pdf","cm2-2024-september-question-paper-cm2b-september-2024-exam-paper",".pdf","191297","no","no","pending","","","",""
"CM2","2024","September","supplementary-workbook","resources/past-papers/raw/CM2/CM2B/Sep24/CM2B_September 2024_Workbook.xlsx","CM2B_September 2024_Workbook.xlsx","cm2-2024-september-supplementary-workbook-cm2b-september-2024-workbook",".xlsx","55332","no","no","pending","","","",""
"CM2","2025","April","examiner-report","resources/past-papers/raw/CM2/CM2A/Apr25/CM2A_April2025_Examiners' Report.pdf","CM2A_April2025_Examiners' Report.pdf","cm2-2025-april-examiner-report-cm2a-april2025-examiners-report",".pdf","799634","no","yes","pending","","","",""
"CM2","2025","April","examiner-report","resources/past-papers/raw/CM2/CM2B/Apr25/CM2B_April2025_Examiners' Report.pdf","CM2B_April2025_Examiners' Report.pdf","cm2-2025-april-examiner-report-cm2b-april2025-examiners-report",".pdf","652229","no","yes","pending","","","",""
"CM2","2025","April","mark-scheme","resources/past-papers/raw/CM2/CM2B/Apr25/CM2B_April2025_Answer workbook.xlsx","CM2B_April2025_Answer workbook.xlsx","cm2-2025-april-mark-scheme-cm2b-april2025-answer-workbook",".xlsx","63166","yes","no","pending","","","",""
"CM2","2025","April","mark-scheme","resources/past-papers/raw/CM2/CM2B/Apr25/CM2B_April2025_Excel Solution.xlsx","CM2B_April2025_Excel Solution.xlsx","cm2-2025-april-mark-scheme-cm2b-april2025-excel-solution",".xlsx","89463","yes","no","pending","","","",""
"CM2","2025","April","question-paper","resources/past-papers/raw/CM2/CM2A/Apr25/CM2A_April2025_Exam.pdf","CM2A_April2025_Exam.pdf","cm2-2025-april-question-paper-cm2a-april2025-exam",".pdf","222420","no","no","pending","","","",""
"CM2","2025","April","question-paper","resources/past-papers/raw/CM2/CM2B/Apr25/CM2B_Apri2025_Exam Paper.pdf","CM2B_Apri2025_Exam Paper.pdf","cm2-2025-april-question-paper-cm2b-apri2025-exam-paper",".pdf","229160","no","no","pending","","","",""
"CM2","2025","September","question-paper","resources/past-papers/raw/CM2/CM2A/Sep25/CM2A_Sept2025_Exam.pdf","CM2A_Sept2025_Exam.pdf","cm2-2025-september-question-paper-cm2a-sept2025-exam",".pdf","306454","no","no","pending","","","",""
"CM2","2025","September","question-paper","resources/past-papers/raw/CM2/CM2B/Sep25/CM2B_Sept2025_Exam.pdf","CM2B_Sept2025_Exam.pdf","cm2-2025-september-question-paper-cm2b-sept2025-exam",".pdf","271637","no","no","pending","","","",""
"CM2","2025","September","supplementary-workbook","resources/past-papers/raw/CM2/CM2B/Sep25/CM2B Sept workbook draft v2.xlsx","CM2B Sept workbook draft v2.xlsx","cm2-2025-september-supplementary-workbook-cm2b-sept-workbook-draft-v2",".xlsx","95130","no","no","pending","","","",""
"CP1","2020","September","examiner-report","resources/past-papers/raw/CP1/CP1 Paper 1/Sep20/IandF_CP1_paper1_202009_Examiners_Report.pdf","IandF_CP1_paper1_202009_Examiners_Report.pdf","cp1-2020-september-examiner-report-iandf-cp1-paper1-202009-examiners-report",".pdf","152029","no","yes","pending","","","",""
"CP1","2020","September","examiner-report","resources/past-papers/raw/CP1/CP1 Paper 2/Sep20/IandF_CP1_paper2_202009_Examiners_Report.pdf","IandF_CP1_paper2_202009_Examiners_Report.pdf","cp1-2020-september-examiner-report-iandf-cp1-paper2-202009-examiners-report",".pdf","138737","no","yes","pending","","","",""
"CP1","2020","September","question-paper","resources/past-papers/raw/CP1/CP1 Paper 1/Sep20/IandF_CP1_paper1_202009_ExamPaper.pdf","IandF_CP1_paper1_202009_ExamPaper.pdf","cp1-2020-september-question-paper-iandf-cp1-paper1-202009-exampaper",".pdf","170930","no","no","pending","","","",""
"CP1","2020","September","question-paper","resources/past-papers/raw/CP1/CP1 Paper 2/Sep20/IandF_CP1_paper2_202009_ExamPaper.pdf","IandF_CP1_paper2_202009_ExamPaper.pdf","cp1-2020-september-question-paper-iandf-cp1-paper2-202009-exampaper",".pdf","163247","no","no","pending","","","",""
"CP1","2021","April","examiner-report","resources/past-papers/raw/CP1/CP1 Paper 1/Apr21/IandF_CP1_Paper 1_202104_Examiners_Report.pdf","IandF_CP1_Paper 1_202104_Examiners_Report.pdf","cp1-2021-april-examiner-report-iandf-cp1-paper-1-202104-examiners-report",".pdf","144418","no","yes","pending","","","",""
"CP1","2021","April","examiner-report","resources/past-papers/raw/CP1/CP1 Paper 2/Apr21/IandF_CP1_Paper 2_202104_Examiners_Report.pdf","IandF_CP1_Paper 2_202104_Examiners_Report.pdf","cp1-2021-april-examiner-report-iandf-cp1-paper-2-202104-examiners-report",".pdf","130976","no","yes","pending","","","",""
"CP1","2021","April","question-paper","resources/past-papers/raw/CP1/CP1 Paper 1/Apr21/CP11_121_EXAM.pdf","CP11_121_EXAM.pdf","cp1-2021-april-question-paper-cp11-121-exam",".pdf","167765","no","no","pending","","","",""
"CP1","2021","April","question-paper","resources/past-papers/raw/CP1/CP1 Paper 2/Apr21/CP12_121_EXAM.pdf","CP12_121_EXAM.pdf","cp1-2021-april-question-paper-cp12-121-exam",".pdf","166957","no","no","pending","","","",""
"CP1","2021","September","examiner-report","resources/past-papers/raw/CP1/CP1 Paper 1/Sep21/IandF_CP1_paper 1_202109_Examiner Report.pdf","IandF_CP1_paper 1_202109_Examiner Report.pdf","cp1-2021-september-examiner-report-iandf-cp1-paper-1-202109-examiner-report",".pdf","125546","no","yes","pending","","","",""
"CP1","2021","September","examiner-report","resources/past-papers/raw/CP1/CP1 Paper 2/Sep21/IandF_CP1_Paper 2_202109_Examiner Report.pdf","IandF_CP1_Paper 2_202109_Examiner Report.pdf","cp1-2021-september-examiner-report-iandf-cp1-paper-2-202109-examiner-report",".pdf","167221","no","yes","pending","","","",""
"CP1","2021","September","question-paper","resources/past-papers/raw/CP1/CP1 Paper 1/Sep21/CP11_221_EXAM_Final Clean.pdf","CP11_221_EXAM_Final Clean.pdf","cp1-2021-september-question-paper-cp11-221-exam-final-clean",".pdf","197551","no","no","pending","","","",""
"CP1","2021","September","question-paper","resources/past-papers/raw/CP1/CP1 Paper 2/Sep21/CP12_221_EXAM_Final Clean.pdf","CP12_221_EXAM_Final Clean.pdf","cp1-2021-september-question-paper-cp12-221-exam-final-clean",".pdf","198774","no","no","pending","","","",""
"CP1","2022","April","examiner-report","resources/past-papers/raw/CP1/CP1 Paper 1/Apr22/IandF_CP1_Paper 1_202204_ Examiner Report.pdf","IandF_CP1_Paper 1_202204_ Examiner Report.pdf","cp1-2022-april-examiner-report-iandf-cp1-paper-1-202204-examiner-report",".pdf","387490","no","yes","pending","","","",""
"CP1","2022","April","examiner-report","resources/past-papers/raw/CP1/CP1 Paper 2/Apr22/IandF_CP1_Paper 2_202204_ Examiner Report.pdf","IandF_CP1_Paper 2_202204_ Examiner Report.pdf","cp1-2022-april-examiner-report-iandf-cp1-paper-2-202204-examiner-report",".pdf","139243","no","yes","pending","","","",""
"CP1","2022","April","question-paper","resources/past-papers/raw/CP1/CP1 Paper 1/Apr22/CP11_April22_EXAM_Clean Proof.pdf","CP11_April22_EXAM_Clean Proof.pdf","cp1-2022-april-question-paper-cp11-april22-exam-clean-proof",".pdf","157407","no","no","pending","","","",""
"CP1","2022","April","question-paper","resources/past-papers/raw/CP1/CP1 Paper 2/Apr22/CP12_April22_EXAM_Clean Proof.pdf","CP12_April22_EXAM_Clean Proof.pdf","cp1-2022-april-question-paper-cp12-april22-exam-clean-proof",".pdf","161443","no","no","pending","","","",""
"CP1","2022","September","examiner-report","resources/past-papers/raw/CP1/CP1 Paper 1/Sep22/IandF_CP1 Paper 1_202209_Examiner Report.pdf","IandF_CP1 Paper 1_202209_Examiner Report.pdf","cp1-2022-september-examiner-report-iandf-cp1-paper-1-202209-examiner-report",".pdf","144025","no","yes","pending","","","",""
"CP1","2022","September","examiner-report","resources/past-papers/raw/CP1/CP1 Paper 2/Sep22/IandF_CP1 Paper 2_202209_Examiner Report.pdf","IandF_CP1 Paper 2_202209_Examiner Report.pdf","cp1-2022-september-examiner-report-iandf-cp1-paper-2-202209-examiner-report",".pdf","126929","no","yes","pending","","","",""
"CP1","2022","September","question-paper","resources/past-papers/raw/CP1/CP1 Paper 1/Sep22/CP11_September22_EXAM.pdf","CP11_September22_EXAM.pdf","cp1-2022-september-question-paper-cp11-september22-exam",".pdf","190729","no","no","pending","","","",""
"CP1","2022","September","question-paper","resources/past-papers/raw/CP1/CP1 Paper 2/Sep22/CP1-2_September22_EXAM.pdf","CP1-2_September22_EXAM.pdf","cp1-2022-september-question-paper-cp1-2-september22-exam",".pdf","167076","no","no","pending","","","",""
"CP1","2023","April","examiner-report","resources/past-papers/raw/CP1/CP1 Paper 1/Apr23/IandF_CP11_202304_Examiner Report.pdf","IandF_CP11_202304_Examiner Report.pdf","cp1-2023-april-examiner-report-iandf-cp11-202304-examiner-report",".pdf","140440","no","yes","pending","","","",""
"CP1","2023","April","examiner-report","resources/past-papers/raw/CP1/CP1 Paper 2/Apr23/IandF_CP12_202304_Examiner Report.pdf","IandF_CP12_202304_Examiner Report.pdf","cp1-2023-april-examiner-report-iandf-cp12-202304-examiner-report",".pdf","135786","no","yes","pending","","","",""
"CP1","2023","April","question-paper","resources/past-papers/raw/CP1/CP1 Paper 1/Apr23/CP11_April23_EXAM_Clean Proof.pdf","CP11_April23_EXAM_Clean Proof.pdf","cp1-2023-april-question-paper-cp11-april23-exam-clean-proof",".pdf","736270","no","no","pending","","","",""
"CP1","2023","April","question-paper","resources/past-papers/raw/CP1/CP1 Paper 2/Apr23/CP12_April23_EXAM_Clean Proof.pdf","CP12_April23_EXAM_Clean Proof.pdf","cp1-2023-april-question-paper-cp12-april23-exam-clean-proof",".pdf","746256","no","no","pending","","","",""
"CP1","2023","September","examiner-report","resources/past-papers/raw/CP1/CP1 Paper 1/Sep23/IandF_CP11_202309_Examiner Report.pdf","IandF_CP11_202309_Examiner Report.pdf","cp1-2023-september-examiner-report-iandf-cp11-202309-examiner-report",".pdf","158457","no","yes","pending","","","",""
"CP1","2023","September","examiner-report","resources/past-papers/raw/CP1/CP1 Paper 2/Sep23/IandF_CP12_202309_Examiner Report.pdf","IandF_CP12_202309_Examiner Report.pdf","cp1-2023-september-examiner-report-iandf-cp12-202309-examiner-report",".pdf","153811","no","yes","pending","","","",""
"CP1","2023","September","question-paper","resources/past-papers/raw/CP1/CP1 Paper 1/Sep23/CP11_September23_EXAM_Clean Proof.pdf","CP11_September23_EXAM_Clean Proof.pdf","cp1-2023-september-question-paper-cp11-september23-exam-clean-proof",".pdf","178103","no","no","pending","","","",""
"CP1","2023","September","question-paper","resources/past-papers/raw/CP1/CP1 Paper 2/Sep23/CP12_September23_EXAM_Clean Proof.pdf","CP12_September23_EXAM_Clean Proof.pdf","cp1-2023-september-question-paper-cp12-september23-exam-clean-proof",".pdf","178490","no","no","pending","","","",""
"CP1","2024","April","examiner-report","resources/past-papers/raw/CP1/CP1 Paper 1/Apr24/CP1-1_April 2024_Examiner Report.pdf","CP1-1_April 2024_Examiner Report.pdf","cp1-2024-april-examiner-report-cp1-1-april-2024-examiner-report",".pdf","378741","no","yes","pending","","","",""
"CP1","2024","April","examiner-report","resources/past-papers/raw/CP1/CP1 Paper 2/Apr24/CP1-2_April 2024_Examiner Report.pdf","CP1-2_April 2024_Examiner Report.pdf","cp1-2024-april-examiner-report-cp1-2-april-2024-examiner-report",".pdf","377832","no","yes","pending","","","",""
"CP1","2024","April","question-paper","resources/past-papers/raw/CP1/CP1 Paper 1/Apr24/CP1-1_April_2024_Exam_Paper.pdf","CP1-1_April_2024_Exam_Paper.pdf","cp1-2024-april-question-paper-cp1-1-april-2024-exam-paper",".pdf","146690","no","no","pending","","","",""
"CP1","2024","April","question-paper","resources/past-papers/raw/CP1/CP1 Paper 2/Apr24/CP1-2_April_2024_Exam_Paper.pdf","CP1-2_April_2024_Exam_Paper.pdf","cp1-2024-april-question-paper-cp1-2-april-2024-exam-paper",".pdf","136794","no","no","pending","","","",""
"CP1","2024","September","examiner-report","resources/past-papers/raw/CP1/CP1 Paper 1/Sep24/CP1-1_September 2024_Examiner Report.pdf","CP1-1_September 2024_Examiner Report.pdf","cp1-2024-september-examiner-report-cp1-1-september-2024-examiner-report",".pdf","398415","no","yes","pending","","","",""
"CP1","2024","September","examiner-report","resources/past-papers/raw/CP1/CP1 Paper 2/Sep24/CP1-2_September 2024_Examiner Report.pdf","CP1-2_September 2024_Examiner Report.pdf","cp1-2024-september-examiner-report-cp1-2-september-2024-examiner-report",".pdf","406380","no","yes","pending","","","",""
"CP1","2024","September","question-paper","resources/past-papers/raw/CP1/CP1 Paper 1/Sep24/CP1-1_September 2024_Exam Paper.pdf","CP1-1_September 2024_Exam Paper.pdf","cp1-2024-september-question-paper-cp1-1-september-2024-exam-paper",".pdf","125984","no","no","pending","","","",""
"CP1","2024","September","question-paper","resources/past-papers/raw/CP1/CP1 Paper 2/Sep24/CP1-2_September 2024_Exam Paper.pdf","CP1-2_September 2024_Exam Paper.pdf","cp1-2024-september-question-paper-cp1-2-september-2024-exam-paper",".pdf","141592","no","no","pending","","","",""
"CP1","2025","April","examiner-report","resources/past-papers/raw/CP1/CP1 Paper 1/Apr25/CP1_Paper1_April2025_Examiners' Report.pdf","CP1_Paper1_April2025_Examiners' Report.pdf","cp1-2025-april-examiner-report-cp1-paper1-april2025-examiners-report",".pdf","693919","no","yes","pending","","","",""
"CP1","2025","April","examiner-report","resources/past-papers/raw/CP1/CP1 Paper 2/Apr25/CP1_Paper2_April2025_Examiners' Report.pdf","CP1_Paper2_April2025_Examiners' Report.pdf","cp1-2025-april-examiner-report-cp1-paper2-april2025-examiners-report",".pdf","754247","no","yes","pending","","","",""
"CP1","2025","April","question-paper","resources/past-papers/raw/CP1/CP1 Paper 1/Apr25/CP1_Paper1_April2025_Exam Paper.pdf","CP1_Paper1_April2025_Exam Paper.pdf","cp1-2025-april-question-paper-cp1-paper1-april2025-exam-paper",".pdf","146350","no","no","pending","","","",""
"CP1","2025","April","question-paper","resources/past-papers/raw/CP1/CP1 Paper 2/Apr25/CP1_Paper2_April2025_Exam Paper.pdf","CP1_Paper2_April2025_Exam Paper.pdf","cp1-2025-april-question-paper-cp1-paper2-april2025-exam-paper",".pdf","166438","no","no","pending","","","",""
"CP1","2025","September","question-paper","resources/past-papers/raw/CP1/CP1 Paper 1/Sep25/CP11_Sept 2025_Exam.pdf","CP11_Sept 2025_Exam.pdf","cp1-2025-september-question-paper-cp11-sept-2025-exam",".pdf","161385","no","no","pending","","","",""
"CP1","2025","September","question-paper","resources/past-papers/raw/CP1/CP1 Paper 2/Sep25/CP12_Sept 2025_Exam.pdf","CP12_Sept 2025_Exam.pdf","cp1-2025-september-question-paper-cp12-sept-2025-exam",".pdf","157994","no","no","pending","","","",""
"CP2","2020","September","examiner-report","resources/past-papers/raw/CP2/CP2 Paper 1/Sep20/IandF_CP2_202009_Examiners_Report.pdf","IandF_CP2_202009_Examiners_Report.pdf","cp2-2020-september-examiner-report-iandf-cp2-202009-examiners-report",".pdf","82602","no","yes","pending","","","",""
"CP2","2020","September","examiner-report","resources/past-papers/raw/CP2/CP2 Paper 2/Sep20/IandF_CP2_202009_Examiners_Report.pdf","IandF_CP2_202009_Examiners_Report.pdf","cp2-2020-september-examiner-report-iandf-cp2-202009-examiners-report",".pdf","82602","no","yes","pending","","","",""
"CP2","2020","September","examiner-report","resources/past-papers/raw/CP2/Sep20/IandF_CP2_202009_Examiners_Report.pdf","IandF_CP2_202009_Examiners_Report.pdf","cp2-2020-september-examiner-report-iandf-cp2-202009-examiners-report",".pdf","82602","no","yes","pending","","","",""
"CP2","2020","September","mark-scheme","resources/past-papers/raw/CP2/CP2 Paper 1/Sep20/220_CP2-P1_Model solution v2.xlsx","220_CP2-P1_Model solution v2.xlsx","cp2-2020-september-mark-scheme-220-cp2-p1-model-solution-v2",".xlsx","177846","yes","no","pending","","","",""
"CP2","2020","September","mark-scheme","resources/past-papers/raw/CP2/CP2 Paper 2/Sep20/220_CP2-P2_Model Solution v3.xlsx","220_CP2-P2_Model Solution v3.xlsx","cp2-2020-september-mark-scheme-220-cp2-p2-model-solution-v3",".xlsx","58309","yes","no","pending","","","",""
"CP2","2020","September","question-paper","resources/past-papers/raw/CP2/CP2 Paper 1/Sep20/220_CP2-P1_Audit trail v3.docx","220_CP2-P1_Audit trail v3.docx","cp2-2020-september-question-paper-220-cp2-p1-audit-trail-v3",".docx","28784","no","no","pending","","","",""
"CP2","2020","September","question-paper","resources/past-papers/raw/CP2/CP2 Paper 2/Sep20/220_CP2-P2_Summary Document v3.docx","220_CP2-P2_Summary Document v3.docx","cp2-2020-september-question-paper-220-cp2-p2-summary-document-v3",".docx","76877","no","no","pending","","","",""
"CP2","2020","September","question-paper","resources/past-papers/raw/CP2/CP2 Paper 1/Sep20/IandF_CP2_paper1_202009_ExamPaper.pdf","IandF_CP2_paper1_202009_ExamPaper.pdf","cp2-2020-september-question-paper-iandf-cp2-paper1-202009-exampaper",".pdf","284936","no","no","pending","","","",""
"CP2","2020","September","question-paper","resources/past-papers/raw/CP2/CP2 Paper 2/Sep20/IandF_CP2_paper2_202009_ExamPaper.pdf","IandF_CP2_paper2_202009_ExamPaper.pdf","cp2-2020-september-question-paper-iandf-cp2-paper2-202009-exampaper",".pdf","234925","no","no","pending","","","",""
"CP2","2020","September","supplementary-workbook","resources/past-papers/raw/CP2/CP2 Paper 1/Sep20/IandF_CP2_paper1_202009_Data for candidate.xlsx","IandF_CP2_paper1_202009_Data for candidate.xlsx","cp2-2020-september-supplementary-workbook-iandf-cp2-paper1-202009-data-for-candidate",".xlsx","22546","no","no","pending","","","",""
"CP2","2020","September","supplementary-workbook","resources/past-papers/raw/CP2/CP2 Paper 2/Sep20/IandF_CP2_paper2_202009_Model for Candidate.xlsx","IandF_CP2_paper2_202009_Model for Candidate.xlsx","cp2-2020-september-supplementary-workbook-iandf-cp2-paper2-202009-model-for-candidate",".xlsx","25255","no","no","pending","","","",""
"CP2","2021","April","examiner-report","resources/past-papers/raw/CP2/CP2 Paper 1/Apr21/IandF_CP2_202104_Examiners_Report_v1.pdf","IandF_CP2_202104_Examiners_Report_v1.pdf","cp2-2021-april-examiner-report-iandf-cp2-202104-examiners-report-v1",".pdf","115849","no","yes","pending","","","",""
"CP2","2021","April","examiner-report","resources/past-papers/raw/CP2/CP2 Paper 2/Apr21/IandF_CP2_202104_Examiners_Report_v1.pdf","IandF_CP2_202104_Examiners_Report_v1.pdf","cp2-2021-april-examiner-report-iandf-cp2-202104-examiners-report-v1",".pdf","115855","no","yes","pending","","","",""
"CP2","2021","April","mark-scheme","resources/past-papers/raw/CP2/CP2 Paper 1/Apr21/121_CP2-P1_Model for Solution_v12.xlsx","121_CP2-P1_Model for Solution_v12.xlsx","cp2-2021-april-mark-scheme-121-cp2-p1-model-for-solution-v12",".xlsx","5350492","yes","no","pending","","","",""
"CP2","2021","April","mark-scheme","resources/past-papers/raw/CP2/CP2 Paper 2/Apr21/121_CP2-P2_Model Solution v15.xlsx","121_CP2-P2_Model Solution v15.xlsx","cp2-2021-april-mark-scheme-121-cp2-p2-model-solution-v15",".xlsx","162179","yes","no","pending","","","",""
"CP2","2021","April","question-paper","resources/past-papers/raw/CP2/CP2 Paper 1/Apr21/121_CP2-P1_Audit trail v5.docx","121_CP2-P1_Audit trail v5.docx","cp2-2021-april-question-paper-121-cp2-p1-audit-trail-v5",".docx","41188","no","no","pending","","","",""
"CP2","2021","April","question-paper","resources/past-papers/raw/CP2/CP2 Paper 2/Apr21/121_CP2-P2_Summary v15.docx","121_CP2-P2_Summary v15.docx","cp2-2021-april-question-paper-121-cp2-p2-summary-v15",".docx","231475","no","no","pending","","","",""
"CP2","2021","April","question-paper","resources/past-papers/raw/CP2/CP2 Paper 1/Apr21/CP2-1_121_EXAM_Clean Proof.pdf","CP2-1_121_EXAM_Clean Proof.pdf","cp2-2021-april-question-paper-cp2-1-121-exam-clean-proof",".pdf","174309","no","no","pending","","","",""
"CP2","2021","April","question-paper","resources/past-papers/raw/CP2/CP2 Paper 2/Apr21/CP2-2_121_EXAM_Clean Proof.pdf","CP2-2_121_EXAM_Clean Proof.pdf","cp2-2021-april-question-paper-cp2-2-121-exam-clean-proof",".pdf","243221","no","no","pending","","","",""
"CP2","2021","April","supplementary-workbook","resources/past-papers/raw/CP2/CP2 Paper 1/Apr21/121_CP2-P1_Data for candidate v3.xlsx","121_CP2-P1_Data for candidate v3.xlsx","cp2-2021-april-supplementary-workbook-121-cp2-p1-data-for-candidate-v3",".xlsx","784740","no","no","pending","","","",""
"CP2","2021","April","supplementary-workbook","resources/past-papers/raw/CP2/CP2 Paper 2/Apr21/121_CP2-P2_Model for candidates v12.xlsx","121_CP2-P2_Model for candidates v12.xlsx","cp2-2021-april-supplementary-workbook-121-cp2-p2-model-for-candidates-v12",".xlsx","138789","no","no","pending","","","",""
"CP2","2021","September","examiner-report","resources/past-papers/raw/CP2/CP2 Paper 1/Sep21/IandF_CP2_paper 1_202109_Examiner Report.pdf","IandF_CP2_paper 1_202109_Examiner Report.pdf","cp2-2021-september-examiner-report-iandf-cp2-paper-1-202109-examiner-report",".pdf","65415","no","yes","pending","","","",""
"CP2","2021","September","examiner-report","resources/past-papers/raw/CP2/CP2 Paper 1/Sep21/IandF_CP2_paper 2_202109_Examiner Report.pdf","IandF_CP2_paper 2_202109_Examiner Report.pdf","cp2-2021-september-examiner-report-iandf-cp2-paper-2-202109-examiner-report",".pdf","63371","no","yes","pending","","","",""
"CP2","2021","September","mark-scheme","resources/past-papers/raw/CP2/CP2 Paper 1/Sep21/221 CP2 P2 Model solution.xlsx","221 CP2 P2 Model solution.xlsx","cp2-2021-september-mark-scheme-221-cp2-p2-model-solution",".xlsx","96821","yes","no","pending","","","",""
"CP2","2021","September","mark-scheme","resources/past-papers/raw/CP2/CP2 Paper 1/Sep21/221 CP2 P2 Summary solution Final.pdf","221 CP2 P2 Summary solution Final.pdf","cp2-2021-september-mark-scheme-221-cp2-p2-summary-solution-final",".pdf","88940","yes","no","pending","","","",""
"CP2","2021","September","mark-scheme","resources/past-papers/raw/CP2/CP2 Paper 1/Sep21/221_CP2_P1_Model solution_v3.xlsx","221_CP2_P1_Model solution_v3.xlsx","cp2-2021-september-mark-scheme-221-cp2-p1-model-solution-v3",".xlsx","496725","yes","no","pending","","","",""
"CP2","2021","September","question-paper","resources/past-papers/raw/CP2/CP2 Paper 1/Sep21/221_CP2_P1_Audit trail_v3.pdf","221_CP2_P1_Audit trail_v3.pdf","cp2-2021-september-question-paper-221-cp2-p1-audit-trail-v3",".pdf","47698","no","no","pending","","","",""
"CP2","2021","September","question-paper","resources/past-papers/raw/CP2/CP2 Paper 1/Sep21/CP2-1_221_EXAM_Final Clean.pdf","CP2-1_221_EXAM_Final Clean.pdf","cp2-2021-september-question-paper-cp2-1-221-exam-final-clean",".pdf","213338","no","no","pending","","","",""
"CP2","2021","September","question-paper","resources/past-papers/raw/CP2/CP2 Paper 1/Sep21/CP2-2_221_EXAM_Final Clean.pdf","CP2-2_221_EXAM_Final Clean.pdf","cp2-2021-september-question-paper-cp2-2-221-exam-final-clean",".pdf","224407","no","no","pending","","","",""
"CP2","2021","September","supplementary-workbook","resources/past-papers/raw/CP2/CP2 Paper 1/Sep21/221 CP2 P2  Model for candidate.xlsx","221 CP2 P2  Model for candidate.xlsx","cp2-2021-september-supplementary-workbook-221-cp2-p2-model-for-candidate",".xlsx","52643","no","no","pending","","","",""
"CP2","2021","September","supplementary-workbook","resources/past-papers/raw/CP2/CP2 Paper 1/Sep21/221_CP2_P1_Data for candidate.xlsx","221_CP2_P1_Data for candidate.xlsx","cp2-2021-september-supplementary-workbook-221-cp2-p1-data-for-candidate",".xlsx","45277","no","no","pending","","","",""
"CP2","2022","April","examiner-report","resources/past-papers/raw/CP2/CP2 Paper 1/Apr22/IandF_CP2_paper 1_202204_Examiner Report.pdf","IandF_CP2_paper 1_202204_Examiner Report.pdf","cp2-2022-april-examiner-report-iandf-cp2-paper-1-202204-examiner-report",".pdf","68434","no","yes","pending","","","",""
"CP2","2022","April","examiner-report","resources/past-papers/raw/CP2/CP2 Paper 2/Apr22/IandF_CP2_paper 2_202204_Examiner Report.pdf","IandF_CP2_paper 2_202204_Examiner Report.pdf","cp2-2022-april-examiner-report-iandf-cp2-paper-2-202204-examiner-report",".pdf","51424","no","yes","pending","","","",""
"CP2","2022","April","mark-scheme","resources/past-papers/raw/CP2/CP2 Paper 1/Apr22/122_CP2_P1_Model for solution.xlsx","122_CP2_P1_Model for solution.xlsx","cp2-2022-april-mark-scheme-122-cp2-p1-model-for-solution",".xlsx","495608","yes","no","pending","","","",""
"CP2","2022","April","mark-scheme","resources/past-papers/raw/CP2/CP2 Paper 2/Apr22/122_CP2-P2_Model solution v7.xlsx","122_CP2-P2_Model solution v7.xlsx","cp2-2022-april-mark-scheme-122-cp2-p2-model-solution-v7",".xlsx","698902","yes","no","pending","","","",""
"CP2","2022","April","question-paper","resources/past-papers/raw/CP2/CP2 Paper 1/Apr22/122_CP2_P1_Audit trail.docx","122_CP2_P1_Audit trail.docx","cp2-2022-april-question-paper-122-cp2-p1-audit-trail",".docx","43052","no","no","pending","","","",""
"CP2","2022","April","question-paper","resources/past-papers/raw/CP2/CP2 Paper 2/Apr22/122_CP2_P2_Summary_v7.docx","122_CP2_P2_Summary_v7.docx","cp2-2022-april-question-paper-122-cp2-p2-summary-v7",".docx","177230","no","no","pending","","","",""
"CP2","2022","April","question-paper","resources/past-papers/raw/CP2/CP2 Paper 1/Apr22/CP2-1_April22_EXAM_Clean Proof.pdf","CP2-1_April22_EXAM_Clean Proof.pdf","cp2-2022-april-question-paper-cp2-1-april22-exam-clean-proof",".pdf","261742","no","no","pending","","","",""
"CP2","2022","April","question-paper","resources/past-papers/raw/CP2/CP2 Paper 2/Apr22/CP2-2_April22_EXAM_Clean Proof.pdf","CP2-2_April22_EXAM_Clean Proof.pdf","cp2-2022-april-question-paper-cp2-2-april22-exam-clean-proof",".pdf","208212","no","no","pending","","","",""
"CP2","2022","April","supplementary-workbook","resources/past-papers/raw/CP2/CP2 Paper 1/Apr22/122_CP2_P1_Data for Candidate.xlsx","122_CP2_P1_Data for Candidate.xlsx","cp2-2022-april-supplementary-workbook-122-cp2-p1-data-for-candidate",".xlsx","80871","no","no","pending","","","",""
"CP2","2022","April","supplementary-workbook","resources/past-papers/raw/CP2/CP2 Paper 2/Apr22/122_CP2-P2_Model for candidate v6.xlsx","122_CP2-P2_Model for candidate v6.xlsx","cp2-2022-april-supplementary-workbook-122-cp2-p2-model-for-candidate-v6",".xlsx","429966","no","no","pending","","","",""
"CP2","2022","September","examiner-report","resources/past-papers/raw/CP2/CP2 Paper 1/Sep22/IandF_CP2 Paper 1_202209_Examiner Report.pdf","IandF_CP2 Paper 1_202209_Examiner Report.pdf","cp2-2022-september-examiner-report-iandf-cp2-paper-1-202209-examiner-report",".pdf","120415","no","yes","pending","","","",""
"CP2","2022","September","examiner-report","resources/past-papers/raw/CP2/CP2 Paper 2/Sep22/IandF_CP2 Paper 2_202209_Examiner Report.pdf","IandF_CP2 Paper 2_202209_Examiner Report.pdf","cp2-2022-september-examiner-report-iandf-cp2-paper-2-202209-examiner-report",".pdf","119459","no","yes","pending","","","",""
"CP2","2022","September","mark-scheme","resources/past-papers/raw/CP2/CP2 Paper 1/Sep22/222_CP2_P1_Model for Solution.xlsx","222_CP2_P1_Model for Solution.xlsx","cp2-2022-september-mark-scheme-222-cp2-p1-model-for-solution",".xlsx","632903","yes","no","pending","","","",""
"CP2","2022","September","mark-scheme","resources/past-papers/raw/CP2/CP2 Paper 2/Sep22/222_CP2-P2_Model solution.xlsx","222_CP2-P2_Model solution.xlsx","cp2-2022-september-mark-scheme-222-cp2-p2-model-solution",".xlsx","117935","yes","no","pending","","","",""
"CP2","2022","September","question-paper","resources/past-papers/raw/CP2/CP2 Paper 1/Sep22/222_CP2_P1_Audit trail (1).docx","222_CP2_P1_Audit trail (1).docx","cp2-2022-september-question-paper-222-cp2-p1-audit-trail-1",".docx","30490","no","no","pending","","","",""
"CP2","2022","September","question-paper","resources/past-papers/raw/CP2/CP2 Paper 2/Sep22/222_CP2-P2_Summary.docx","222_CP2-P2_Summary.docx","cp2-2022-september-question-paper-222-cp2-p2-summary",".docx","55028","no","no","pending","","","",""
"CP2","2022","September","question-paper","resources/past-papers/raw/CP2/CP2 Paper 1/Sep22/CP2-1_September22_EXAM.pdf","CP2-1_September22_EXAM.pdf","cp2-2022-september-question-paper-cp2-1-september22-exam",".pdf","182408","no","no","pending","","","",""
"CP2","2022","September","question-paper","resources/past-papers/raw/CP2/CP2 Paper 2/Sep22/CP2-2_September22_EXAM.pdf","CP2-2_September22_EXAM.pdf","cp2-2022-september-question-paper-cp2-2-september22-exam",".pdf","194725","no","no","pending","","","",""
"CP2","2022","September","supplementary-workbook","resources/past-papers/raw/CP2/CP2 Paper 1/Sep22/222_CP2_P1_Data for Candidate.xlsx","222_CP2_P1_Data for Candidate.xlsx","cp2-2022-september-supplementary-workbook-222-cp2-p1-data-for-candidate",".xlsx","34398","no","no","pending","","","",""
"CP2","2022","September","supplementary-workbook","resources/past-papers/raw/CP2/CP2 Paper 2/Sep22/222_CP2-P2_Model for candidate.xlsx","222_CP2-P2_Model for candidate.xlsx","cp2-2022-september-supplementary-workbook-222-cp2-p2-model-for-candidate",".xlsx","77478","no","no","pending","","","",""
"CP2","2023","April","examiner-report","resources/past-papers/raw/CP2/CP2 Paper 2/Apr23/IandF_CP2 2_202304_Examiner report.pdf","IandF_CP2 2_202304_Examiner report.pdf","cp2-2023-april-examiner-report-iandf-cp2-2-202304-examiner-report",".pdf","93233","no","yes","pending","","","",""
"CP2","2023","April","examiner-report","resources/past-papers/raw/CP2/CP2 Paper 1/Apr23/IandF_CP21_202304_Examiner Report.pdf","IandF_CP21_202304_Examiner Report.pdf","cp2-2023-april-examiner-report-iandf-cp21-202304-examiner-report",".pdf","92230","no","yes","pending","","","",""
"CP2","2023","April","mark-scheme","resources/past-papers/raw/CP2/CP2 Paper 1/Apr23/123_CP2_P1_solution.xlsx","123_CP2_P1_solution.xlsx","cp2-2023-april-mark-scheme-123-cp2-p1-solution",".xlsx","2126545","yes","no","pending","","","",""
"CP2","2023","April","mark-scheme","resources/past-papers/raw/CP2/CP2 Paper 2/Apr23/123_CP2-P2_Model Solution_V2.xlsx","123_CP2-P2_Model Solution_V2.xlsx","cp2-2023-april-mark-scheme-123-cp2-p2-model-solution-v2",".xlsx","519766","yes","no","pending","","","",""
"CP2","2023","April","question-paper","resources/past-papers/raw/CP2/CP2 Paper 1/Apr23/123_CP2_P1_Audit trail.docx","123_CP2_P1_Audit trail.docx","cp2-2023-april-question-paper-123-cp2-p1-audit-trail",".docx","35586","no","no","pending","","","",""
"CP2","2023","April","question-paper","resources/past-papers/raw/CP2/CP2 Paper 2/Apr23/123_CP2-P2_Summary_Draft v3.docx","123_CP2-P2_Summary_Draft v3.docx","cp2-2023-april-question-paper-123-cp2-p2-summary-draft-v3",".docx","60667","no","no","pending","","","",""
"CP2","2023","April","question-paper","resources/past-papers/raw/CP2/CP2 Paper 1/Apr23/CP2-1_April23_EXAM_Clean Proof.pdf","CP2-1_April23_EXAM_Clean Proof.pdf","cp2-2023-april-question-paper-cp2-1-april23-exam-clean-proof",".pdf","896442","no","no","pending","","","",""
"CP2","2023","April","question-paper","resources/past-papers/raw/CP2/CP2 Paper 2/Apr23/CP2-2_April23_EXAM_Clean Proof.pdf","CP2-2_April23_EXAM_Clean Proof.pdf","cp2-2023-april-question-paper-cp2-2-april23-exam-clean-proof",".pdf","225322","no","no","pending","","","",""
"CP2","2023","April","supplementary-workbook","resources/past-papers/raw/CP2/CP2 Paper 1/Apr23/123_CP2_P1_data_for_candidates.xlsx","123_CP2_P1_data_for_candidates.xlsx","cp2-2023-april-supplementary-workbook-123-cp2-p1-data-for-candidates",".xlsx","260032","no","no","pending","","","",""
"CP2","2023","April","supplementary-workbook","resources/past-papers/raw/CP2/CP2 Paper 2/Apr23/123_CP2-P2_Model for Candidate_v2.xlsx","123_CP2-P2_Model for Candidate_v2.xlsx","cp2-2023-april-supplementary-workbook-123-cp2-p2-model-for-candidate-v2",".xlsx","81711","no","no","pending","","","",""
"CP2","2023","September","examiner-report","resources/past-papers/raw/CP2/CP2 Paper 1/Sep23/IandF_CP21_202309_Examiner Report.pdf","IandF_CP21_202309_Examiner Report.pdf","cp2-2023-september-examiner-report-iandf-cp21-202309-examiner-report",".pdf","83032","no","yes","pending","","","",""
"CP2","2023","September","examiner-report","resources/past-papers/raw/CP2/CP2 Paper 2/Sep23/IandF_CP22_202309_Examiner Report.pdf","IandF_CP22_202309_Examiner Report.pdf","cp2-2023-september-examiner-report-iandf-cp22-202309-examiner-report",".pdf","100422","no","yes","pending","","","",""
"CP2","2023","September","mark-scheme","resources/past-papers/raw/CP2/CP2 Paper 2/Sep23/2023_CP2_P2_Model for solution.xlsx","2023_CP2_P2_Model for solution.xlsx","cp2-2023-september-mark-scheme-2023-cp2-p2-model-for-solution",".xlsx","6085526","yes","no","pending","","","",""
"CP2","2023","September","mark-scheme","resources/past-papers/raw/CP2/CP2 Paper 1/Sep23/223_CP2_P1_Model Solution (1).xlsx","223_CP2_P1_Model Solution (1).xlsx","cp2-2023-september-mark-scheme-223-cp2-p1-model-solution-1",".xlsx","7423075","yes","no","pending","","","",""
"CP2","2023","September","question-paper","resources/past-papers/raw/CP2/CP2 Paper 1/Sep23/223_CP2_P1_Audit trail.pdf","223_CP2_P1_Audit trail.pdf","cp2-2023-september-question-paper-223-cp2-p1-audit-trail",".pdf","62741","no","no","pending","","","",""
"CP2","2023","September","question-paper","resources/past-papers/raw/CP2/CP2 Paper 2/Sep23/223_CP2-P2_Summary Document_v1.docx","223_CP2-P2_Summary Document_v1.docx","cp2-2023-september-question-paper-223-cp2-p2-summary-document-v1",".docx","88115","no","no","pending","","","",""
"CP2","2023","September","question-paper","resources/past-papers/raw/CP2/CP2 Paper 1/Sep23/CP2-1_September23_EXAM_Clean Proof.pdf","CP2-1_September23_EXAM_Clean Proof.pdf","cp2-2023-september-question-paper-cp2-1-september23-exam-clean-proof",".pdf","828301","no","no","pending","","","",""
"CP2","2023","September","question-paper","resources/past-papers/raw/CP2/CP2 Paper 2/Sep23/CP2-2_September23_EXAM_Clean Proof.pdf","CP2-2_September23_EXAM_Clean Proof.pdf","cp2-2023-september-question-paper-cp2-2-september23-exam-clean-proof",".pdf","831210","no","no","pending","","","",""
"CP2","2023","September","supplementary-workbook","resources/past-papers/raw/CP2/CP2 Paper 1/Sep23/223_CP2_P1_Data for Candidate.xlsx","223_CP2_P1_Data for Candidate.xlsx","cp2-2023-september-supplementary-workbook-223-cp2-p1-data-for-candidate",".xlsx","1120415","no","no","pending","","","",""
"CP2","2023","September","supplementary-workbook","resources/past-papers/raw/CP2/CP2 Paper 2/Sep23/223_CP2_P2_Model_for_candidates.xlsx","223_CP2_P2_Model_for_candidates.xlsx","cp2-2023-september-supplementary-workbook-223-cp2-p2-model-for-candidates",".xlsx","2822168","no","no","pending","","","",""
"CP2","2024","April","examiner-report","resources/past-papers/raw/CP2/CP2 Paper 1/Apr24/CP2-1_April 2024_Examiner Report.pdf","CP2-1_April 2024_Examiner Report.pdf","cp2-2024-april-examiner-report-cp2-1-april-2024-examiner-report",".pdf","295097","no","yes","pending","","","",""
"CP2","2024","April","examiner-report","resources/past-papers/raw/CP2/CP2 Paper 2/Apr24/CP2-2_April 2024_Examiner Report.pdf","CP2-2_April 2024_Examiner Report.pdf","cp2-2024-april-examiner-report-cp2-2-april-2024-examiner-report",".pdf","318733","no","yes","pending","","","",""
"CP2","2024","April","mark-scheme","resources/past-papers/raw/CP2/CP2 Paper 1/Apr24/CP2-1_Model for solution.xlsx","CP2-1_Model for solution.xlsx","cp2-2024-april-mark-scheme-cp2-1-model-for-solution",".xlsx","949113","yes","no","pending","","","",""
"CP2","2024","April","mark-scheme","resources/past-papers/raw/CP2/CP2 Paper 2/Apr24/CP2-2_Model solution.xlsx","CP2-2_Model solution.xlsx","cp2-2024-april-mark-scheme-cp2-2-model-solution",".xlsx","64962","yes","no","pending","","","",""
"CP2","2024","April","mark-scheme","resources/past-papers/raw/CP2/CP2 Paper 2/Apr24/CP2-2_Summary Solution_v2.docx","CP2-2_Summary Solution_v2.docx","cp2-2024-april-mark-scheme-cp2-2-summary-solution-v2",".docx","67538","yes","no","pending","","","",""
"CP2","2024","April","question-paper","resources/past-papers/raw/CP2/CP2 Paper 1/Apr24/CP2-1_April_2024_Exam_Paper.pdf","CP2-1_April_2024_Exam_Paper.pdf","cp2-2024-april-question-paper-cp2-1-april-2024-exam-paper",".pdf","240546","no","no","pending","","","",""
"CP2","2024","April","question-paper","resources/past-papers/raw/CP2/CP2 Paper 1/Apr24/CP2-1_Audit trail.docx","CP2-1_Audit trail.docx","cp2-2024-april-question-paper-cp2-1-audit-trail",".docx","42121","no","no","pending","","","",""
"CP2","2024","April","question-paper","resources/past-papers/raw/CP2/CP2 Paper 2/Apr24/CP2-2_April_2024_Exam_Paper.pdf","CP2-2_April_2024_Exam_Paper.pdf","cp2-2024-april-question-paper-cp2-2-april-2024-exam-paper",".pdf","223232","no","no","pending","","","",""
"CP2","2024","April","supplementary-workbook","resources/past-papers/raw/CP2/CP2 Paper 1/Apr24/CP2-1_April_2024_Data_for_candidate.xlsx","CP2-1_April_2024_Data_for_candidate.xlsx","cp2-2024-april-supplementary-workbook-cp2-1-april-2024-data-for-candidate",".xlsx","108125","no","no","pending","","","",""
"CP2","2024","April","supplementary-workbook","resources/past-papers/raw/CP2/CP2 Paper 2/Apr24/CP2-2_April_2024_Model_for_candidate.xlsx","CP2-2_April_2024_Model_for_candidate.xlsx","cp2-2024-april-supplementary-workbook-cp2-2-april-2024-model-for-candidate",".xlsx","42436","no","no","pending","","","",""
"CP2","2024","September","examiner-report","resources/past-papers/raw/CP2/CP2 Paper 1/Sep24/CP2-1_September 2024_Examiner Report.pdf","CP2-1_September 2024_Examiner Report.pdf","cp2-2024-september-examiner-report-cp2-1-september-2024-examiner-report",".pdf","298154","no","yes","pending","","","",""
"CP2","2024","September","examiner-report","resources/past-papers/raw/CP2/CP2 Paper 2/Sep24/CP2-2_September 2024_Examiner Report.pdf","CP2-2_September 2024_Examiner Report.pdf","cp2-2024-september-examiner-report-cp2-2-september-2024-examiner-report",".pdf","350727","no","yes","pending","","","",""
"CP2","2024","September","mark-scheme","resources/past-papers/raw/CP2/CP2 Paper 2/Sep24/CP2-2_September 2024_Model solution.xlsx","CP2-2_September 2024_Model solution.xlsx","cp2-2024-september-mark-scheme-cp2-2-september-2024-model-solution",".xlsx","917232","yes","no","pending","","","",""
"CP2","2024","September","mark-scheme","resources/past-papers/raw/CP2/CP2 Paper 1/Sep24/CP2-P1_September 2024_Model for solution.xlsx","CP2-P1_September 2024_Model for solution.xlsx","cp2-2024-september-mark-scheme-cp2-p1-september-2024-model-for-solution",".xlsx","1207799","yes","no","pending","","","",""
"CP2","2024","September","question-paper","resources/past-papers/raw/CP2/CP2 Paper 1/Sep24/CP2-1_September 2024_Audit trail.docx","CP2-1_September 2024_Audit trail.docx","cp2-2024-september-question-paper-cp2-1-september-2024-audit-trail",".docx","47232","no","no","pending","","","",""
"CP2","2024","September","question-paper","resources/past-papers/raw/CP2/CP2 Paper 1/Sep24/CP2-1_September 2024_Exam Paper.pdf","CP2-1_September 2024_Exam Paper.pdf","cp2-2024-september-question-paper-cp2-1-september-2024-exam-paper",".pdf","211414","no","no","pending","","","",""
"CP2","2024","September","question-paper","resources/past-papers/raw/CP2/CP2 Paper 2/Sep24/CP2-2_September 2024_Exam Paper.pdf","CP2-2_September 2024_Exam Paper.pdf","cp2-2024-september-question-paper-cp2-2-september-2024-exam-paper",".pdf","280842","no","no","pending","","","",""
"CP2","2024","September","question-paper","resources/past-papers/raw/CP2/CP2 Paper 2/Sep24/CP2-2_September 2024_Summary.docx","CP2-2_September 2024_Summary.docx","cp2-2024-september-question-paper-cp2-2-september-2024-summary",".docx","305309","no","no","pending","","","",""
"CP2","2024","September","supplementary-workbook","resources/past-papers/raw/CP2/CP2 Paper 1/Sep24/CP2-1_September 2024_Data for candidates.xlsx","CP2-1_September 2024_Data for candidates.xlsx","cp2-2024-september-supplementary-workbook-cp2-1-september-2024-data-for-candidates",".xlsx","85149","no","no","pending","","","",""
"CP2","2024","September","supplementary-workbook","resources/past-papers/raw/CP2/CP2 Paper 2/Sep24/CP2-2_September 2024_Model for candidate.xlsx","CP2-2_September 2024_Model for candidate.xlsx","cp2-2024-september-supplementary-workbook-cp2-2-september-2024-model-for-candidate",".xlsx","655691","no","no","pending","","","",""
"CP2","2025","April","examiner-report","resources/past-papers/raw/CP2/CP2 Paper 1/Apr25/CP2_P1_April2025_Examiners' Report.pdf","CP2_P1_April2025_Examiners' Report.pdf","cp2-2025-april-examiner-report-cp2-p1-april2025-examiners-report",".pdf","687809","no","yes","pending","","","",""
"CP2","2025","April","examiner-report","resources/past-papers/raw/CP2/CP2 Paper 2/Apr25/CP2-P2_April2025_Examiners' Report.pdf","CP2-P2_April2025_Examiners' Report.pdf","cp2-2025-april-examiner-report-cp2-p2-april2025-examiners-report",".pdf","726580","no","yes","pending","","","",""
"CP2","2025","April","mark-scheme","resources/past-papers/raw/CP2/CP2 Paper 1/Apr25/CP2_P1_April2025_Model for solution.xlsx","CP2_P1_April2025_Model for solution.xlsx","cp2-2025-april-mark-scheme-cp2-p1-april2025-model-for-solution",".xlsx","112622","yes","no","pending","","","",""
"CP2","2025","April","mark-scheme","resources/past-papers/raw/CP2/CP2 Paper 2/Apr25/CP2-P2_April2025_Model For Solution.xlsx","CP2-P2_April2025_Model For Solution.xlsx","cp2-2025-april-mark-scheme-cp2-p2-april2025-model-for-solution",".xlsx","121747","yes","no","pending","","","",""
"CP2","2025","April","question-paper","resources/past-papers/raw/CP2/CP2 Paper 1/Apr25/CP2_P1_April2025_ Exam Paper.pdf","CP2_P1_April2025_ Exam Paper.pdf","cp2-2025-april-question-paper-cp2-p1-april2025-exam-paper",".pdf","194474","no","no","pending","","","",""
"CP2","2025","April","question-paper","resources/past-papers/raw/CP2/CP2 Paper 1/Apr25/CP2_P1_April2025_Audit trail.docx","CP2_P1_April2025_Audit trail.docx","cp2-2025-april-question-paper-cp2-p1-april2025-audit-trail",".docx","54672","no","no","pending","","","",""
"CP2","2025","April","question-paper","resources/past-papers/raw/CP2/CP2 Paper 2/Apr25/CP2-P2_April2025_Exam Paper.pdf","CP2-P2_April2025_Exam Paper.pdf","cp2-2025-april-question-paper-cp2-p2-april2025-exam-paper",".pdf","281142","no","no","pending","","","",""
"CP2","2025","April","question-paper","resources/past-papers/raw/CP2/CP2 Paper 2/Apr25/CP2-P2_April2025_Summary Document.docx","CP2-P2_April2025_Summary Document.docx","cp2-2025-april-question-paper-cp2-p2-april2025-summary-document",".docx","68731","no","no","pending","","","",""
"CP2","2025","April","supplementary-workbook","resources/past-papers/raw/CP2/CP2 Paper 1/Apr25/CP2_P1_April2025_Data for candidate.xlsx","CP2_P1_April2025_Data for candidate.xlsx","cp2-2025-april-supplementary-workbook-cp2-p1-april2025-data-for-candidate",".xlsx","21271","no","no","pending","","","",""
"CP2","2025","April","supplementary-workbook","resources/past-papers/raw/CP2/CP2 Paper 2/Apr25/CP2-P2_April2025_Model For Candidate.xlsx","CP2-P2_April2025_Model For Candidate.xlsx","cp2-2025-april-supplementary-workbook-cp2-p2-april2025-model-for-candidate",".xlsx","75866","no","no","pending","","","",""
"CP2","2025","September","question-paper","resources/past-papers/raw/CP2/CP2 Paper 1/Sep25/CP21_Sept2025_Exam.pdf","CP21_Sept2025_Exam.pdf","cp2-2025-september-question-paper-cp21-sept2025-exam",".pdf","273695","no","no","pending","","","",""
"CP2","2025","September","question-paper","resources/past-papers/raw/CP2/CP2 Paper 2/Sep25/CP22_Sept2025_Exam.pdf","CP22_Sept2025_Exam.pdf","cp2-2025-september-question-paper-cp22-sept2025-exam",".pdf","251836","no","no","pending","","","",""
"CP2","2025","September","supplementary-workbook","resources/past-papers/raw/CP2/CP2 Paper 1/Sep25/CP2_P1_data for candidate.xlsx","CP2_P1_data for candidate.xlsx","cp2-2025-september-supplementary-workbook-cp2-p1-data-for-candidate",".xlsx","27232","no","no","pending","","","",""
"CP2","2025","September","supplementary-workbook","resources/past-papers/raw/CP2/CP2 Paper 2/Sep25/CP2_P2_Sept2025_Model for Candidate.xlsx","CP2_P2_Sept2025_Model for Candidate.xlsx","cp2-2025-september-supplementary-workbook-cp2-p2-sept2025-model-for-candidate",".xlsx","34034","no","no","pending","","","",""
"CP3","2020","September","examiner-report","resources/past-papers/raw/CP3/Sep20/IandF_CP3_202009_Examiners_Report.pdf","IandF_CP3_202009_Examiners_Report.pdf","cp3-2020-september-examiner-report-iandf-cp3-202009-examiners-report",".pdf","99851","no","yes","pending","","","",""
"CP3","2020","September","question-paper","resources/past-papers/raw/CP3/Sep20/IandF_CP3_202009_ExamPaper.pdf","IandF_CP3_202009_ExamPaper.pdf","cp3-2020-september-question-paper-iandf-cp3-202009-exampaper",".pdf","185801","no","no","pending","","","",""
"CP3","2020","September","question-paper","resources/past-papers/raw/CP3/Sep20/IandF_CP3_202009_ScenarioMaterial.pdf","IandF_CP3_202009_ScenarioMaterial.pdf","cp3-2020-september-question-paper-iandf-cp3-202009-scenariomaterial",".pdf","185227","no","no","pending","","","",""
"CP3","2020","September","supplementary-workbook","resources/past-papers/raw/CP3/Sep20/IandF_CP3_202009_QuestionPaper_BusinessPlan.xlsx","IandF_CP3_202009_QuestionPaper_BusinessPlan.xlsx","cp3-2020-september-supplementary-workbook-iandf-cp3-202009-questionpaper-businessplan",".xlsx","45848","no","no","pending","","","",""
"CP3","2020","September","supplementary-workbook","resources/past-papers/raw/CP3/Sep20/IandF_CP3_202009_ScenarioMaterial_BusinessPlan.xlsx","IandF_CP3_202009_ScenarioMaterial_BusinessPlan.xlsx","cp3-2020-september-supplementary-workbook-iandf-cp3-202009-scenariomaterial-businessplan",".xlsx","27613","no","no","pending","","","",""
"CP3","2021","April","examiner-report","resources/past-papers/raw/CP3/Apr21/IandF_CP3_202104_Examiners_Report_v1.pdf","IandF_CP3_202104_Examiners_Report_v1.pdf","cp3-2021-april-examiner-report-iandf-cp3-202104-examiners-report-v1",".pdf","124292","no","yes","pending","","","",""
"CP3","2021","April","mark-scheme","resources/past-papers/raw/CP3/Apr21/CP3_121_Sample Answer.docx","CP3_121_Sample Answer.docx","cp3-2021-april-mark-scheme-cp3-121-sample-answer",".docx","21858","yes","no","pending","","","",""
"CP3","2021","April","question-paper","resources/past-papers/raw/CP3/Apr21/CP3_121_EXAM.pdf","CP3_121_EXAM.pdf","cp3-2021-april-question-paper-cp3-121-exam",".pdf","194116","no","no","pending","","","",""
"CP3","2021","April","question-paper","resources/past-papers/raw/CP3/Apr21/CP3_121_SM.pdf","CP3_121_SM.pdf","cp3-2021-april-question-paper-cp3-121-sm",".pdf","164997","no","no","pending","","","",""
"CP3","2021","September","examiner-report","resources/past-papers/raw/CP3/Sep21/IandF_CP3_202109_Examiner Report.pdf","IandF_CP3_202109_Examiner Report.pdf","cp3-2021-september-examiner-report-iandf-cp3-202109-examiner-report",".pdf","51230","no","yes","pending","","","",""
"CP3","2021","September","question-paper","resources/past-papers/raw/CP3/Sep21/CP3_221_EXAM_Clean Proof.pdf","CP3_221_EXAM_Clean Proof.pdf","cp3-2021-september-question-paper-cp3-221-exam-clean-proof",".pdf","223653","no","no","pending","","","",""
"CP3","2021","September","question-paper","resources/past-papers/raw/CP3/Sep21/CP3_221_SA.pdf","CP3_221_SA.pdf","cp3-2021-september-question-paper-cp3-221-sa",".pdf","30610","no","no","pending","","","",""
"CP3","2021","September","question-paper","resources/past-papers/raw/CP3/Sep21/CP3_221_SM_Clean Proof.pdf","CP3_221_SM_Clean Proof.pdf","cp3-2021-september-question-paper-cp3-221-sm-clean-proof",".pdf","246596","no","no","pending","","","",""
"CP3","2022","April","examiner-report","resources/past-papers/raw/CP3/Apr22/landF_CP3_202204_Examiner Report.pdf","landF_CP3_202204_Examiner Report.pdf","cp3-2022-april-examiner-report-landf-cp3-202204-examiner-report",".pdf","63888","no","yes","pending","","","",""
"CP3","2022","April","mark-scheme","resources/past-papers/raw/CP3/Apr22/CP3_122_Sample Answer.docx","CP3_122_Sample Answer.docx","cp3-2022-april-mark-scheme-cp3-122-sample-answer",".docx","29371","yes","no","pending","","","",""
"CP3","2022","April","question-paper","resources/past-papers/raw/CP3/Apr22/CP3_April22_EXAM_Clean Proof.pdf","CP3_April22_EXAM_Clean Proof.pdf","cp3-2022-april-question-paper-cp3-april22-exam-clean-proof",".pdf","179764","no","no","pending","","","",""
"CP3","2022","April","question-paper","resources/past-papers/raw/CP3/Apr22/CP3_April22_SM_Clean Proof.pdf","CP3_April22_SM_Clean Proof.pdf","cp3-2022-april-question-paper-cp3-april22-sm-clean-proof",".pdf","244396","no","no","pending","","","",""
"CP3","2022","September","examiner-report","resources/past-papers/raw/CP3/Sep22/IandF_CP3_202209_Examiner Report.pdf","IandF_CP3_202209_Examiner Report.pdf","cp3-2022-september-examiner-report-iandf-cp3-202209-examiner-report",".pdf","146553","no","yes","pending","","","",""
"CP3","2022","September","question-paper","resources/past-papers/raw/CP3/Sep22/CP3_ September22_EXAM.pdf","CP3_ September22_EXAM.pdf","cp3-2022-september-question-paper-cp3-september22-exam",".pdf","157168","no","no","pending","","","",""
"CP3","2022","September","question-paper","resources/past-papers/raw/CP3/Sep22/CP3_ September22_Scenario material.pdf","CP3_ September22_Scenario material.pdf","cp3-2022-september-question-paper-cp3-september22-scenario-material",".pdf","196162","no","no","pending","","","",""
"CP3","2023","April","examiner-report","resources/past-papers/raw/CP3/Apr23/IandF_CP3_202304_Examiner Report.pdf","IandF_CP3_202304_Examiner Report.pdf","cp3-2023-april-examiner-report-iandf-cp3-202304-examiner-report",".pdf","154042","no","yes","pending","","","",""
"CP3","2023","April","question-paper","resources/past-papers/raw/CP3/Apr23/CP3_April23_EXAM_Clean Proof.pdf","CP3_April23_EXAM_Clean Proof.pdf","cp3-2023-april-question-paper-cp3-april23-exam-clean-proof",".pdf","179653","no","no","pending","","","",""
"CP3","2023","April","question-paper","resources/past-papers/raw/CP3/Apr23/CP3_April23_SM_Clean Proof.pdf","CP3_April23_SM_Clean Proof.pdf","cp3-2023-april-question-paper-cp3-april23-sm-clean-proof",".pdf","738518","no","no","pending","","","",""
"CP3","2023","September","examiner-report","resources/past-papers/raw/CP3/Sep23/IandF_CP3_202309_Examiner Report.pdf","IandF_CP3_202309_Examiner Report.pdf","cp3-2023-september-examiner-report-iandf-cp3-202309-examiner-report",".pdf","139126","no","yes","pending","","","",""
"CP3","2023","September","mark-scheme","resources/past-papers/raw/CP3/Sep23/CP3_September23_Sample Answer.pdf","CP3_September23_Sample Answer.pdf","cp3-2023-september-mark-scheme-cp3-september23-sample-answer",".pdf","124272","yes","no","pending","","","",""
"CP3","2023","September","question-paper","resources/past-papers/raw/CP3/Sep23/CP3_September23_EXAM_Clean Proof.pdf","CP3_September23_EXAM_Clean Proof.pdf","cp3-2023-september-question-paper-cp3-september23-exam-clean-proof",".pdf","197753","no","no","pending","","","",""
"CP3","2023","September","question-paper","resources/past-papers/raw/CP3/Sep23/CP3_September23_SM_Clean Proof.pdf","CP3_September23_SM_Clean Proof.pdf","cp3-2023-september-question-paper-cp3-september23-sm-clean-proof",".pdf","196354","no","no","pending","","","",""
"CP3","2024","April","examiner-report","resources/past-papers/raw/CP3/Apr24/CP3_April 2024_Examiner Report.pdf","CP3_April 2024_Examiner Report.pdf","cp3-2024-april-examiner-report-cp3-april-2024-examiner-report",".pdf","293753","no","yes","pending","","","",""
"CP3","2024","April","mark-scheme","resources/past-papers/raw/CP3/Apr24/CP3_April 2024_Sample Answer.docx","CP3_April 2024_Sample Answer.docx","cp3-2024-april-mark-scheme-cp3-april-2024-sample-answer",".docx","38880","yes","no","pending","","","",""
"CP3","2024","April","question-paper","resources/past-papers/raw/CP3/Apr24/CP3_April_2024_Exam_Paper.pdf","CP3_April_2024_Exam_Paper.pdf","cp3-2024-april-question-paper-cp3-april-2024-exam-paper",".pdf","143397","no","no","pending","","","",""
"CP3","2024","April","question-paper","resources/past-papers/raw/CP3/Apr24/CP3_April_2024_Scenario Material.pdf","CP3_April_2024_Scenario Material.pdf","cp3-2024-april-question-paper-cp3-april-2024-scenario-material",".pdf","199358","no","no","pending","","","",""
"CP3","2024","September","examiner-report","resources/past-papers/raw/CP3/Sep24/CP3_September 2024_Examiner Report.pdf","CP3_September 2024_Examiner Report.pdf","cp3-2024-september-examiner-report-cp3-september-2024-examiner-report",".pdf","351780","no","yes","pending","","","",""
"CP3","2024","September","question-paper","resources/past-papers/raw/CP3/Sep24/CP3_September 2024_Exam Paper.pdf","CP3_September 2024_Exam Paper.pdf","cp3-2024-september-question-paper-cp3-september-2024-exam-paper",".pdf","169576","no","no","pending","","","",""
"CP3","2024","September","question-paper","resources/past-papers/raw/CP3/Sep24/CP3_September 2024_Scenario Material.pdf","CP3_September 2024_Scenario Material.pdf","cp3-2024-september-question-paper-cp3-september-2024-scenario-material",".pdf","187725","no","no","pending","","","",""
"CP3","2025","April","examiner-report","resources/past-papers/raw/CP3/Apr25/CP3_April2025_Examiners' Report.pdf","CP3_April2025_Examiners' Report.pdf","cp3-2025-april-examiner-report-cp3-april2025-examiners-report",".pdf","945619","no","yes","pending","","","",""
"CP3","2025","April","mark-scheme","resources/past-papers/raw/CP3/Apr25/CP3_April2025_Sample Answer.docx","CP3_April2025_Sample Answer.docx","cp3-2025-april-mark-scheme-cp3-april2025-sample-answer",".docx","65682","yes","no","pending","","","",""
"CP3","2025","April","question-paper","resources/past-papers/raw/CP3/Apr25/CP3_April2025_Exam Paper.pdf","CP3_April2025_Exam Paper.pdf","cp3-2025-april-question-paper-cp3-april2025-exam-paper",".pdf","183935","no","no","pending","","","",""
"CP3","2025","April","question-paper","resources/past-papers/raw/CP3/Apr25/CP3_April2025_Scenario Material.pdf","CP3_April2025_Scenario Material.pdf","cp3-2025-april-question-paper-cp3-april2025-scenario-material",".pdf","204444","no","no","pending","","","",""
"CP3","2025","April","supplementary-workbook","resources/past-papers/raw/CP3/Apr25/CP3_April 2025 Exam Data.xlsx","CP3_April 2025 Exam Data.xlsx","cp3-2025-april-supplementary-workbook-cp3-april-2025-exam-data",".xlsx","19056","no","no","pending","","","",""
"CP3","2025","September","question-paper","resources/past-papers/raw/CP3/Sep25/CP3_Sept2025_Exam.pdf","CP3_Sept2025_Exam.pdf","cp3-2025-september-question-paper-cp3-sept2025-exam",".pdf","164153","no","no","pending","","","",""
"CP3","2025","September","question-paper","resources/past-papers/raw/CP3/Sep25/CP3_Sept2025_Scenario Material.pdf","CP3_Sept2025_Scenario Material.pdf","cp3-2025-september-question-paper-cp3-sept2025-scenario-material",".pdf","261780","no","no","pending","","","",""
"CP3","2025","September","supplementary-workbook","resources/past-papers/raw/CP3/Sep25/CP3 Sept2025 exam data.xlsx","CP3 Sept2025 exam data.xlsx","cp3-2025-september-supplementary-workbook-cp3-sept2025-exam-data",".xlsx","20794","no","no","pending","","","",""
"CS1","2020","September","examiner-report","resources/past-papers/raw/CS1/CS1A/Sep20/IandF_CS1A_202009_Examiners_Report.pdf","IandF_CS1A_202009_Examiners_Report.pdf","cs1-2020-september-examiner-report-iandf-cs1a-202009-examiners-report",".pdf","131258","no","yes","pending","","","",""
"CS1","2020","September","examiner-report","resources/past-papers/raw/CS1/CS1B/Sep20/IandF_CS1B_202009_Examiners_Report.pdf","IandF_CS1B_202009_Examiners_Report.pdf","cs1-2020-september-examiner-report-iandf-cs1b-202009-examiners-report",".pdf","162112","no","yes","pending","","","",""
"CS1","2020","September","question-paper","resources/past-papers/raw/CS1/CS1A/Sep20/IandF_CS1A_202009_ExamPaper.pdf","IandF_CS1A_202009_ExamPaper.pdf","cs1-2020-september-question-paper-iandf-cs1a-202009-exampaper",".pdf","388928","no","no","pending","","","",""
"CS1","2020","September","question-paper","resources/past-papers/raw/CS1/CS1B/Sep20/IandF_CS1B_202009_ExamPaper.pdf","IandF_CS1B_202009_ExamPaper.pdf","cs1-2020-september-question-paper-iandf-cs1b-202009-exampaper",".pdf","402793","no","no","pending","","","",""
"CS1","2020","September","question-paper","resources/past-papers/raw/CS1/CS1B/Sep20/smoking_data.RData","smoking_data.RData","cs1-2020-september-question-paper-smoking-data",".rdata","377","no","no","pending","","","",""
"CS1","2021","April","examiner-report","resources/past-papers/raw/CS1/CS1A/Apr21/IandF_CS1 Paper A_202104_Examiners_Report.pdf","IandF_CS1 Paper A_202104_Examiners_Report.pdf","cs1-2021-april-examiner-report-iandf-cs1-paper-a-202104-examiners-report",".pdf","186962","no","yes","pending","","","",""
"CS1","2021","April","examiner-report","resources/past-papers/raw/CS1/CS1B/Apr21/IandF_CS1 Paper B_202104_Examiners_Report.pdf","IandF_CS1 Paper B_202104_Examiners_Report.pdf","cs1-2021-april-examiner-report-iandf-cs1-paper-b-202104-examiners-report",".pdf","140632","no","yes","pending","","","",""
"CS1","2021","April","question-paper","resources/past-papers/raw/CS1/CS1B/Apr21/BinaryTrain.RData","BinaryTrain.RData","cs1-2021-april-question-paper-binarytrain",".rdata","136","no","no","pending","","","",""
"CS1","2021","April","question-paper","resources/past-papers/raw/CS1/CS1A/Apr21/CS1A_121_EXAM.pdf","CS1A_121_EXAM.pdf","cs1-2021-april-question-paper-cs1a-121-exam",".pdf","247983","no","no","pending","","","",""
"CS1","2021","April","question-paper","resources/past-papers/raw/CS1/CS1B/Apr21/CS1B Pre-work material instruction April 2021.docx","CS1B Pre-work material instruction April 2021.docx","cs1-2021-april-question-paper-cs1b-pre-work-material-instruction-april-2021",".docx","18165","no","no","pending","","","",""
"CS1","2021","April","question-paper","resources/past-papers/raw/CS1/CS1B/Apr21/CS1B_121_EXAM.pdf","CS1B_121_EXAM.pdf","cs1-2021-april-question-paper-cs1b-121-exam",".pdf","257482","no","no","pending","","","",""
"CS1","2021","April","question-paper","resources/past-papers/raw/CS1/CS1B/Apr21/CS1passenger.RData","CS1passenger.RData","cs1-2021-april-question-paper-cs1passenger",".rdata","427","no","no","pending","","","",""
"CS1","2021","September","examiner-report","resources/past-papers/raw/CS1/CS1A/Sep21/IandF_CS1A_202109_Examiner Report.pdf","IandF_CS1A_202109_Examiner Report.pdf","cs1-2021-september-examiner-report-iandf-cs1a-202109-examiner-report",".pdf","184406","no","yes","pending","","","",""
"CS1","2021","September","examiner-report","resources/past-papers/raw/CS1/CS1B/Sep21/IandF_CS1B_202109_Examiner Report.pdf","IandF_CS1B_202109_Examiner Report.pdf","cs1-2021-september-examiner-report-iandf-cs1b-202109-examiner-report",".pdf","155026","no","yes","pending","","","",""
"CS1","2021","September","question-paper","resources/past-papers/raw/CS1/CS1B/Sep21/Claims_Experience.RData","Claims_Experience.RData","cs1-2021-september-question-paper-claims-experience",".rdata","48209","no","no","pending","","","",""
"CS1","2021","September","question-paper","resources/past-papers/raw/CS1/CS1A/Sep21/CS1A_221_EXAM_Final Clean.pdf","CS1A_221_EXAM_Final Clean.pdf","cs1-2021-september-question-paper-cs1a-221-exam-final-clean",".pdf","271087","no","no","pending","","","",""
"CS1","2021","September","question-paper","resources/past-papers/raw/CS1/CS1B/Sep21/CS1B Pre-work material instruction September 2021.pdf","CS1B Pre-work material instruction September 2021.pdf","cs1-2021-september-question-paper-cs1b-pre-work-material-instruction-september-2021",".pdf","34240","no","no","pending","","","",""
"CS1","2021","September","question-paper","resources/past-papers/raw/CS1/CS1B/Sep21/CS1B_221_EXAM_Final Clean.pdf","CS1B_221_EXAM_Final Clean.pdf","cs1-2021-september-question-paper-cs1b-221-exam-final-clean",".pdf","252080","no","no","pending","","","",""
"CS1","2021","September","question-paper","resources/past-papers/raw/CS1/CS1B/Sep21/onebedflat.RData","onebedflat.RData","cs1-2021-september-question-paper-onebedflat",".rdata","310","no","no","pending","","","",""
"CS1","2022","April","examiner-report","resources/past-papers/raw/CS1/CS1A/Apr22/IandF_CS1_Paper A_202204_Examiner Report.pdf","IandF_CS1_Paper A_202204_Examiner Report.pdf","cs1-2022-april-examiner-report-iandf-cs1-paper-a-202204-examiner-report",".pdf","220287","no","yes","pending","","","",""
"CS1","2022","April","examiner-report","resources/past-papers/raw/CS1/CS1B/Apr22/IandF_CS1_Paper B_202204_Examiner Report.pdf","IandF_CS1_Paper B_202204_Examiner Report.pdf","cs1-2022-april-examiner-report-iandf-cs1-paper-b-202204-examiner-report",".pdf","170363","no","yes","pending","","","",""
"CS1","2022","April","question-paper","resources/past-papers/raw/CS1/CS1B/Apr22/CarInsurance.Rdata","CarInsurance.Rdata","cs1-2022-april-question-paper-carinsurance",".rdata","16674","no","no","pending","","","",""
"CS1","2022","April","question-paper","resources/past-papers/raw/CS1/CS1B/Apr22/claims.RData","claims.RData","cs1-2022-april-question-paper-claims",".rdata","261","no","no","pending","","","",""
"CS1","2022","April","question-paper","resources/past-papers/raw/CS1/CS1A/Apr22/CS1A_April22_EXAM_Clean Proof.pdf","CS1A_April22_EXAM_Clean Proof.pdf","cs1-2022-april-question-paper-cs1a-april22-exam-clean-proof",".pdf","468134","no","no","pending","","","",""
"CS1","2022","April","question-paper","resources/past-papers/raw/CS1/CS1B/Apr22/CS1B_April22_EXAM_Clean Proof.pdf","CS1B_April22_EXAM_Clean Proof.pdf","cs1-2022-april-question-paper-cs1b-april22-exam-clean-proof",".pdf","275796","no","no","pending","","","",""
"CS1","2022","September","examiner-report","resources/past-papers/raw/CS1/CS1A/Sep22/IandF_CS1A_202209_Examiner Report.pdf","IandF_CS1A_202209_Examiner Report.pdf","cs1-2022-september-examiner-report-iandf-cs1a-202209-examiner-report",".pdf","185131","no","yes","pending","","","",""
"CS1","2022","September","examiner-report","resources/past-papers/raw/CS1/CS1B/Sep22/IandF_CS1B_202209_Examiner Report.pdf","IandF_CS1B_202209_Examiner Report.pdf","cs1-2022-september-examiner-report-iandf-cs1b-202209-examiner-report",".pdf","262442","no","yes","pending","","","",""
"CS1","2022","September","question-paper","resources/past-papers/raw/CS1/CS1A/Sep22/CS1A_September22_EXAM.pdf","CS1A_September22_EXAM.pdf","cs1-2022-september-question-paper-cs1a-september22-exam",".pdf","313076","no","no","pending","","","",""
"CS1","2022","September","question-paper","resources/past-papers/raw/CS1/CS1B/Sep22/CS1B Pre-work material instruction September 2022.docx","CS1B Pre-work material instruction September 2022.docx","cs1-2022-september-question-paper-cs1b-pre-work-material-instruction-september-2022",".docx","18491","no","no","pending","","","",""
"CS1","2022","September","question-paper","resources/past-papers/raw/CS1/CS1B/Sep22/CS1B_September22_EXAM.pdf","CS1B_September22_EXAM.pdf","cs1-2022-september-question-paper-cs1b-september22-exam",".pdf","247006","no","no","pending","","","",""
"CS1","2022","September","question-paper","resources/past-papers/raw/CS1/CS1B/Sep22/employee.Rdata","employee.Rdata","cs1-2022-september-question-paper-employee",".rdata","1486","no","no","pending","","","",""
"CS1","2022","September","question-paper","resources/past-papers/raw/CS1/CS1B/Sep22/mile_records.Rdata","mile_records.Rdata","cs1-2022-september-question-paper-mile-records",".rdata","351","no","no","pending","","","",""
"CS1","2023","April","examiner-report","resources/past-papers/raw/CS1/CS1A/Apr23/IandF_CS1A_202304_Examiner Report.pdf","IandF_CS1A_202304_Examiner Report.pdf","cs1-2023-april-examiner-report-iandf-cs1a-202304-examiner-report",".pdf","242363","no","yes","pending","","","",""
"CS1","2023","April","examiner-report","resources/past-papers/raw/CS1/CS1B/Apr23/IandF_CS1B_202304_Examiner Report.pdf","IandF_CS1B_202304_Examiner Report.pdf","cs1-2023-april-examiner-report-iandf-cs1b-202304-examiner-report",".pdf","211409","no","yes","pending","","","",""
"CS1","2023","April","question-paper","resources/past-papers/raw/CS1/CS1A/Apr23/CS1A_April23_EXAM_Clean Proof_v2.pdf","CS1A_April23_EXAM_Clean Proof_v2.pdf","cs1-2023-april-question-paper-cs1a-april23-exam-clean-proof-v2",".pdf","246860","no","no","pending","","","",""
"CS1","2023","April","question-paper","resources/past-papers/raw/CS1/CS1B/Apr23/CS1B Pre-work material instruction April 2023.docx","CS1B Pre-work material instruction April 2023.docx","cs1-2023-april-question-paper-cs1b-pre-work-material-instruction-april-2023",".docx","17873","no","no","pending","","","",""
"CS1","2023","April","question-paper","resources/past-papers/raw/CS1/CS1B/Apr23/CS1B_April23_EXAM_Clean Proof_v2.pdf","CS1B_April23_EXAM_Clean Proof_v2.pdf","cs1-2023-april-question-paper-cs1b-april23-exam-clean-proof-v2",".pdf","222588","no","no","pending","","","",""
"CS1","2023","April","question-paper","resources/past-papers/raw/CS1/CS1B/Apr23/CS1policies.Rdata","CS1policies.Rdata","cs1-2023-april-question-paper-cs1policies",".rdata","4770","no","no","pending","","","",""
"CS1","2023","April","question-paper","resources/past-papers/raw/CS1/CS1B/Apr23/heights.Rdata","heights.Rdata","cs1-2023-april-question-paper-heights",".rdata","339","no","no","pending","","","",""
"CS1","2023","September","examiner-report","resources/past-papers/raw/CS1/CS1A/Sep23/IandF_CS1A_202309_Examiner Report.pdf","IandF_CS1A_202309_Examiner Report.pdf","cs1-2023-september-examiner-report-iandf-cs1a-202309-examiner-report",".pdf","206799","no","yes","pending","","","",""
"CS1","2023","September","examiner-report","resources/past-papers/raw/CS1/CS1B/Sep23/IandF_CS1B_202309_Examiner Report.pdf","IandF_CS1B_202309_Examiner Report.pdf","cs1-2023-september-examiner-report-iandf-cs1b-202309-examiner-report",".pdf","170777","no","yes","pending","","","",""
"CS1","2023","September","question-paper","resources/past-papers/raw/CS1/CS1A/Sep23/CS1A_September 23_EXAM_Clean Proof.pdf","CS1A_September 23_EXAM_Clean Proof.pdf","cs1-2023-september-question-paper-cs1a-september-23-exam-clean-proof",".pdf","443942","no","no","pending","","","",""
"CS1","2023","September","question-paper","resources/past-papers/raw/CS1/CS1B/Sep23/CS1B Pre-work material instruction September 2023.pdf","CS1B Pre-work material instruction September 2023.pdf","cs1-2023-september-question-paper-cs1b-pre-work-material-instruction-september-2023",".pdf","40395","no","no","pending","","","",""
"CS1","2023","September","question-paper","resources/past-papers/raw/CS1/CS1B/Sep23/CS1B_September 23_EXAM_Clean Proof.pdf","CS1B_September 23_EXAM_Clean Proof.pdf","cs1-2023-september-question-paper-cs1b-september-23-exam-clean-proof",".pdf","258026","no","no","pending","","","",""
"CS1","2023","September","question-paper","resources/past-papers/raw/CS1/CS1B/Sep23/medical_data.RData","medical_data.RData","cs1-2023-september-question-paper-medical-data",".rdata","3158","no","no","pending","","","",""
"CS1","2023","September","question-paper","resources/past-papers/raw/CS1/CS1B/Sep23/r-for-cs1b-and-cs2b-for-2023-exams.pdf","r-for-cs1b-and-cs2b-for-2023-exams.pdf","cs1-2023-september-question-paper-r-for-cs1b-and-cs2b-for-2023-exams",".pdf","19084","no","no","pending","","","",""
"CS1","2024","April","examiner-report","resources/past-papers/raw/CS1/CS1A/Apr24/CS1A_April 2024_Examiner Report.pdf","CS1A_April 2024_Examiner Report.pdf","cs1-2024-april-examiner-report-cs1a-april-2024-examiner-report",".pdf","377025","no","yes","pending","","","",""
"CS1","2024","April","examiner-report","resources/past-papers/raw/CS1/CS1B/Apr24/CS1B_April 2024_Examiner Report.pdf","CS1B_April 2024_Examiner Report.pdf","cs1-2024-april-examiner-report-cs1b-april-2024-examiner-report",".pdf","749869","no","yes","pending","","","",""
"CS1","2024","April","question-paper","resources/past-papers/raw/CS1/CS1B/Apr24/AmountYears.RData","AmountYears.RData","cs1-2024-april-question-paper-amountyears",".rdata","235","no","no","pending","","","",""
"CS1","2024","April","question-paper","resources/past-papers/raw/CS1/CS1B/Apr24/ClaimsData.Rdata","ClaimsData.Rdata","cs1-2024-april-question-paper-claimsdata",".rdata","634","no","no","pending","","","",""
"CS1","2024","April","question-paper","resources/past-papers/raw/CS1/CS1A/Apr24/CS1A_April_2024_Exam_Paper.pdf","CS1A_April_2024_Exam_Paper.pdf","cs1-2024-april-question-paper-cs1a-april-2024-exam-paper",".pdf","196678","no","no","pending","","","",""
"CS1","2024","April","question-paper","resources/past-papers/raw/CS1/CS1B/Apr24/CS1B_April_2024_Exam_Paper.pdf","CS1B_April_2024_Exam_Paper.pdf","cs1-2024-april-question-paper-cs1b-april-2024-exam-paper",".pdf","218997","no","no","pending","","","",""
"CS1","2024","April","question-paper","resources/past-papers/raw/CS1/CS1B/Apr24/CS1B_April_2024_Pre-work_material_instruction.docx","CS1B_April_2024_Pre-work_material_instruction.docx","cs1-2024-april-question-paper-cs1b-april-2024-pre-work-material-instruction",".docx","24546","no","no","pending","","","",""
"CS1","2024","April","question-paper","resources/past-papers/raw/CS1/CS1B/Apr24/firms.Rdata","firms.Rdata","cs1-2024-april-question-paper-firms",".rdata","978","no","no","pending","","","",""
"CS1","2024","April","question-paper","resources/past-papers/raw/CS1/CS1B/Apr24/MCTestResults.Rdata","MCTestResults.Rdata","cs1-2024-april-question-paper-mctestresults",".rdata","218","no","no","pending","","","",""
"CS1","2024","April","specimen","resources/past-papers/raw/CS1/CS1B/Apr24/randomSample.Rdata","randomSample.Rdata","cs1-2024-april-specimen-randomsample",".rdata","881","no","no","pending","","","",""
"CS1","2024","September","examiner-report","resources/past-papers/raw/CS1/CS1A/Sep24/CS1A_September 2024_Examiner Report.pdf","CS1A_September 2024_Examiner Report.pdf","cs1-2024-september-examiner-report-cs1a-september-2024-examiner-report",".pdf","452015","no","yes","pending","","","",""
"CS1","2024","September","examiner-report","resources/past-papers/raw/CS1/CS1B/Sep24/CS1B_September 2024_Examiner Report.pdf","CS1B_September 2024_Examiner Report.pdf","cs1-2024-september-examiner-report-cs1b-september-2024-examiner-report",".pdf","539645","no","yes","pending","","","",""
"CS1","2024","September","question-paper","resources/past-papers/raw/CS1/CS1A/Sep24/CS1A _September 2024_Exam Paper.pdf","CS1A _September 2024_Exam Paper.pdf","cs1-2024-september-question-paper-cs1a-september-2024-exam-paper",".pdf","241803","no","no","pending","","","",""
"CS1","2024","September","question-paper","resources/past-papers/raw/CS1/CS1B/Sep24/CS1B _September 2024_Exam Paper.pdf","CS1B _September 2024_Exam Paper.pdf","cs1-2024-september-question-paper-cs1b-september-2024-exam-paper",".pdf","233539","no","no","pending","","","",""
"CS1","2024","September","question-paper","resources/past-papers/raw/CS1/CS1B/Sep24/CS1B_September 2024_Pre-work material instruction September 2024.docx","CS1B_September 2024_Pre-work material instruction September 2024.docx","cs1-2024-september-question-paper-cs1b-september-2024-pre-work-material-instruction-september-2024",".docx","23430","no","no","pending","","","",""
"CS1","2024","September","question-paper","resources/past-papers/raw/CS1/CS1B/Sep24/onlineShop.RData","onlineShop.RData","cs1-2024-september-question-paper-onlineshop",".rdata","741","no","no","pending","","","",""
"CS1","2024","September","question-paper","resources/past-papers/raw/CS1/CS1B/Sep24/sales_data.RData","sales_data.RData","cs1-2024-september-question-paper-sales-data",".rdata","3507","no","no","pending","","","",""
"CS1","2024","September","specimen","resources/past-papers/raw/CS1/CS1B/Sep24/CompanySample.RData","CompanySample.RData","cs1-2024-september-specimen-companysample",".rdata","244","no","no","pending","","","",""
"CS1","2025","April","examiner-report","resources/past-papers/raw/CS1/CS1A/Apr25/CS1A_April2025_Examiners' Report.pdf","CS1A_April2025_Examiners' Report.pdf","cs1-2025-april-examiner-report-cs1a-april2025-examiners-report",".pdf","1020747","no","yes","pending","","","",""
"CS1","2025","April","examiner-report","resources/past-papers/raw/CS1/CS1B/Apr25/CS1B_April2025_Examiners' Report.pdf","CS1B_April2025_Examiners' Report.pdf","cs1-2025-april-examiner-report-cs1b-april2025-examiners-report",".pdf","1150660","no","yes","pending","","","",""
"CS1","2025","April","question-paper","resources/past-papers/raw/CS1/CS1A/Apr25/CS1A_April2025_Exam Paper.pdf","CS1A_April2025_Exam Paper.pdf","cs1-2025-april-question-paper-cs1a-april2025-exam-paper",".pdf","343398","no","no","pending","","","",""
"CS1","2025","April","question-paper","resources/past-papers/raw/CS1/CS1B/Apr25/CS1B HealthCareIndex.Rdata","CS1B HealthCareIndex.Rdata","cs1-2025-april-question-paper-cs1b-healthcareindex",".rdata","4150","no","no","pending","","","",""
"CS1","2025","April","question-paper","resources/past-papers/raw/CS1/CS1B/Apr25/CS1B StoppingDistance.RData","CS1B StoppingDistance.RData","cs1-2025-april-question-paper-cs1b-stoppingdistance",".rdata","2803","no","no","pending","","","",""
"CS1","2025","April","question-paper","resources/past-papers/raw/CS1/CS1B/Apr25/CS1B_April2025_Exam Paper.pdf","CS1B_April2025_Exam Paper.pdf","cs1-2025-april-question-paper-cs1b-april2025-exam-paper",".pdf","301200","no","no","pending","","","",""
"CS1","2025","April","question-paper","resources/past-papers/raw/CS1/CS1B/Apr25/CS1B_houses.RData","CS1B_houses.RData","cs1-2025-april-question-paper-cs1b-houses",".rdata","932","no","no","pending","","","",""
"CS1","2025","September","question-paper","resources/past-papers/raw/CS1/CS1A/Sep25/CS1A_Sept2025_EXAM.pdf","CS1A_Sept2025_EXAM.pdf","cs1-2025-september-question-paper-cs1a-sept2025-exam",".pdf","342665","no","no","pending","","","",""
"CS1","2025","September","question-paper","resources/past-papers/raw/CS1/CS1B/Sep25/CS1B_ClaimNumbers.RData","CS1B_ClaimNumbers.RData","cs1-2025-september-question-paper-cs1b-claimnumbers",".rdata","2801","no","no","pending","","","",""
"CS1","2025","September","question-paper","resources/past-papers/raw/CS1/CS1B/Sep25/CS1B_ClaimsData.RData","CS1B_ClaimsData.RData","cs1-2025-september-question-paper-cs1b-claimsdata",".rdata","2884","no","no","pending","","","",""
"CS1","2025","September","question-paper","resources/past-papers/raw/CS1/CS1B/Sep25/CS1B_Sept2025_Exam.pdf","CS1B_Sept2025_Exam.pdf","cs1-2025-september-question-paper-cs1b-sept2025-exam",".pdf","314447","no","no","pending","","","",""
"CS1","2025","September","question-paper","resources/past-papers/raw/CS1/CS1B/Sep25/CS1B_settlement_times.RData","CS1B_settlement_times.RData","cs1-2025-september-question-paper-cs1b-settlement-times",".rdata","3849","no","no","pending","","","",""
"CS2","2020","September","examiner-report","resources/past-papers/raw/CS2/CS2A/Sep20/IandF_CS2A_202009_Examiners_Report.pdf","IandF_CS2A_202009_Examiners_Report.pdf","cs2-2020-september-examiner-report-iandf-cs2a-202009-examiners-report",".pdf","280539","no","yes","pending","","","",""
"CS2","2020","September","examiner-report","resources/past-papers/raw/CS2/CS2B/Sep20/IandF_CS2B_202009_Examiners_Report.pdf","IandF_CS2B_202009_Examiners_Report.pdf","cs2-2020-september-examiner-report-iandf-cs2b-202009-examiners-report",".pdf","160280","no","yes","pending","","","",""
"CS2","2020","September","question-paper","resources/past-papers/raw/CS2/CS2A/Sep20/IandF_CS2A_202009_ExamPaper.pdf","IandF_CS2A_202009_ExamPaper.pdf","cs2-2020-september-question-paper-iandf-cs2a-202009-exampaper",".pdf","327389","no","no","pending","","","",""
"CS2","2020","September","question-paper","resources/past-papers/raw/CS2/CS2B/Sep20/IandF_CS2B_202009_ExamPaper.pdf","IandF_CS2B_202009_ExamPaper.pdf","cs2-2020-september-question-paper-iandf-cs2b-202009-exampaper",".pdf","295346","no","no","pending","","","",""
"CS2","2021","April","examiner-report","resources/past-papers/raw/CS2/CS2A/Apr21/IandF_CS2_Paper_A_202104_Examiners_Report.pdf","IandF_CS2_Paper_A_202104_Examiners_Report.pdf","cs2-2021-april-examiner-report-iandf-cs2-paper-a-202104-examiners-report",".pdf","124180","no","yes","pending","","","",""
"CS2","2021","April","examiner-report","resources/past-papers/raw/CS2/CS2B/Apr21/IandF_CS2_Paper_B_202104_Examiners_Report.pdf","IandF_CS2_Paper_B_202104_Examiners_Report.pdf","cs2-2021-april-examiner-report-iandf-cs2-paper-b-202104-examiners-report",".pdf","104406","no","yes","pending","","","",""
"CS2","2021","April","question-paper","resources/past-papers/raw/CS2/CS2A/Apr21/CS2A_121_EXAM.pdf","CS2A_121_EXAM.pdf","cs2-2021-april-question-paper-cs2a-121-exam",".pdf","252746","no","no","pending","","","",""
"CS2","2021","April","question-paper","resources/past-papers/raw/CS2/CS2B/Apr21/CS2B - R Script - April 2021 - Qu 1.R","CS2B - R Script - April 2021 - Qu 1.R","cs2-2021-april-question-paper-cs2b-r-script-april-2021-qu-1",".r","827","no","no","pending","","","",""
"CS2","2021","April","question-paper","resources/past-papers/raw/CS2/CS2B/Apr21/CS2B - R Script - April 2021 - Qu 2.R","CS2B - R Script - April 2021 - Qu 2.R","cs2-2021-april-question-paper-cs2b-r-script-april-2021-qu-2",".r","1169","no","no","pending","","","",""
"CS2","2021","April","question-paper","resources/past-papers/raw/CS2/CS2B/Apr21/CS2B - R Script - April 2021 - Qu 3.R","CS2B - R Script - April 2021 - Qu 3.R","cs2-2021-april-question-paper-cs2b-r-script-april-2021-qu-3",".r","1955","no","no","pending","","","",""
"CS2","2021","April","question-paper","resources/past-papers/raw/CS2/CS2B/Apr21/CS2B Pre-work Material Instructions April 2021.docx","CS2B Pre-work Material Instructions April 2021.docx","cs2-2021-april-question-paper-cs2b-pre-work-material-instructions-april-2021",".docx","20362","no","no","pending","","","",""
"CS2","2021","April","question-paper","resources/past-papers/raw/CS2/CS2B/Apr21/CS2B_121_EXAM.pdf","CS2B_121_EXAM.pdf","cs2-2021-april-question-paper-cs2b-121-exam",".pdf","224775","no","no","pending","","","",""
"CS2","2021","April","question-paper","resources/past-papers/raw/CS2/CS2B/Apr21/CS2B_Apr_21_Qu_3_Data.csv","CS2B_Apr_21_Qu_3_Data.csv","cs2-2021-april-question-paper-cs2b-apr-21-qu-3-data",".csv","66936","no","no","pending","","","",""
"CS2","2021","September","examiner-report","resources/past-papers/raw/CS2/CS2A/Sep21/IandF_CS2A_202109_Examiner Report.pdf","IandF_CS2A_202109_Examiner Report.pdf","cs2-2021-september-examiner-report-iandf-cs2a-202109-examiner-report",".pdf","123481","no","yes","pending","","","",""
"CS2","2021","September","examiner-report","resources/past-papers/raw/CS2/CS2B/Sep21/IandF_CS2B_202109_Examiner Report.pdf","IandF_CS2B_202109_Examiner Report.pdf","cs2-2021-september-examiner-report-iandf-cs2b-202109-examiner-report",".pdf","108667","no","yes","pending","","","",""
"CS2","2021","September","question-paper","resources/past-papers/raw/CS2/CS2A/Sep21/CS2A_221_EXAM_Clean Proof.pdf","CS2A_221_EXAM_Clean Proof.pdf","cs2-2021-september-question-paper-cs2a-221-exam-clean-proof",".pdf","264607","no","no","pending","","","",""
"CS2","2021","September","question-paper","resources/past-papers/raw/CS2/CS2B/Sep21/CS2B Pre-work Material Instructions September 2021.pdf","CS2B Pre-work Material Instructions September 2021.pdf","cs2-2021-september-question-paper-cs2b-pre-work-material-instructions-september-2021",".pdf","18464","no","no","pending","","","",""
"CS2","2021","September","question-paper","resources/past-papers/raw/CS2/CS2B/Sep21/CS2B_221_EXAM_Clean Proof.pdf","CS2B_221_EXAM_Clean Proof.pdf","cs2-2021-september-question-paper-cs2b-221-exam-clean-proof",".pdf","319290","no","no","pending","","","",""
"CS2","2021","September","question-paper","resources/past-papers/raw/CS2/CS2B/Sep21/CS2B_Sept_21_Qu_1_Data.csv","CS2B_Sept_21_Qu_1_Data.csv","cs2-2021-september-question-paper-cs2b-sept-21-qu-1-data",".csv","1125","no","no","pending","","","",""
"CS2","2021","September","question-paper","resources/past-papers/raw/CS2/CS2B/Sep21/CS2B_Sept_21_Qu_3_Data.csv","CS2B_Sept_21_Qu_3_Data.csv","cs2-2021-september-question-paper-cs2b-sept-21-qu-3-data",".csv","1801","no","no","pending","","","",""
"CS2","2022","April","examiner-report","resources/past-papers/raw/CS2/CS2A/Apr22/IandF_CS2_Paper A_202204_Examiner Report.pdf","IandF_CS2_Paper A_202204_Examiner Report.pdf","cs2-2022-april-examiner-report-iandf-cs2-paper-a-202204-examiner-report",".pdf","314621","no","yes","pending","","","",""
"CS2","2022","April","examiner-report","resources/past-papers/raw/CS2/CS2B/Apr22/IandF_CS2_Paper B_202204_Examiner Report.pdf","IandF_CS2_Paper B_202204_Examiner Report.pdf","cs2-2022-april-examiner-report-iandf-cs2-paper-b-202204-examiner-report",".pdf","120076","no","yes","pending","","","",""
"CS2","2022","April","question-paper","resources/past-papers/raw/CS2/CS2A/Apr22/CS2A_April22_EXAM_Clean Proof.pdf","CS2A_April22_EXAM_Clean Proof.pdf","cs2-2022-april-question-paper-cs2a-april22-exam-clean-proof",".pdf","256321","no","no","pending","","","",""
"CS2","2022","April","question-paper","resources/past-papers/raw/CS2/CS2B/Apr22/CS2B_A22_Qu_3_Data.csv","CS2B_A22_Qu_3_Data.csv","cs2-2022-april-question-paper-cs2b-a22-qu-3-data",".csv","2374","no","no","pending","","","",""
"CS2","2022","April","question-paper","resources/past-papers/raw/CS2/CS2B/Apr22/CS2B_April22_EXAM_Clean Proof.pdf","CS2B_April22_EXAM_Clean Proof.pdf","cs2-2022-april-question-paper-cs2b-april22-exam-clean-proof",".pdf","236502","no","no","pending","","","",""
"CS2","2022","September","examiner-report","resources/past-papers/raw/CS2/CS2A/Sep22/IandF_CS2A_202209_Examiner Report.pdf","IandF_CS2A_202209_Examiner Report.pdf","cs2-2022-september-examiner-report-iandf-cs2a-202209-examiner-report",".pdf","212323","no","yes","pending","","","",""
"CS2","2022","September","examiner-report","resources/past-papers/raw/CS2/CS2B/Sep22/IandF_CS2B_202209_Examiner Report.pdf","IandF_CS2B_202209_Examiner Report.pdf","cs2-2022-september-examiner-report-iandf-cs2b-202209-examiner-report",".pdf","276170","no","yes","pending","","","",""
"CS2","2022","September","question-paper","resources/past-papers/raw/CS2/CS2A/Sep22/CS2A_September22_EXAM.pdf","CS2A_September22_EXAM.pdf","cs2-2022-september-question-paper-cs2a-september22-exam",".pdf","278039","no","no","pending","","","",""
"CS2","2022","September","question-paper","resources/past-papers/raw/CS2/CS2B/Sep22/CS2B_S22_Qu_2_Data.csv","CS2B_S22_Qu_2_Data.csv","cs2-2022-september-question-paper-cs2b-s22-qu-2-data",".csv","39725","no","no","pending","","","",""
"CS2","2022","September","question-paper","resources/past-papers/raw/CS2/CS2B/Sep22/CS2B_S22_Qu_3_Data.csv","CS2B_S22_Qu_3_Data.csv","cs2-2022-september-question-paper-cs2b-s22-qu-3-data",".csv","642","no","no","pending","","","",""
"CS2","2022","September","question-paper","resources/past-papers/raw/CS2/CS2B/Sep22/CS2B_September22_EXAM.pdf","CS2B_September22_EXAM.pdf","cs2-2022-september-question-paper-cs2b-september22-exam",".pdf","301969","no","no","pending","","","",""
"CS2","2023","April","examiner-report","resources/past-papers/raw/CS2/CS2A/Apr23/IandF_CS2A_202304_Examiner Report.pdf","IandF_CS2A_202304_Examiner Report.pdf","cs2-2023-april-examiner-report-iandf-cs2a-202304-examiner-report",".pdf","162461","no","yes","pending","","","",""
"CS2","2023","April","examiner-report","resources/past-papers/raw/CS2/CS2B/Apr23/IandF_CS2B_202304_Examiner Report.pdf","IandF_CS2B_202304_Examiner Report.pdf","cs2-2023-april-examiner-report-iandf-cs2b-202304-examiner-report",".pdf","119588","no","yes","pending","","","",""
"CS2","2023","April","question-paper","resources/past-papers/raw/CS2/CS2A/Apr23/CS2A_April23_EXAM_Clean Proof.pdf","CS2A_April23_EXAM_Clean Proof.pdf","cs2-2023-april-question-paper-cs2a-april23-exam-clean-proof",".pdf","279010","no","no","pending","","","",""
"CS2","2023","April","question-paper","resources/past-papers/raw/CS2/CS2B/Apr23/CS2B Pre-work material instruction April 2023.docx","CS2B Pre-work material instruction April 2023.docx","cs2-2023-april-question-paper-cs2b-pre-work-material-instruction-april-2023",".docx","12043","no","no","pending","","","",""
"CS2","2023","April","question-paper","resources/past-papers/raw/CS2/CS2B/Apr23/CS2B_A23_Qu_2_Data.csv","CS2B_A23_Qu_2_Data.csv","cs2-2023-april-question-paper-cs2b-a23-qu-2-data",".csv","121","no","no","pending","","","",""
"CS2","2023","April","question-paper","resources/past-papers/raw/CS2/CS2B/Apr23/CS2B_April23_EXAM_Clean Proof_v2.pdf","CS2B_April23_EXAM_Clean Proof_v2.pdf","cs2-2023-april-question-paper-cs2b-april23-exam-clean-proof-v2",".pdf","236939","no","no","pending","","","",""
"CS2","2023","September","examiner-report","resources/past-papers/raw/CS2/CS2A/Sep23/IandF_CS2A_202309_Examiner Report.pdf","IandF_CS2A_202309_Examiner Report.pdf","cs2-2023-september-examiner-report-iandf-cs2a-202309-examiner-report",".pdf","237632","no","yes","pending","","","",""
"CS2","2023","September","examiner-report","resources/past-papers/raw/CS2/CS2B/Sep23/IandF_CS2B_202309_Examiner Report.pdf","IandF_CS2B_202309_Examiner Report.pdf","cs2-2023-september-examiner-report-iandf-cs2b-202309-examiner-report",".pdf","220354","no","yes","pending","","","",""
"CS2","2023","September","question-paper","resources/past-papers/raw/CS2/CS2B/Sep23/CS2 Pre-work material instruction September 2023 .pdf","CS2 Pre-work material instruction September 2023 .pdf","cs2-2023-september-question-paper-cs2-pre-work-material-instruction-september-2023",".pdf","45251","no","no","pending","","","",""
"CS2","2023","September","question-paper","resources/past-papers/raw/CS2/CS2A/Sep23/CS2A_Sept23_EXAM_Clean Proof (1).pdf","CS2A_Sept23_EXAM_Clean Proof (1).pdf","cs2-2023-september-question-paper-cs2a-sept23-exam-clean-proof-1",".pdf","242054","no","no","pending","","","",""
"CS2","2023","September","question-paper","resources/past-papers/raw/CS2/CS2B/Sep23/CS2B_S23_Q1_Deaths.csv","CS2B_S23_Q1_Deaths.csv","cs2-2023-september-question-paper-cs2b-s23-q1-deaths",".csv","23137","no","no","pending","","","",""
"CS2","2023","September","question-paper","resources/past-papers/raw/CS2/CS2B/Sep23/CS2B_S23_Q1_Exposures.csv","CS2B_S23_Q1_Exposures.csv","cs2-2023-september-question-paper-cs2b-s23-q1-exposures",".csv","32585","no","no","pending","","","",""
"CS2","2023","September","question-paper","resources/past-papers/raw/CS2/CS2B/Sep23/CS2B_S23_Q2_Data.csv","CS2B_S23_Q2_Data.csv","cs2-2023-september-question-paper-cs2b-s23-q2-data",".csv","29803","no","no","pending","","","",""
"CS2","2023","September","question-paper","resources/past-papers/raw/CS2/CS2B/Sep23/CS2B_S23_Q3_Pensioners.csv","CS2B_S23_Q3_Pensioners.csv","cs2-2023-september-question-paper-cs2b-s23-q3-pensioners",".csv","441","no","no","pending","","","",""
"CS2","2023","September","question-paper","resources/past-papers/raw/CS2/CS2B/Sep23/CS2B_Sept23_EXAM_Clean Proof (1).pdf","CS2B_Sept23_EXAM_Clean Proof (1).pdf","cs2-2023-september-question-paper-cs2b-sept23-exam-clean-proof-1",".pdf","213547","no","no","pending","","","",""
"CS2","2024","April","examiner-report","resources/past-papers/raw/CS2/CS2A/Apr24/CS2A_April 2024_Examiner Report.pdf","CS2A_April 2024_Examiner Report.pdf","cs2-2024-april-examiner-report-cs2a-april-2024-examiner-report",".pdf","404128","no","yes","pending","","","",""
"CS2","2024","April","examiner-report","resources/past-papers/raw/CS2/CS2B/Apr24/CS2B_April 2024_Examiner Report.pdf","CS2B_April 2024_Examiner Report.pdf","cs2-2024-april-examiner-report-cs2b-april-2024-examiner-report",".pdf","379755","no","yes","pending","","","",""
"CS2","2024","April","question-paper","resources/past-papers/raw/CS2/CS2B/Apr24/CS2_April_2024_Pre-work_material_instruction.docx","CS2_April_2024_Pre-work_material_instruction.docx","cs2-2024-april-question-paper-cs2-april-2024-pre-work-material-instruction",".docx","25758","no","no","pending","","","",""
"CS2","2024","April","question-paper","resources/past-papers/raw/CS2/CS2A/Apr24/CS2A_April_2024_Exam_Paper.pdf","CS2A_April_2024_Exam_Paper.pdf","cs2-2024-april-question-paper-cs2a-april-2024-exam-paper",".pdf","229996","no","no","pending","","","",""
"CS2","2024","April","question-paper","resources/past-papers/raw/CS2/CS2B/Apr24/CS2B_A24_Q2.csv","CS2B_A24_Q2.csv","cs2-2024-april-question-paper-cs2b-a24-q2",".csv","4775","no","no","pending","","","",""
"CS2","2024","April","question-paper","resources/past-papers/raw/CS2/CS2B/Apr24/CS2B_A24_Q3.csv","CS2B_A24_Q3.csv","cs2-2024-april-question-paper-cs2b-a24-q3",".csv","926","no","no","pending","","","",""
"CS2","2024","April","question-paper","resources/past-papers/raw/CS2/CS2B/Apr24/CS2B_April_2024_Exam_Paper.pdf","CS2B_April_2024_Exam_Paper.pdf","cs2-2024-april-question-paper-cs2b-april-2024-exam-paper",".pdf","254941","no","no","pending","","","",""
"CS2","2024","September","examiner-report","resources/past-papers/raw/CS2/CS2A/Sep24/CS2A_September 2024_Examiner Report.pdf","CS2A_September 2024_Examiner Report.pdf","cs2-2024-september-examiner-report-cs2a-september-2024-examiner-report",".pdf","448525","no","yes","pending","","","",""
"CS2","2024","September","examiner-report","resources/past-papers/raw/CS2/CS2B/Sep24/CS2B_September 2024_Examiner Report.pdf","CS2B_September 2024_Examiner Report.pdf","cs2-2024-september-examiner-report-cs2b-september-2024-examiner-report",".pdf","594979","no","yes","pending","","","",""
"CS2","2024","September","formula-sheet","resources/past-papers/raw/CS2/CS2B/Sep24/S24_Q2_Table1.csv","S24_Q2_Table1.csv","cs2-2024-september-formula-sheet-s24-q2-table1",".csv","301","no","no","pending","","","",""
"CS2","2024","September","formula-sheet","resources/past-papers/raw/CS2/CS2B/Sep24/S24_Q2_Table2.csv","S24_Q2_Table2.csv","cs2-2024-september-formula-sheet-s24-q2-table2",".csv","301","no","no","pending","","","",""
"CS2","2024","September","question-paper","resources/past-papers/raw/CS2/CS2A/Sep24/CS2A_September 2024_Exam Paper.pdf","CS2A_September 2024_Exam Paper.pdf","cs2-2024-september-question-paper-cs2a-september-2024-exam-paper",".pdf","620739","no","no","pending","","","",""
"CS2","2024","September","question-paper","resources/past-papers/raw/CS2/CS2B/Sep24/CS2B_September 2024_Exam Paper.pdf","CS2B_September 2024_Exam Paper.pdf","cs2-2024-september-question-paper-cs2b-september-2024-exam-paper",".pdf","227960","no","no","pending","","","",""
"CS2","2024","September","question-paper","resources/past-papers/raw/CS2/CS2B/Sep24/CS2B_September 2024_Pre-work material instruction.docx","CS2B_September 2024_Pre-work material instruction.docx","cs2-2024-september-question-paper-cs2b-september-2024-pre-work-material-instruction",".docx","25359","no","no","pending","","","",""
"CS2","2024","September","question-paper","resources/past-papers/raw/CS2/CS2B/Sep24/S24_Q1_sales_data.csv","S24_Q1_sales_data.csv","cs2-2024-september-question-paper-s24-q1-sales-data",".csv","3400","no","no","pending","","","",""
"CS2","2024","September","question-paper","resources/past-papers/raw/CS2/CS2B/Sep24/S24_Q2_MortData1.csv","S24_Q2_MortData1.csv","cs2-2024-september-question-paper-s24-q2-mortdata1",".csv","6195489","no","no","pending","","","",""
"CS2","2024","September","question-paper","resources/past-papers/raw/CS2/CS2B/Sep24/S24_Q3_Data.csv","S24_Q3_Data.csv","cs2-2024-september-question-paper-s24-q3-data",".csv","1550","no","no","pending","","","",""
"CS2","2025","April","examiner-report","resources/past-papers/raw/CS2/CS2A/Apr25/CS2A_April2025_Examiners' Report.pdf","CS2A_April2025_Examiners' Report.pdf","cs2-2025-april-examiner-report-cs2a-april2025-examiners-report",".pdf","1102528","no","yes","pending","","","",""
"CS2","2025","April","examiner-report","resources/past-papers/raw/CS2/CS2B/Apr25/CS2B_April2025_Examiners' Report.pdf","CS2B_April2025_Examiners' Report.pdf","cs2-2025-april-examiner-report-cs2b-april2025-examiners-report",".pdf","1070582","no","yes","pending","","","",""
"CS2","2025","April","question-paper","resources/past-papers/raw/CS2/CS2A/Apr25/CS2A_April2025_Exam Paper.pdf","CS2A_April2025_Exam Paper.pdf","cs2-2025-april-question-paper-cs2a-april2025-exam-paper",".pdf","409675","no","no","pending","","","",""
"CS2","2025","April","question-paper","resources/past-papers/raw/CS2/CS2B/Apr25/CS2B_April2025_Exam Paper.pdf","CS2B_April2025_Exam Paper.pdf","cs2-2025-april-question-paper-cs2b-april2025-exam-paper",".pdf","242868","no","no","pending","","","",""
"CS2","2025","April","question-paper","resources/past-papers/raw/CS2/CS2B/Apr25/CS2B_Q1_data.csv","CS2B_Q1_data.csv","cs2-2025-april-question-paper-cs2b-q1-data",".csv","8594","no","no","pending","","","",""
"CS2","2025","April","question-paper","resources/past-papers/raw/CS2/CS2B/Apr25/CS2B_Q2_river_data.csv","CS2B_Q2_river_data.csv","cs2-2025-april-question-paper-cs2b-q2-river-data",".csv","4830","no","no","pending","","","",""
"CS2","2025","April","question-paper","resources/past-papers/raw/CS2/CS2B/Apr25/CS2B_Q3_loans.csv","CS2B_Q3_loans.csv","cs2-2025-april-question-paper-cs2b-q3-loans",".csv","313","no","no","pending","","","",""
"CS2","2025","September","question-paper","resources/past-papers/raw/CS2/CS2A/Sep25/CS2A_Sept2025_EXAM.pdf","CS2A_Sept2025_EXAM.pdf","cs2-2025-september-question-paper-cs2a-sept2025-exam",".pdf","329884","no","no","pending","","","",""
"CS2","2025","September","question-paper","resources/past-papers/raw/CS2/CS2B/Sep25/CS2B_Q2_Data.csv","CS2B_Q2_Data.csv","cs2-2025-september-question-paper-cs2b-q2-data",".csv","29150","no","no","pending","","","",""
"CS2","2025","September","question-paper","resources/past-papers/raw/CS2/CS2B/Sep25/CS2B_Q3_sales.csv","CS2B_Q3_sales.csv","cs2-2025-september-question-paper-cs2b-q3-sales",".csv","2166","no","no","pending","","","",""
"CS2","2025","September","question-paper","resources/past-papers/raw/CS2/CS2B/Sep25/CS2B_Sept2025_EXAM.pdf","CS2B_Sept2025_EXAM.pdf","cs2-2025-september-question-paper-cs2b-sept2025-exam",".pdf","303336","no","no","pending","","","",""
"SA1","2020","September","examiner-report","resources/past-papers/raw/SA1/Sep20/IandF_SA1_202009_Examiners_Report.pdf","IandF_SA1_202009_Examiners_Report.pdf","sa1-2020-september-examiner-report-iandf-sa1-202009-examiners-report",".pdf","149423","no","yes","pending","","","",""
"SA1","2020","September","question-paper","resources/past-papers/raw/SA1/Sep20/IandF_SA1_202009_ExamPaper.pdf","IandF_SA1_202009_ExamPaper.pdf","sa1-2020-september-question-paper-iandf-sa1-202009-exampaper",".pdf","216069","no","no","pending","","","",""
"SA1","2021","April","examiner-report","resources/past-papers/raw/SA1/Apr21/IandF_SA1_202104_Examiners_Report.pdf","IandF_SA1_202104_Examiners_Report.pdf","sa1-2021-april-examiner-report-iandf-sa1-202104-examiners-report",".pdf","137996","no","yes","pending","","","",""
"SA1","2021","April","question-paper","resources/past-papers/raw/SA1/Apr21/SA1_121_EXAM.pdf","SA1_121_EXAM.pdf","sa1-2021-april-question-paper-sa1-121-exam",".pdf","156888","no","no","pending","","","",""
"SA1","2021","September","examiner-report","resources/past-papers/raw/SA1/Sep21/IandF_SA1_202109_Examiner Report.pdf","IandF_SA1_202109_Examiner Report.pdf","sa1-2021-september-examiner-report-iandf-sa1-202109-examiner-report",".pdf","172953","no","yes","pending","","","",""
"SA1","2021","September","question-paper","resources/past-papers/raw/SA1/Sep21/SA1_221_EXAM_Final Clean.pdf","SA1_221_EXAM_Final Clean.pdf","sa1-2021-september-question-paper-sa1-221-exam-final-clean",".pdf","202014","no","no","pending","","","",""
"SA1","2022","April","examiner-report","resources/past-papers/raw/SA1/Apr22/IandF_SA1_202204_Examiner Report.pdf","IandF_SA1_202204_Examiner Report.pdf","sa1-2022-april-examiner-report-iandf-sa1-202204-examiner-report",".pdf","134347","no","yes","pending","","","",""
"SA1","2022","April","question-paper","resources/past-papers/raw/SA1/Apr22/SA1_April22_EXAM_Clean Proof.pdf","SA1_April22_EXAM_Clean Proof.pdf","sa1-2022-april-question-paper-sa1-april22-exam-clean-proof",".pdf","190434","no","no","pending","","","",""
"SA1","2022","September","examiner-report","resources/past-papers/raw/SA1/Sep22/IandF_SA1_202209_Examiner Report.pdf","IandF_SA1_202209_Examiner Report.pdf","sa1-2022-september-examiner-report-iandf-sa1-202209-examiner-report",".pdf","357096","no","yes","pending","","","",""
"SA1","2022","September","question-paper","resources/past-papers/raw/SA1/Sep22/SA1_September22_EXAM.pdf","SA1_September22_EXAM.pdf","sa1-2022-september-question-paper-sa1-september22-exam",".pdf","179469","no","no","pending","","","",""
"SA1","2023","April","examiner-report","resources/past-papers/raw/SA1/Apr23/IandF_SA1_202304_Examiner Report.pdf","IandF_SA1_202304_Examiner Report.pdf","sa1-2023-april-examiner-report-iandf-sa1-202304-examiner-report",".pdf","161832","no","yes","pending","","","",""
"SA1","2023","April","question-paper","resources/past-papers/raw/SA1/Apr23/SA1_April23_EXAM_Clean Proof_v2.pdf","SA1_April23_EXAM_Clean Proof_v2.pdf","sa1-2023-april-question-paper-sa1-april23-exam-clean-proof-v2",".pdf","179383","no","no","pending","","","",""
"SA1","2023","September","examiner-report","resources/past-papers/raw/SA1/Sep23/IandF_SA1_202309_Examiner Report.pdf","IandF_SA1_202309_Examiner Report.pdf","sa1-2023-september-examiner-report-iandf-sa1-202309-examiner-report",".pdf","156618","no","yes","pending","","","",""
"SA1","2023","September","question-paper","resources/past-papers/raw/SA1/Sep23/SA1_September23_Exam_Clean Proof.pdf","SA1_September23_Exam_Clean Proof.pdf","sa1-2023-september-question-paper-sa1-september23-exam-clean-proof",".pdf","193028","no","no","pending","","","",""
"SA1","2024","April","examiner-report","resources/past-papers/raw/SA1/Apr24/SA1_April 2024_Examiner Report.pdf","SA1_April 2024_Examiner Report.pdf","sa1-2024-april-examiner-report-sa1-april-2024-examiner-report",".pdf","423163","no","yes","pending","","","",""
"SA1","2024","April","question-paper","resources/past-papers/raw/SA1/Apr24/SA1_April_2024_Exam_Paper.pdf","SA1_April_2024_Exam_Paper.pdf","sa1-2024-april-question-paper-sa1-april-2024-exam-paper",".pdf","148774","no","no","pending","","","",""
"SA1","2024","September","examiner-report","resources/past-papers/raw/SA1/Sep24/SA1_September 2024_Examiner Report.pdf","SA1_September 2024_Examiner Report.pdf","sa1-2024-september-examiner-report-sa1-september-2024-examiner-report",".pdf","407817","no","yes","pending","","","",""
"SA1","2024","September","question-paper","resources/past-papers/raw/SA1/Sep24/SA1_September 2024_Exam Paper.pdf","SA1_September 2024_Exam Paper.pdf","sa1-2024-september-question-paper-sa1-september-2024-exam-paper",".pdf","124757","no","no","pending","","","",""
"SA1","2025","April","examiner-report","resources/past-papers/raw/SA1/Apr25/SA1_April2025_Examiners' Report.pdf","SA1_April2025_Examiners' Report.pdf","sa1-2025-april-examiner-report-sa1-april2025-examiners-report",".pdf","784133","no","yes","pending","","","",""
"SA1","2025","April","question-paper","resources/past-papers/raw/SA1/Apr25/SA1_April2025_Exam Paper.pdf","SA1_April2025_Exam Paper.pdf","sa1-2025-april-question-paper-sa1-april2025-exam-paper",".pdf","358715","no","no","pending","","","",""
"SA1","2025","September","question-paper","resources/past-papers/raw/SA1/Sep25/SA1_Sept2025_Exam.pdf","SA1_Sept2025_Exam.pdf","sa1-2025-september-question-paper-sa1-sept2025-exam",".pdf","153514","no","no","pending","","","",""
"SA2","2020","September","examiner-report","resources/past-papers/raw/SA2/Sep20/IandF_SA2_202009_Examiners_Report.pdf","IandF_SA2_202009_Examiners_Report.pdf","sa2-2020-september-examiner-report-iandf-sa2-202009-examiners-report",".pdf","112091","no","yes","pending","","","",""
"SA2","2020","September","question-paper","resources/past-papers/raw/SA2/Sep20/IandF_SA2_202009_ExamPaper.pdf","IandF_SA2_202009_ExamPaper.pdf","sa2-2020-september-question-paper-iandf-sa2-202009-exampaper",".pdf","150050","no","no","pending","","","",""
"SA2","2021","April","examiner-report","resources/past-papers/raw/SA2/Apr21/IandF_SA2_202104_Examiners_Report.pdf","IandF_SA2_202104_Examiners_Report.pdf","sa2-2021-april-examiner-report-iandf-sa2-202104-examiners-report",".pdf","81689","no","yes","pending","","","",""
"SA2","2021","April","question-paper","resources/past-papers/raw/SA2/Apr21/SA2_121_EXAM.pdf","SA2_121_EXAM.pdf","sa2-2021-april-question-paper-sa2-121-exam",".pdf","227643","no","no","pending","","","",""
"SA2","2021","September","examiner-report","resources/past-papers/raw/SA2/Sep21/IandF_SA2_202109_Examiner Report.pdf","IandF_SA2_202109_Examiner Report.pdf","sa2-2021-september-examiner-report-iandf-sa2-202109-examiner-report",".pdf","99686","no","yes","pending","","","",""
"SA2","2021","September","question-paper","resources/past-papers/raw/SA2/Sep21/SA2_221_EXAM_Clean Proof.pdf","SA2_221_EXAM_Clean Proof.pdf","sa2-2021-september-question-paper-sa2-221-exam-clean-proof",".pdf","203813","no","no","pending","","","",""
"SA2","2022","April","examiner-report","resources/past-papers/raw/SA2/Apr22/IandF_SA2__202204_Examiner Report.pdf","IandF_SA2__202204_Examiner Report.pdf","sa2-2022-april-examiner-report-iandf-sa2-202204-examiner-report",".pdf","84535","no","yes","pending","","","",""
"SA2","2022","April","question-paper","resources/past-papers/raw/SA2/Apr22/SA2_April22_EXAM_Clean Proof.pdf","SA2_April22_EXAM_Clean Proof.pdf","sa2-2022-april-question-paper-sa2-april22-exam-clean-proof",".pdf","152529","no","no","pending","","","",""
"SA2","2022","September","examiner-report","resources/past-papers/raw/SA2/Sep22/IandF_SA2_202209_Examiner Report.pdf","IandF_SA2_202209_Examiner Report.pdf","sa2-2022-september-examiner-report-iandf-sa2-202209-examiner-report",".pdf","146795","no","yes","pending","","","",""
"SA2","2022","September","question-paper","resources/past-papers/raw/SA2/Sep22/SA2_September22_EXAM.pdf","SA2_September22_EXAM.pdf","sa2-2022-september-question-paper-sa2-september22-exam",".pdf","180768","no","no","pending","","","",""
"SA2","2023","April","examiner-report","resources/past-papers/raw/SA2/Apr23/IandF_SA2_202304_Examiner Report.pdf","IandF_SA2_202304_Examiner Report.pdf","sa2-2023-april-examiner-report-iandf-sa2-202304-examiner-report",".pdf","153164","no","yes","pending","","","",""
"SA2","2023","April","question-paper","resources/past-papers/raw/SA2/Apr23/SA2_April23_EXAM_Clean Proof.pdf","SA2_April23_EXAM_Clean Proof.pdf","sa2-2023-april-question-paper-sa2-april23-exam-clean-proof",".pdf","132450","no","no","pending","","","",""
"SA2","2023","September","examiner-report","resources/past-papers/raw/SA2/Sep23/IandF_SA2_202309_Examiner Report.pdf","IandF_SA2_202309_Examiner Report.pdf","sa2-2023-september-examiner-report-iandf-sa2-202309-examiner-report",".pdf","125324","no","yes","pending","","","",""
"SA2","2023","September","question-paper","resources/past-papers/raw/SA2/Sep23/SA2_September23_EXAM_Clean Proof.pdf","SA2_September23_EXAM_Clean Proof.pdf","sa2-2023-september-question-paper-sa2-september23-exam-clean-proof",".pdf","223128","no","no","pending","","","",""
"SA2","2024","April","examiner-report","resources/past-papers/raw/SA2/Apr24/SA2_April 2024_Examiner report.pdf","SA2_April 2024_Examiner report.pdf","sa2-2024-april-examiner-report-sa2-april-2024-examiner-report",".pdf","420526","no","yes","pending","","","",""
"SA2","2024","April","question-paper","resources/past-papers/raw/SA2/Apr24/SA2_April_2024_Exam_Paper.pdf","SA2_April_2024_Exam_Paper.pdf","sa2-2024-april-question-paper-sa2-april-2024-exam-paper",".pdf","145535","no","no","pending","","","",""
"SA2","2024","September","examiner-report","resources/past-papers/raw/SA2/Sep24/SA2_September 2024_Examiner Report.pdf","SA2_September 2024_Examiner Report.pdf","sa2-2024-september-examiner-report-sa2-september-2024-examiner-report",".pdf","400569","no","yes","pending","","","",""
"SA2","2024","September","question-paper","resources/past-papers/raw/SA2/Sep24/SA2_September 2024_Exam Paper.pdf","SA2_September 2024_Exam Paper.pdf","sa2-2024-september-question-paper-sa2-september-2024-exam-paper",".pdf","142451","no","no","pending","","","",""
"SA2","2025","April","examiner-report","resources/past-papers/raw/SA2/Apr25/SA2_April2025_Examiners' Report.pdf","SA2_April2025_Examiners' Report.pdf","sa2-2025-april-examiner-report-sa2-april2025-examiners-report",".pdf","850305","no","yes","pending","","","",""
"SA2","2025","April","question-paper","resources/past-papers/raw/SA2/Apr25/SA2_April2025_Exam Paper.pdf","SA2_April2025_Exam Paper.pdf","sa2-2025-april-question-paper-sa2-april2025-exam-paper",".pdf","164046","no","no","pending","","","",""
"SA2","2025","September","question-paper","resources/past-papers/raw/SA2/Sep25/SA2_Sept2025_Exam.pdf","SA2_Sept2025_Exam.pdf","sa2-2025-september-question-paper-sa2-sept2025-exam",".pdf","183275","no","no","pending","","","",""
"SA3","2020","September","examiner-report","resources/past-papers/raw/SA3/Sep20/IandF_SA3_202009_Examiners_Report.pdf","IandF_SA3_202009_Examiners_Report.pdf","sa3-2020-september-examiner-report-iandf-sa3-202009-examiners-report",".pdf","104961","no","yes","pending","","","",""
"SA3","2020","September","question-paper","resources/past-papers/raw/SA3/Sep20/IandF_SA3_202009_ExamPaper.pdf","IandF_SA3_202009_ExamPaper.pdf","sa3-2020-september-question-paper-iandf-sa3-202009-exampaper",".pdf","259845","no","no","pending","","","",""
"SA3","2021","April","examiner-report","resources/past-papers/raw/SA3/Apr21/IandF_SA3_202104_Examiners_Report.pdf","IandF_SA3_202104_Examiners_Report.pdf","sa3-2021-april-examiner-report-iandf-sa3-202104-examiners-report",".pdf","106471","no","yes","pending","","","",""
"SA3","2021","April","question-paper","resources/past-papers/raw/SA3/Apr21/SA3_121_EXAM.pdf","SA3_121_EXAM.pdf","sa3-2021-april-question-paper-sa3-121-exam",".pdf","116159","no","no","pending","","","",""
"SA3","2021","September","examiner-report","resources/past-papers/raw/SA3/Sep21/IandF_SA3_202109_Examiner Report.pdf","IandF_SA3_202109_Examiner Report.pdf","sa3-2021-september-examiner-report-iandf-sa3-202109-examiner-report",".pdf","74258","no","yes","pending","","","",""
"SA3","2021","September","question-paper","resources/past-papers/raw/SA3/Sep21/SA3_221_EXAM_Clean Proof.pdf","SA3_221_EXAM_Clean Proof.pdf","sa3-2021-september-question-paper-sa3-221-exam-clean-proof",".pdf","203380","no","no","pending","","","",""
"SA3","2022","April","examiner-report","resources/past-papers/raw/SA3/Apr22/landF_SA3_202204_Examiner Report.pdf","landF_SA3_202204_Examiner Report.pdf","sa3-2022-april-examiner-report-landf-sa3-202204-examiner-report",".pdf","97863","no","yes","pending","","","",""
"SA3","2022","April","question-paper","resources/past-papers/raw/SA3/Apr22/SA3_April22_EXAM_Clean Proof.pdf","SA3_April22_EXAM_Clean Proof.pdf","sa3-2022-april-question-paper-sa3-april22-exam-clean-proof",".pdf","189694","no","no","pending","","","",""
"SA3","2022","September","examiner-report","resources/past-papers/raw/SA3/Sep22/IandF_SA3_202209_Examiner Report.pdf","IandF_SA3_202209_Examiner Report.pdf","sa3-2022-september-examiner-report-iandf-sa3-202209-examiner-report",".pdf","143022","no","yes","pending","","","",""
"SA3","2022","September","question-paper","resources/past-papers/raw/SA3/Sep22/SA3_September22_EXAM.pdf","SA3_September22_EXAM.pdf","sa3-2022-september-question-paper-sa3-september22-exam",".pdf","166393","no","no","pending","","","",""
"SA3","2023","April","examiner-report","resources/past-papers/raw/SA3/Apr23/IandF_SA3_202304_Examiner Report.pdf","IandF_SA3_202304_Examiner Report.pdf","sa3-2023-april-examiner-report-iandf-sa3-202304-examiner-report",".pdf","117429","no","yes","pending","","","",""
"SA3","2023","April","question-paper","resources/past-papers/raw/SA3/Apr23/SA3_April23_EXAM_Clean Proof.pdf","SA3_April23_EXAM_Clean Proof.pdf","sa3-2023-april-question-paper-sa3-april23-exam-clean-proof",".pdf","830780","no","no","pending","","","",""
"SA3","2023","September","examiner-report","resources/past-papers/raw/SA3/Sep23/IandF_SA3_202309_Examiner Report.pdf","IandF_SA3_202309_Examiner Report.pdf","sa3-2023-september-examiner-report-iandf-sa3-202309-examiner-report",".pdf","169912","no","yes","pending","","","",""
"SA3","2023","September","question-paper","resources/past-papers/raw/SA3/Sep23/SA3_September23_EXAM_Clean Proof.pdf","SA3_September23_EXAM_Clean Proof.pdf","sa3-2023-september-question-paper-sa3-september23-exam-clean-proof",".pdf","222111","no","no","pending","","","",""
"SA3","2024","April","examiner-report","resources/past-papers/raw/SA3/Apr24/SA3_April 2024_Examiner Report.pdf","SA3_April 2024_Examiner Report.pdf","sa3-2024-april-examiner-report-sa3-april-2024-examiner-report",".pdf","385092","no","yes","pending","","","",""
"SA3","2024","April","question-paper","resources/past-papers/raw/SA3/Apr24/SA3_April_2024_Exam_Paper.pdf","SA3_April_2024_Exam_Paper.pdf","sa3-2024-april-question-paper-sa3-april-2024-exam-paper",".pdf","143980","no","no","pending","","","",""
"SA3","2024","September","examiner-report","resources/past-papers/raw/SA3/Sep24/SA3_September 2024_Examiner Report.pdf","SA3_September 2024_Examiner Report.pdf","sa3-2024-september-examiner-report-sa3-september-2024-examiner-report",".pdf","389349","no","yes","pending","","","",""
"SA3","2024","September","question-paper","resources/past-papers/raw/SA3/Sep24/SA3_September 2024_Exam Paper.pdf","SA3_September 2024_Exam Paper.pdf","sa3-2024-september-question-paper-sa3-september-2024-exam-paper",".pdf","138196","no","no","pending","","","",""
"SA3","2025","April","examiner-report","resources/past-papers/raw/SA3/Apr25/SA3_April2025_Examiners' Report.pdf","SA3_April2025_Examiners' Report.pdf","sa3-2025-april-examiner-report-sa3-april2025-examiners-report",".pdf","648748","no","yes","pending","","","",""
"SA3","2025","April","question-paper","resources/past-papers/raw/SA3/Apr25/SA3_April2025_Exam Paper.pdf","SA3_April2025_Exam Paper.pdf","sa3-2025-april-question-paper-sa3-april2025-exam-paper",".pdf","164092","no","no","pending","","","",""
"SA3","2025","September","question-paper","resources/past-papers/raw/SA3/Sep25/SA3_Sept2025_Exam.pdf","SA3_Sept2025_Exam.pdf","sa3-2025-september-question-paper-sa3-sept2025-exam",".pdf","432717","no","no","pending","","","",""
"SA4","2020","September","examiner-report","resources/past-papers/raw/SA4/Sep20/IandF_SA4_202009_Examiners_Report.pdf","IandF_SA4_202009_Examiners_Report.pdf","sa4-2020-september-examiner-report-iandf-sa4-202009-examiners-report",".pdf","122489","no","yes","pending","","","",""
"SA4","2020","September","question-paper","resources/past-papers/raw/SA4/Sep20/IandF_SA4_202009_ExamPaper.pdf","IandF_SA4_202009_ExamPaper.pdf","sa4-2020-september-question-paper-iandf-sa4-202009-exampaper",".pdf","211842","no","no","pending","","","",""
"SA4","2021","April","examiner-report","resources/past-papers/raw/SA4/Apr21/IandF_SA4_202104_Examiners_Report.pdf","IandF_SA4_202104_Examiners_Report.pdf","sa4-2021-april-examiner-report-iandf-sa4-202104-examiners-report",".pdf","121974","no","yes","pending","","","",""
"SA4","2021","April","question-paper","resources/past-papers/raw/SA4/Apr21/SA4_121_EXAM_Clean Proof.pdf","SA4_121_EXAM_Clean Proof.pdf","sa4-2021-april-question-paper-sa4-121-exam-clean-proof",".pdf","178851","no","no","pending","","","",""
"SA4","2021","September","examiner-report","resources/past-papers/raw/SA4/Sep21/IandF_SA4_202109_Examiner Report.pdf","IandF_SA4_202109_Examiner Report.pdf","sa4-2021-september-examiner-report-iandf-sa4-202109-examiner-report",".pdf","89422","no","yes","pending","","","",""
"SA4","2021","September","question-paper","resources/past-papers/raw/SA4/Sep21/SA4_221_EXAM_Final Clean.pdf","SA4_221_EXAM_Final Clean.pdf","sa4-2021-september-question-paper-sa4-221-exam-final-clean",".pdf","286311","no","no","pending","","","",""
"SA4","2022","April","examiner-report","resources/past-papers/raw/SA4/Apr22/IandF_SA4_202204_ Examiner Report.pdf","IandF_SA4_202204_ Examiner Report.pdf","sa4-2022-april-examiner-report-iandf-sa4-202204-examiner-report",".pdf","94951","no","yes","pending","","","",""
"SA4","2022","April","question-paper","resources/past-papers/raw/SA4/Apr22/SA4_April22_EXAM_Clean Proof.pdf","SA4_April22_EXAM_Clean Proof.pdf","sa4-2022-april-question-paper-sa4-april22-exam-clean-proof",".pdf","176858","no","no","pending","","","",""
"SA4","2022","September","examiner-report","resources/past-papers/raw/SA4/Sep22/IandF_SA4_202209_Examiner Report.pdf","IandF_SA4_202209_Examiner Report.pdf","sa4-2022-september-examiner-report-iandf-sa4-202209-examiner-report",".pdf","135706","no","yes","pending","","","",""
"SA4","2022","September","question-paper","resources/past-papers/raw/SA4/Sep22/SA4_September22_EXAM.pdf","SA4_September22_EXAM.pdf","sa4-2022-september-question-paper-sa4-september22-exam",".pdf","164763","no","no","pending","","","",""
"SA4","2023","April","examiner-report","resources/past-papers/raw/SA4/Apr23/IandF_SA4_202304_Examiner Report.pdf","IandF_SA4_202304_Examiner Report.pdf","sa4-2023-april-examiner-report-iandf-sa4-202304-examiner-report",".pdf","137486","no","yes","pending","","","",""
"SA4","2023","April","question-paper","resources/past-papers/raw/SA4/Apr23/SA4_April23_EXAM_Clean Proof.pdf","SA4_April23_EXAM_Clean Proof.pdf","sa4-2023-april-question-paper-sa4-april23-exam-clean-proof",".pdf","160655","no","no","pending","","","",""
"SA4","2023","September","examiner-report","resources/past-papers/raw/SA4/Sep23/IandF_SA4_202309_ Examiner Report.pdf","IandF_SA4_202309_ Examiner Report.pdf","sa4-2023-september-examiner-report-iandf-sa4-202309-examiner-report",".pdf","159559","no","yes","pending","","","",""
"SA4","2023","September","question-paper","resources/past-papers/raw/SA4/Sep23/SA4_September23_EXAM_Clean Proof.pdf","SA4_September23_EXAM_Clean Proof.pdf","sa4-2023-september-question-paper-sa4-september23-exam-clean-proof",".pdf","203044","no","no","pending","","","",""
"SA4","2024","April","examiner-report","resources/past-papers/raw/SA4/Apr24/SA4_April 2024_Examiner Report.pdf","SA4_April 2024_Examiner Report.pdf","sa4-2024-april-examiner-report-sa4-april-2024-examiner-report",".pdf","356274","no","yes","pending","","","",""
"SA4","2024","April","question-paper","resources/past-papers/raw/SA4/Apr24/SA4_April_2024_Exam_Paper.pdf","SA4_April_2024_Exam_Paper.pdf","sa4-2024-april-question-paper-sa4-april-2024-exam-paper",".pdf","176689","no","no","pending","","","",""
"SA4","2024","September","examiner-report","resources/past-papers/raw/SA4/Sep24/SA4_September 2024_Examiner Report.pdf","SA4_September 2024_Examiner Report.pdf","sa4-2024-september-examiner-report-sa4-september-2024-examiner-report",".pdf","392276","no","yes","pending","","","",""
"SA4","2024","September","question-paper","resources/past-papers/raw/SA4/Sep24/SA4_September 2024_Exam Paper.pdf","SA4_September 2024_Exam Paper.pdf","sa4-2024-september-question-paper-sa4-september-2024-exam-paper",".pdf","146702","no","no","pending","","","",""
"SA4","2025","April","examiner-report","resources/past-papers/raw/SA4/Apr25/SA4_April 2025_Examiners' Report.pdf","SA4_April 2025_Examiners' Report.pdf","sa4-2025-april-examiner-report-sa4-april-2025-examiners-report",".pdf","671368","no","yes","pending","","","",""
"SA4","2025","April","question-paper","resources/past-papers/raw/SA4/Apr25/SA4_April 2025_Exam Paper.pdf","SA4_April 2025_Exam Paper.pdf","sa4-2025-april-question-paper-sa4-april-2025-exam-paper",".pdf","184215","no","no","pending","","","",""
"SA4","2025","September","question-paper","resources/past-papers/raw/SA4/Sep25/SA4_Sept2025_Exam.pdf","SA4_Sept2025_Exam.pdf","sa4-2025-september-question-paper-sa4-sept2025-exam",".pdf","168968","no","no","pending","","","",""
"SA7","2020","September","examiner-report","resources/past-papers/raw/SA7/Sep20/IandF_SA7_202009_Examiners_Report.pdf","IandF_SA7_202009_Examiners_Report.pdf","sa7-2020-september-examiner-report-iandf-sa7-202009-examiners-report",".pdf","82454","no","yes","pending","","","",""
"SA7","2020","September","question-paper","resources/past-papers/raw/SA7/Sep20/IandF_SA7_202009_ExamPaper.pdf","IandF_SA7_202009_ExamPaper.pdf","sa7-2020-september-question-paper-iandf-sa7-202009-exampaper",".pdf","358488","no","no","pending","","","",""
"SA7","2021","April","examiner-report","resources/past-papers/raw/SA7/Apr21/IandF_SA7_202104_Examiners_Report.pdf","IandF_SA7_202104_Examiners_Report.pdf","sa7-2021-april-examiner-report-iandf-sa7-202104-examiners-report",".pdf","60939","no","yes","pending","","","",""
"SA7","2021","April","question-paper","resources/past-papers/raw/SA7/Apr21/SA7_121_EXAM.pdf","SA7_121_EXAM.pdf","sa7-2021-april-question-paper-sa7-121-exam",".pdf","185086","no","no","pending","","","",""
"SA7","2021","September","examiner-report","resources/past-papers/raw/SA7/Sep21/IandF_SA7_202109_Examiner Report.pdf","IandF_SA7_202109_Examiner Report.pdf","sa7-2021-september-examiner-report-iandf-sa7-202109-examiner-report",".pdf","60648","no","yes","pending","","","",""
"SA7","2021","September","question-paper","resources/past-papers/raw/SA7/Sep21/SA7_221_EXAM_Final Clean.pdf","SA7_221_EXAM_Final Clean.pdf","sa7-2021-september-question-paper-sa7-221-exam-final-clean",".pdf","282647","no","no","pending","","","",""
"SA7","2022","April","examiner-report","resources/past-papers/raw/SA7/Apr22/landF_SA7_202204_Examiner Report.pdf","landF_SA7_202204_Examiner Report.pdf","sa7-2022-april-examiner-report-landf-sa7-202204-examiner-report",".pdf","97173","no","yes","pending","","","",""
"SA7","2022","April","question-paper","resources/past-papers/raw/SA7/Apr22/SA7_April22_EXAM_Clean Proof.pdf","SA7_April22_EXAM_Clean Proof.pdf","sa7-2022-april-question-paper-sa7-april22-exam-clean-proof",".pdf","166407","no","no","pending","","","",""
"SA7","2022","September","examiner-report","resources/past-papers/raw/SA7/Sep22/IandF_SA7_202209_Examiner Report.pdf","IandF_SA7_202209_Examiner Report.pdf","sa7-2022-september-examiner-report-iandf-sa7-202209-examiner-report",".pdf","100540","no","yes","pending","","","",""
"SA7","2022","September","question-paper","resources/past-papers/raw/SA7/Sep22/SA7_September22_EXAM.pdf","SA7_September22_EXAM.pdf","sa7-2022-september-question-paper-sa7-september22-exam",".pdf","292138","no","no","pending","","","",""
"SA7","2022","September","supplementary-workbook","resources/past-papers/raw/SA7/Sep22/SA7 2022 Paper 1 Q1.xlsx","SA7 2022 Paper 1 Q1.xlsx","sa7-2022-september-supplementary-workbook-sa7-2022-paper-1-q1",".xlsx","52330","no","no","pending","","","",""
"SA7","2022","September","supplementary-workbook","resources/past-papers/raw/SA7/Sep22/SA7 2022 Paper 1 Q2.xlsx","SA7 2022 Paper 1 Q2.xlsx","sa7-2022-september-supplementary-workbook-sa7-2022-paper-1-q2",".xlsx","13526","no","no","pending","","","",""
"SA7","2023","April","examiner-report","resources/past-papers/raw/SA7/Apr23/IandF_SA7_202304_Examiner Report.pdf","IandF_SA7_202304_Examiner Report.pdf","sa7-2023-april-examiner-report-iandf-sa7-202304-examiner-report",".pdf","102356","no","yes","pending","","","",""
"SA7","2023","April","question-paper","resources/past-papers/raw/SA7/Apr23/SA7_April23_EXAM_Clean Proof.pdf","SA7_April23_EXAM_Clean Proof.pdf","sa7-2023-april-question-paper-sa7-april23-exam-clean-proof",".pdf","907570","no","no","pending","","","",""
"SA7","2023","September","examiner-report","resources/past-papers/raw/SA7/Sep23/IandF_SA7_202309_Examiner Report.pdf","IandF_SA7_202309_Examiner Report.pdf","sa7-2023-september-examiner-report-iandf-sa7-202309-examiner-report",".pdf","149372","no","yes","pending","","","",""
"SA7","2023","September","question-paper","resources/past-papers/raw/SA7/Sep23/SA7_September23_EXAM_Clean Proof.pdf","SA7_September23_EXAM_Clean Proof.pdf","sa7-2023-september-question-paper-sa7-september23-exam-clean-proof",".pdf","194451","no","no","pending","","","",""
"SA7","2024","April","examiner-report","resources/past-papers/raw/SA7/Apr24/SA7_April 2024_Examiner Report.pdf","SA7_April 2024_Examiner Report.pdf","sa7-2024-april-examiner-report-sa7-april-2024-examiner-report",".pdf","298350","no","yes","pending","","","",""
"SA7","2024","April","question-paper","resources/past-papers/raw/SA7/Apr24/SA7_April_2024_Exam_Paper.pdf","SA7_April_2024_Exam_Paper.pdf","sa7-2024-april-question-paper-sa7-april-2024-exam-paper",".pdf","170013","no","no","pending","","","",""
"SA7","2024","September","examiner-report","resources/past-papers/raw/SA7/Sep24/SA7_September 2024_Examiner Report.pdf","SA7_September 2024_Examiner Report.pdf","sa7-2024-september-examiner-report-sa7-september-2024-examiner-report",".pdf","313528","no","yes","pending","","","",""
"SA7","2024","September","question-paper","resources/past-papers/raw/SA7/Sep24/SA7_September 2024_Exam Paper.pdf","SA7_September 2024_Exam Paper.pdf","sa7-2024-september-question-paper-sa7-september-2024-exam-paper",".pdf","147425","no","no","pending","","","",""
"SA7","2025","April","examiner-report","resources/past-papers/raw/SA7/Apr25/SA7_April2025_Examiners' Report.pdf","SA7_April2025_Examiners' Report.pdf","sa7-2025-april-examiner-report-sa7-april2025-examiners-report",".pdf","659771","no","yes","pending","","","",""
"SA7","2025","April","question-paper","resources/past-papers/raw/SA7/Apr25/SA7_April2025_Exam Paper.pdf","SA7_April2025_Exam Paper.pdf","sa7-2025-april-question-paper-sa7-april2025-exam-paper",".pdf","199267","no","no","pending","","","",""
"SA7","2025","September","question-paper","resources/past-papers/raw/SA7/Sep25/SA7_Sept2025_Exam.pdf","SA7_Sept2025_Exam.pdf","sa7-2025-september-question-paper-sa7-sept2025-exam",".pdf","175581","no","no","pending","","","",""
"SP1","2020","September","examiner-report","resources/past-papers/raw/SP1/Sep20/IandF_SP1_202009_Examiners_Report.pdf","IandF_SP1_202009_Examiners_Report.pdf","sp1-2020-september-examiner-report-iandf-sp1-202009-examiners-report",".pdf","121934","no","yes","pending","","","",""
"SP1","2020","September","question-paper","resources/past-papers/raw/SP1/Sep20/IandF_SP1_202009_ExamPaper.pdf","IandF_SP1_202009_ExamPaper.pdf","sp1-2020-september-question-paper-iandf-sp1-202009-exampaper",".pdf","202449","no","no","pending","","","",""
"SP1","2021","April","examiner-report","resources/past-papers/raw/SP1/Apr21/IandF_SP1_202104_Examiners_Report.pdf","IandF_SP1_202104_Examiners_Report.pdf","sp1-2021-april-examiner-report-iandf-sp1-202104-examiners-report",".pdf","158421","no","yes","pending","","","",""
"SP1","2021","April","question-paper","resources/past-papers/raw/SP1/Apr21/SP1_121_EXAM.pdf","SP1_121_EXAM.pdf","sp1-2021-april-question-paper-sp1-121-exam",".pdf","167083","no","no","pending","","","",""
"SP1","2021","September","examiner-report","resources/past-papers/raw/SP1/Sep21/IandF_SP1_202109_ Examiner Report.pdf","IandF_SP1_202109_ Examiner Report.pdf","sp1-2021-september-examiner-report-iandf-sp1-202109-examiner-report",".pdf","203359","no","yes","pending","","","",""
"SP1","2021","September","question-paper","resources/past-papers/raw/SP1/Sep21/SP1_221_EXAM_Final Clean.pdf","SP1_221_EXAM_Final Clean.pdf","sp1-2021-september-question-paper-sp1-221-exam-final-clean",".pdf","228210","no","no","pending","","","",""
"SP1","2022","April","examiner-report","resources/past-papers/raw/SP1/Apr22/IandF_SP1_202204_ Examiner Report.pdf","IandF_SP1_202204_ Examiner Report.pdf","sp1-2022-april-examiner-report-iandf-sp1-202204-examiner-report",".pdf","128199","no","yes","pending","","","",""
"SP1","2022","April","question-paper","resources/past-papers/raw/SP1/Apr22/SP1_April22_EXAM_Clean Proof.pdf","SP1_April22_EXAM_Clean Proof.pdf","sp1-2022-april-question-paper-sp1-april22-exam-clean-proof",".pdf","210152","no","no","pending","","","",""
"SP1","2022","September","examiner-report","resources/past-papers/raw/SP1/Sep22/IandF_SP1_202209_Examiner Report.pdf","IandF_SP1_202209_Examiner Report.pdf","sp1-2022-september-examiner-report-iandf-sp1-202209-examiner-report",".pdf","201670","no","yes","pending","","","",""
"SP1","2022","September","question-paper","resources/past-papers/raw/SP1/Sep22/SP1_September22_EXAM.pdf","SP1_September22_EXAM.pdf","sp1-2022-september-question-paper-sp1-september22-exam",".pdf","161759","no","no","pending","","","",""
"SP1","2023","April","examiner-report","resources/past-papers/raw/SP1/Apr23/IandF_SP1_202304_Examiner report.pdf","IandF_SP1_202304_Examiner report.pdf","sp1-2023-april-examiner-report-iandf-sp1-202304-examiner-report",".pdf","216880","no","yes","pending","","","",""
"SP1","2023","April","question-paper","resources/past-papers/raw/SP1/Apr23/SP1_April23_EXAM_Clean Proof.pdf","SP1_April23_EXAM_Clean Proof.pdf","sp1-2023-april-question-paper-sp1-april23-exam-clean-proof",".pdf","204940","no","no","pending","","","",""
"SP1","2023","September","examiner-report","resources/past-papers/raw/SP1/Sep23/IandF_SP1_202309_Examiner Report.pdf","IandF_SP1_202309_Examiner Report.pdf","sp1-2023-september-examiner-report-iandf-sp1-202309-examiner-report",".pdf","234186","no","yes","pending","","","",""
"SP1","2023","September","question-paper","resources/past-papers/raw/SP1/Sep23/SP1_September23_EXAM_Clean Proof (1).pdf","SP1_September23_EXAM_Clean Proof (1).pdf","sp1-2023-september-question-paper-sp1-september23-exam-clean-proof-1",".pdf","220974","no","no","pending","","","",""
"SP1","2024","April","examiner-report","resources/past-papers/raw/SP1/Apr24/SP1_April 2024_Examiner Report.pdf","SP1_April 2024_Examiner Report.pdf","sp1-2024-april-examiner-report-sp1-april-2024-examiner-report",".pdf","486053","no","yes","pending","","","",""
"SP1","2024","April","question-paper","resources/past-papers/raw/SP1/Apr24/SP1_April_2024_Exam_Paper.pdf","SP1_April_2024_Exam_Paper.pdf","sp1-2024-april-question-paper-sp1-april-2024-exam-paper",".pdf","154002","no","no","pending","","","",""
"SP1","2024","September","examiner-report","resources/past-papers/raw/SP1/Sep24/SP1_September 2024_Examiner Report.pdf","SP1_September 2024_Examiner Report.pdf","sp1-2024-september-examiner-report-sp1-september-2024-examiner-report",".pdf","540546","no","yes","pending","","","",""
"SP1","2024","September","question-paper","resources/past-papers/raw/SP1/Sep24/SP1_September 2024_Exam Paper.pdf","SP1_September 2024_Exam Paper.pdf","sp1-2024-september-question-paper-sp1-september-2024-exam-paper",".pdf","159394","no","no","pending","","","",""
"SP1","2025","April","examiner-report","resources/past-papers/raw/SP1/Apr25/SP1_April2025_Examiners' Report.pdf","SP1_April2025_Examiners' Report.pdf","sp1-2025-april-examiner-report-sp1-april2025-examiners-report",".pdf","917296","no","yes","pending","","","",""
"SP1","2025","April","question-paper","resources/past-papers/raw/SP1/Apr25/SP1_April2025_Exam Paper.pdf","SP1_April2025_Exam Paper.pdf","sp1-2025-april-question-paper-sp1-april2025-exam-paper",".pdf","159812","no","no","pending","","","",""
"SP1","2025","September","question-paper","resources/past-papers/raw/SP1/Sep25/SP1_Sept2025_Exam.pdf","SP1_Sept2025_Exam.pdf","sp1-2025-september-question-paper-sp1-sept2025-exam",".pdf","186558","no","no","pending","","","",""
"SP2","2020","September","examiner-report","resources/past-papers/raw/SP2/Sep20/IandF_SP2_202009_Examiners_Report.pdf","IandF_SP2_202009_Examiners_Report.pdf","sp2-2020-september-examiner-report-iandf-sp2-202009-examiners-report",".pdf","124497","no","yes","pending","","","",""
"SP2","2020","September","question-paper","resources/past-papers/raw/SP2/Sep20/IandF_SP2_202009_ExamPaper.pdf","IandF_SP2_202009_ExamPaper.pdf","sp2-2020-september-question-paper-iandf-sp2-202009-exampaper",".pdf","273676","no","no","pending","","","",""
"SP2","2021","April","examiner-report","resources/past-papers/raw/SP2/Apr21/IandF_SP2_202104_Examiners_Report.pdf","IandF_SP2_202104_Examiners_Report.pdf","sp2-2021-april-examiner-report-iandf-sp2-202104-examiners-report",".pdf","112781","no","yes","pending","","","",""
"SP2","2021","April","question-paper","resources/past-papers/raw/SP2/Apr21/SP2_121_EXAM.pdf","SP2_121_EXAM.pdf","sp2-2021-april-question-paper-sp2-121-exam",".pdf","222653","no","no","pending","","","",""
"SP2","2021","September","examiner-report","resources/past-papers/raw/SP2/Sep21/IandF_SP2_202109_ Examiner Report.pdf","IandF_SP2_202109_ Examiner Report.pdf","sp2-2021-september-examiner-report-iandf-sp2-202109-examiner-report",".pdf","126000","no","yes","pending","","","",""
"SP2","2021","September","question-paper","resources/past-papers/raw/SP2/Sep21/SP2_221_EXAM_Clean Proof.pdf","SP2_221_EXAM_Clean Proof.pdf","sp2-2021-september-question-paper-sp2-221-exam-clean-proof",".pdf","223651","no","no","pending","","","",""
"SP2","2022","April","examiner-report","resources/past-papers/raw/SP2/Apr22/IandF_SP2_202204_ Examiner Report.pdf","IandF_SP2_202204_ Examiner Report.pdf","sp2-2022-april-examiner-report-iandf-sp2-202204-examiner-report",".pdf","68114","no","yes","pending","","","",""
"SP2","2022","April","question-paper","resources/past-papers/raw/SP2/Apr22/SP2_April22_EXAM_Clean Proof.pdf","SP2_April22_EXAM_Clean Proof.pdf","sp2-2022-april-question-paper-sp2-april22-exam-clean-proof",".pdf","197290","no","no","pending","","","",""
"SP2","2022","September","examiner-report","resources/past-papers/raw/SP2/Sep22/IandF_SP2_202209_Examiner Report.pdf","IandF_SP2_202209_Examiner Report.pdf","sp2-2022-september-examiner-report-iandf-sp2-202209-examiner-report",".pdf","124232","no","yes","pending","","","",""
"SP2","2022","September","question-paper","resources/past-papers/raw/SP2/Sep22/SP2_September22_EXAM.pdf","SP2_September22_EXAM.pdf","sp2-2022-september-question-paper-sp2-september22-exam",".pdf","243684","no","no","pending","","","",""
"SP2","2023","April","examiner-report","resources/past-papers/raw/SP2/Apr23/IandF_SP2_202304_Examiner report.pdf","IandF_SP2_202304_Examiner report.pdf","sp2-2023-april-examiner-report-iandf-sp2-202304-examiner-report",".pdf","155079","no","yes","pending","","","",""
"SP2","2023","April","question-paper","resources/past-papers/raw/SP2/Apr23/SP2_April23_EXAM_Clean Proof.pdf","SP2_April23_EXAM_Clean Proof.pdf","sp2-2023-april-question-paper-sp2-april23-exam-clean-proof",".pdf","778651","no","no","pending","","","",""
"SP2","2023","September","examiner-report","resources/past-papers/raw/SP2/Sep23/IandF_SP2_202309_Examiner Report.pdf","IandF_SP2_202309_Examiner Report.pdf","sp2-2023-september-examiner-report-iandf-sp2-202309-examiner-report",".pdf","152856","no","yes","pending","","","",""
"SP2","2023","September","question-paper","resources/past-papers/raw/SP2/Sep23/SP2_September23_EXAM_Clean Proof.pdf","SP2_September23_EXAM_Clean Proof.pdf","sp2-2023-september-question-paper-sp2-september23-exam-clean-proof",".pdf","222689","no","no","pending","","","",""
"SP2","2024","April","examiner-report","resources/past-papers/raw/SP2/Apr24/SP2_April 2024_Examiner Report.pdf","SP2_April 2024_Examiner Report.pdf","sp2-2024-april-examiner-report-sp2-april-2024-examiner-report",".pdf","428992","no","yes","pending","","","",""
"SP2","2024","April","question-paper","resources/past-papers/raw/SP2/Apr24/SP2_April_2024_Exam_Paper.pdf","SP2_April_2024_Exam_Paper.pdf","sp2-2024-april-question-paper-sp2-april-2024-exam-paper",".pdf","173652","no","no","pending","","","",""
"SP2","2024","September","examiner-report","resources/past-papers/raw/SP2/Sep24/SP2_September 2024_Examiner Report.pdf","SP2_September 2024_Examiner Report.pdf","sp2-2024-september-examiner-report-sp2-september-2024-examiner-report",".pdf","411018","no","yes","pending","","","",""
"SP2","2024","September","question-paper","resources/past-papers/raw/SP2/Sep24/SP2_September 2024_Exam Paper.pdf","SP2_September 2024_Exam Paper.pdf","sp2-2024-september-question-paper-sp2-september-2024-exam-paper",".pdf","127187","no","no","pending","","","",""
"SP2","2025","April","examiner-report","resources/past-papers/raw/SP2/Apr25/SP2_April 2025_Examiners Report.pdf","SP2_April 2025_Examiners Report.pdf","sp2-2025-april-examiner-report-sp2-april-2025-examiners-report",".pdf","662927","no","yes","pending","","","",""
"SP2","2025","April","question-paper","resources/past-papers/raw/SP2/Apr25/SP2_April 2025_Exam Paper.pdf","SP2_April 2025_Exam Paper.pdf","sp2-2025-april-question-paper-sp2-april-2025-exam-paper",".pdf","162707","no","no","pending","","","",""
"SP2","2025","September","question-paper","resources/past-papers/raw/SP2/Sep25/SP2_Sept2025_Exam.pdf","SP2_Sept2025_Exam.pdf","sp2-2025-september-question-paper-sp2-sept2025-exam",".pdf","159644","no","no","pending","","","",""
"SP4","2020","September","examiner-report","resources/past-papers/raw/SP4/Sep20/IandF_SP4_202009_Examiners_Report.pdf","IandF_SP4_202009_Examiners_Report.pdf","sp4-2020-september-examiner-report-iandf-sp4-202009-examiners-report",".pdf","85578","no","yes","pending","","","",""
"SP4","2020","September","question-paper","resources/past-papers/raw/SP4/Sep20/IandF_SP4_202009_ExamPaper.pdf","IandF_SP4_202009_ExamPaper.pdf","sp4-2020-september-question-paper-iandf-sp4-202009-exampaper",".pdf","416939","no","no","pending","","","",""
"SP4","2021","April","examiner-report","resources/past-papers/raw/SP4/Apr21/IandF_SP4_202104_Examiners_Report.pdf","IandF_SP4_202104_Examiners_Report.pdf","sp4-2021-april-examiner-report-iandf-sp4-202104-examiners-report",".pdf","227981","no","yes","pending","","","",""
"SP4","2021","April","question-paper","resources/past-papers/raw/SP4/Apr21/SP4_121_EXAM.pdf","SP4_121_EXAM.pdf","sp4-2021-april-question-paper-sp4-121-exam",".pdf","166519","no","no","pending","","","",""
"SP4","2021","September","examiner-report","resources/past-papers/raw/SP4/Sep21/IandF_SP4_202109_ Examiner Report.pdf","IandF_SP4_202109_ Examiner Report.pdf","sp4-2021-september-examiner-report-iandf-sp4-202109-examiner-report",".pdf","92440","no","yes","pending","","","",""
"SP4","2021","September","question-paper","resources/past-papers/raw/SP4/Sep21/SP4_221_EXAM_Final Clean.pdf","SP4_221_EXAM_Final Clean.pdf","sp4-2021-september-question-paper-sp4-221-exam-final-clean",".pdf","336908","no","no","pending","","","",""
"SP4","2022","April","examiner-report","resources/past-papers/raw/SP4/Apr22/IandF_SP4_202204_ Examiner Report.pdf","IandF_SP4_202204_ Examiner Report.pdf","sp4-2022-april-examiner-report-iandf-sp4-202204-examiner-report",".pdf","128338","no","yes","pending","","","",""
"SP4","2022","April","question-paper","resources/past-papers/raw/SP4/Apr22/SP4_April22_EXAM_Clean Proof.pdf","SP4_April22_EXAM_Clean Proof.pdf","sp4-2022-april-question-paper-sp4-april22-exam-clean-proof",".pdf","166342","no","no","pending","","","",""
"SP4","2022","September","examiner-report","resources/past-papers/raw/SP4/Sep22/IandF_SP4_202209_Examiner Report.pdf","IandF_SP4_202209_Examiner Report.pdf","sp4-2022-september-examiner-report-iandf-sp4-202209-examiner-report",".pdf","131713","no","yes","pending","","","",""
"SP4","2022","September","question-paper","resources/past-papers/raw/SP4/Sep22/SP4_September22_EXAM_Clean Proof.pdf","SP4_September22_EXAM_Clean Proof.pdf","sp4-2022-september-question-paper-sp4-september22-exam-clean-proof",".pdf","224321","no","no","pending","","","",""
"SP4","2023","April","examiner-report","resources/past-papers/raw/SP4/Apr23/IandF_SP4_202304_Examiner report.pdf","IandF_SP4_202304_Examiner report.pdf","sp4-2023-april-examiner-report-iandf-sp4-202304-examiner-report",".pdf","119837","no","yes","pending","","","",""
"SP4","2023","April","question-paper","resources/past-papers/raw/SP4/Apr23/SP4_April23_EXAM_Clean Proof.pdf","SP4_April23_EXAM_Clean Proof.pdf","sp4-2023-april-question-paper-sp4-april23-exam-clean-proof",".pdf","771575","no","no","pending","","","",""
"SP4","2023","September","examiner-report","resources/past-papers/raw/SP4/Sep23/IandF_SP4_202309_Examiners Report.pdf","IandF_SP4_202309_Examiners Report.pdf","sp4-2023-september-examiner-report-iandf-sp4-202309-examiners-report",".pdf","132297","no","yes","pending","","","",""
"SP4","2023","September","question-paper","resources/past-papers/raw/SP4/Sep23/SP4_September23_EXAM_Clean Proof.pdf","SP4_September23_EXAM_Clean Proof.pdf","sp4-2023-september-question-paper-sp4-september23-exam-clean-proof",".pdf","221334","no","no","pending","","","",""
"SP4","2024","April","examiner-report","resources/past-papers/raw/SP4/Apr24/SP4_April 2024_Examiner Report.pdf","SP4_April 2024_Examiner Report.pdf","sp4-2024-april-examiner-report-sp4-april-2024-examiner-report",".pdf","427402","no","yes","pending","","","",""
"SP4","2024","April","question-paper","resources/past-papers/raw/SP4/Apr24/SP4_April_2024_Exam_Paper.pdf","SP4_April_2024_Exam_Paper.pdf","sp4-2024-april-question-paper-sp4-april-2024-exam-paper",".pdf","161969","no","no","pending","","","",""
"SP4","2024","September","examiner-report","resources/past-papers/raw/SP4/Sep24/SP4_September 2024_Examiner Report.pdf","SP4_September 2024_Examiner Report.pdf","sp4-2024-september-examiner-report-sp4-september-2024-examiner-report",".pdf","403360","no","yes","pending","","","",""
"SP4","2024","September","question-paper","resources/past-papers/raw/SP4/Sep24/SP4_September 2024_Exam Paper.pdf","SP4_September 2024_Exam Paper.pdf","sp4-2024-september-question-paper-sp4-september-2024-exam-paper",".pdf","136761","no","no","pending","","","",""
"SP4","2025","April","examiner-report","resources/past-papers/raw/SP4/Apr25/SP4_April2025_Examiners' Report.pdf","SP4_April2025_Examiners' Report.pdf","sp4-2025-april-examiner-report-sp4-april2025-examiners-report",".pdf","762447","no","yes","pending","","","",""
"SP4","2025","April","question-paper","resources/past-papers/raw/SP4/Apr25/SP4_April2025_Exam Paper.pdf","SP4_April2025_Exam Paper.pdf","sp4-2025-april-question-paper-sp4-april2025-exam-paper",".pdf","194671","no","no","pending","","","",""
"SP4","2025","September","question-paper","resources/past-papers/raw/SP4/Sep25/SP4_Sept2025_Exam.pdf","SP4_Sept2025_Exam.pdf","sp4-2025-september-question-paper-sp4-sept2025-exam",".pdf","198555","no","no","pending","","","",""
"SP5","2020","September","examiner-report","resources/past-papers/raw/SP5/Sep20/IandF_SP5_202009_Examiners_Report.pdf","IandF_SP5_202009_Examiners_Report.pdf","sp5-2020-september-examiner-report-iandf-sp5-202009-examiners-report",".pdf","131437","no","yes","pending","","","",""
"SP5","2020","September","question-paper","resources/past-papers/raw/SP5/Sep20/IandF_SP5_202009_ExamPaper.pdf","IandF_SP5_202009_ExamPaper.pdf","sp5-2020-september-question-paper-iandf-sp5-202009-exampaper",".pdf","256456","no","no","pending","","","",""
"SP5","2021","April","examiner-report","resources/past-papers/raw/SP5/Apr21/IandF_SP5_202104_Examiners_Report.pdf","IandF_SP5_202104_Examiners_Report.pdf","sp5-2021-april-examiner-report-iandf-sp5-202104-examiners-report",".pdf","129119","no","yes","pending","","","",""
"SP5","2021","April","question-paper","resources/past-papers/raw/SP5/Apr21/SP5_121_EXAM.pdf","SP5_121_EXAM.pdf","sp5-2021-april-question-paper-sp5-121-exam",".pdf","191083","no","no","pending","","","",""
"SP5","2021","September","examiner-report","resources/past-papers/raw/SP5/Sep21/IandF_SP5_202109_ Examiner Report.pdf","IandF_SP5_202109_ Examiner Report.pdf","sp5-2021-september-examiner-report-iandf-sp5-202109-examiner-report",".pdf","125072","no","yes","pending","","","",""
"SP5","2021","September","question-paper","resources/past-papers/raw/SP5/Sep21/SP5_221_EXAM_Clean Proof.pdf","SP5_221_EXAM_Clean Proof.pdf","sp5-2021-september-question-paper-sp5-221-exam-clean-proof",".pdf","279747","no","no","pending","","","",""
"SP5","2022","April","examiner-report","resources/past-papers/raw/SP5/Apr22/IandF_SP5_202204_Examiner Report.pdf","IandF_SP5_202204_Examiner Report.pdf","sp5-2022-april-examiner-report-iandf-sp5-202204-examiner-report",".pdf","72705","no","yes","pending","","","",""
"SP5","2022","April","question-paper","resources/past-papers/raw/SP5/Apr22/SP5_April22_EXAM_Clean Proof.pdf","SP5_April22_EXAM_Clean Proof.pdf","sp5-2022-april-question-paper-sp5-april22-exam-clean-proof",".pdf","226643","no","no","pending","","","",""
"SP5","2022","September","examiner-report","resources/past-papers/raw/SP5/Sep22/IandF_SP5_202209_Examiner Report.pdf","IandF_SP5_202209_Examiner Report.pdf","sp5-2022-september-examiner-report-iandf-sp5-202209-examiner-report",".pdf","231139","no","yes","pending","","","",""
"SP5","2022","September","question-paper","resources/past-papers/raw/SP5/Sep22/SP5_September22_EXAM.pdf","SP5_September22_EXAM.pdf","sp5-2022-september-question-paper-sp5-september22-exam",".pdf","245241","no","no","pending","","","",""
"SP5","2023","April","examiner-report","resources/past-papers/raw/SP5/Apr23/IandF_SP5_202304_Examiner Report.pdf","IandF_SP5_202304_Examiner Report.pdf","sp5-2023-april-examiner-report-iandf-sp5-202304-examiner-report",".pdf","161356","no","yes","pending","","","",""
"SP5","2023","April","question-paper","resources/past-papers/raw/SP5/Apr23/SP5_April 23_EXAM_Clean Proof.pdf","SP5_April 23_EXAM_Clean Proof.pdf","sp5-2023-april-question-paper-sp5-april-23-exam-clean-proof",".pdf","394334","no","no","pending","","","",""
"SP5","2023","September","examiner-report","resources/past-papers/raw/SP5/Sep23/IandF_SP5_202309_Examiner Report.pdf","IandF_SP5_202309_Examiner Report.pdf","sp5-2023-september-examiner-report-iandf-sp5-202309-examiner-report",".pdf","165826","no","yes","pending","","","",""
"SP5","2023","September","question-paper","resources/past-papers/raw/SP5/Sep23/SP5_September23_EXAM_Clean Proof.pdf","SP5_September23_EXAM_Clean Proof.pdf","sp5-2023-september-question-paper-sp5-september23-exam-clean-proof",".pdf","919616","no","no","pending","","","",""
"SP5","2024","April","examiner-report","resources/past-papers/raw/SP5/Apr24/SP5_April 2024_Examiner Report.pdf","SP5_April 2024_Examiner Report.pdf","sp5-2024-april-examiner-report-sp5-april-2024-examiner-report",".pdf","417344","no","yes","pending","","","",""
"SP5","2024","April","question-paper","resources/past-papers/raw/SP5/Apr24/SP5_April_2024_Exam_Paper.pdf","SP5_April_2024_Exam_Paper.pdf","sp5-2024-april-question-paper-sp5-april-2024-exam-paper",".pdf","219425","no","no","pending","","","",""
"SP5","2024","September","examiner-report","resources/past-papers/raw/SP5/Sep24/SP5_September 2024_Examiner Report.pdf","SP5_September 2024_Examiner Report.pdf","sp5-2024-september-examiner-report-sp5-september-2024-examiner-report",".pdf","406029","no","yes","pending","","","",""
"SP5","2024","September","question-paper","resources/past-papers/raw/SP5/Sep24/SP5_September 2024_Exam Paper.pdf","SP5_September 2024_Exam Paper.pdf","sp5-2024-september-question-paper-sp5-september-2024-exam-paper",".pdf","179878","no","no","pending","","","",""
"SP5","2025","April","examiner-report","resources/past-papers/raw/SP5/Apr25/SP5_April2025_Examiners' Report.pdf","SP5_April2025_Examiners' Report.pdf","sp5-2025-april-examiner-report-sp5-april2025-examiners-report",".pdf","722814","no","yes","pending","","","",""
"SP5","2025","April","question-paper","resources/past-papers/raw/SP5/Apr25/SP5_April2025_Exam Paper.pdf","SP5_April2025_Exam Paper.pdf","sp5-2025-april-question-paper-sp5-april2025-exam-paper",".pdf","213147","no","no","pending","","","",""
"SP5","2025","September","question-paper","resources/past-papers/raw/SP5/Sep25/SP5_Sept2025_Exam.pdf","SP5_Sept2025_Exam.pdf","sp5-2025-september-question-paper-sp5-sept2025-exam",".pdf","195779","no","no","pending","","","",""
"SP6","2020","September","examiner-report","resources/past-papers/raw/SP6/Sep20/IandF_SP6_202009_Examiners_Report.pdf","IandF_SP6_202009_Examiners_Report.pdf","sp6-2020-september-examiner-report-iandf-sp6-202009-examiners-report",".pdf","164375","no","yes","pending","","","",""
"SP6","2020","September","question-paper","resources/past-papers/raw/SP6/Sep20/IandF_SP6_202009_ExamPaper.pdf","IandF_SP6_202009_ExamPaper.pdf","sp6-2020-september-question-paper-iandf-sp6-202009-exampaper",".pdf","284255","no","no","pending","","","",""
"SP6","2021","April","examiner-report","resources/past-papers/raw/SP6/Apr21/IandF_SP6_202104_Examiners_Report.pdf","IandF_SP6_202104_Examiners_Report.pdf","sp6-2021-april-examiner-report-iandf-sp6-202104-examiners-report",".pdf","188805","no","yes","pending","","","",""
"SP6","2021","April","question-paper","resources/past-papers/raw/SP6/Apr21/SP6_121_EXAM.pdf","SP6_121_EXAM.pdf","sp6-2021-april-question-paper-sp6-121-exam",".pdf","242941","no","no","pending","","","",""
"SP6","2021","September","examiner-report","resources/past-papers/raw/SP6/Sep21/IandF_SP6 _202109_Examiner report.pdf","IandF_SP6 _202109_Examiner report.pdf","sp6-2021-september-examiner-report-iandf-sp6-202109-examiner-report",".pdf","200392","no","yes","pending","","","",""
"SP6","2021","September","question-paper","resources/past-papers/raw/SP6/Sep21/SP6_221_EXAM_Clean Proof.pdf","SP6_221_EXAM_Clean Proof.pdf","sp6-2021-september-question-paper-sp6-221-exam-clean-proof",".pdf","245589","no","no","pending","","","",""
"SP6","2022","April","examiner-report","resources/past-papers/raw/SP6/Apr22/IandF_SP6_202204_ Examiner Report.pdf","IandF_SP6_202204_ Examiner Report.pdf","sp6-2022-april-examiner-report-iandf-sp6-202204-examiner-report",".pdf","226522","no","yes","pending","","","",""
"SP6","2022","April","question-paper","resources/past-papers/raw/SP6/Apr22/SP6_April22_EXAM_Clean Proof.pdf","SP6_April22_EXAM_Clean Proof.pdf","sp6-2022-april-question-paper-sp6-april22-exam-clean-proof",".pdf","220173","no","no","pending","","","",""
"SP6","2022","September","examiner-report","resources/past-papers/raw/SP6/Sep22/IandF_SP6_202209_Examiner Report.pdf","IandF_SP6_202209_Examiner Report.pdf","sp6-2022-september-examiner-report-iandf-sp6-202209-examiner-report",".pdf","188610","no","yes","pending","","","",""
"SP6","2022","September","question-paper","resources/past-papers/raw/SP6/Sep22/SP6_September22_EXAM.pdf","SP6_September22_EXAM.pdf","sp6-2022-september-question-paper-sp6-september22-exam",".pdf","259064","no","no","pending","","","",""
"SP6","2023","April","examiner-report","resources/past-papers/raw/SP6/Apr23/IandF_SP6_202304_Examiner report.pdf","IandF_SP6_202304_Examiner report.pdf","sp6-2023-april-examiner-report-iandf-sp6-202304-examiner-report",".pdf","251366","no","yes","pending","","","",""
"SP6","2023","April","question-paper","resources/past-papers/raw/SP6/Apr23/SP6_April23_EXAM_Clean Proof (3).pdf","SP6_April23_EXAM_Clean Proof (3).pdf","sp6-2023-april-question-paper-sp6-april23-exam-clean-proof-3",".pdf","307784","no","no","pending","","","",""
"SP6","2023","September","examiner-report","resources/past-papers/raw/SP6/Sep23/IandF_SP6_202309_Examiner Report.pdf","IandF_SP6_202309_Examiner Report.pdf","sp6-2023-september-examiner-report-iandf-sp6-202309-examiner-report",".pdf","212227","no","yes","pending","","","",""
"SP6","2023","September","question-paper","resources/past-papers/raw/SP6/Sep23/SP6_September23_EXAM_Clean Proof.pdf","SP6_September23_EXAM_Clean Proof.pdf","sp6-2023-september-question-paper-sp6-september23-exam-clean-proof",".pdf","265841","no","no","pending","","","",""
"SP6","2024","April","examiner-report","resources/past-papers/raw/SP6/Apr24/SP6_April 2024_Examiner Report.pdf","SP6_April 2024_Examiner Report.pdf","sp6-2024-april-examiner-report-sp6-april-2024-examiner-report",".pdf","460764","no","yes","pending","","","",""
"SP6","2024","April","question-paper","resources/past-papers/raw/SP6/Apr24/SP6_April_2024_Exam_Paper.pdf","SP6_April_2024_Exam_Paper.pdf","sp6-2024-april-question-paper-sp6-april-2024-exam-paper",".pdf","234298","no","no","pending","","","",""
"SP6","2024","September","examiner-report","resources/past-papers/raw/SP6/Sep24/SP6_September 2024_Examiner Report.pdf","SP6_September 2024_Examiner Report.pdf","sp6-2024-september-examiner-report-sp6-september-2024-examiner-report",".pdf","426650","no","yes","pending","","","",""
"SP6","2024","September","question-paper","resources/past-papers/raw/SP6/Sep24/SP6_September 2024_Exam Paper.pdf","SP6_September 2024_Exam Paper.pdf","sp6-2024-september-question-paper-sp6-september-2024-exam-paper",".pdf","216727","no","no","pending","","","",""
"SP6","2025","April","examiner-report","resources/past-papers/raw/SP6/Apr25/SP6_April2025_Examiners' Report.pdf","SP6_April2025_Examiners' Report.pdf","sp6-2025-april-examiner-report-sp6-april2025-examiners-report",".pdf","972104","no","yes","pending","","","",""
"SP6","2025","April","question-paper","resources/past-papers/raw/SP6/Apr25/SP6_April2025_Exam Paper.pdf","SP6_April2025_Exam Paper.pdf","sp6-2025-april-question-paper-sp6-april2025-exam-paper",".pdf","310451","no","no","pending","","","",""
"SP6","2025","September","question-paper","resources/past-papers/raw/SP6/Sep25/SP6_Sept2025_Exam.pdf","SP6_Sept2025_Exam.pdf","sp6-2025-september-question-paper-sp6-sept2025-exam",".pdf","283815","no","no","pending","","","",""
"SP7","2020","September","examiner-report","resources/past-papers/raw/SP7/Sep20/IandF_SP7_202009_Examiners_Report.pdf","IandF_SP7_202009_Examiners_Report.pdf","sp7-2020-september-examiner-report-iandf-sp7-202009-examiners-report",".pdf","182405","no","yes","pending","","","",""
"SP7","2020","September","question-paper","resources/past-papers/raw/SP7/Sep20/IandF_SP7_202009_ExamPaper.pdf","IandF_SP7_202009_ExamPaper.pdf","sp7-2020-september-question-paper-iandf-sp7-202009-exampaper",".pdf","312369","no","no","pending","","","",""
"SP7","2021","April","examiner-report","resources/past-papers/raw/SP7/Apr21/IandF_SP7_202104_Examiners_Report.pdf","IandF_SP7_202104_Examiners_Report.pdf","sp7-2021-april-examiner-report-iandf-sp7-202104-examiners-report",".pdf","159210","no","yes","pending","","","",""
"SP7","2021","April","question-paper","resources/past-papers/raw/SP7/Apr21/SP7_121_EXAM.pdf","SP7_121_EXAM.pdf","sp7-2021-april-question-paper-sp7-121-exam",".pdf","179552","no","no","pending","","","",""
"SP7","2021","September","examiner-report","resources/past-papers/raw/SP7/Sep21/IandF_SP7_202109_ Examiner Report.pdf","IandF_SP7_202109_ Examiner Report.pdf","sp7-2021-september-examiner-report-iandf-sp7-202109-examiner-report",".pdf","168982","no","yes","pending","","","",""
"SP7","2021","September","question-paper","resources/past-papers/raw/SP7/Sep21/SP7_221_EXAM_Clean Proof.pdf","SP7_221_EXAM_Clean Proof.pdf","sp7-2021-september-question-paper-sp7-221-exam-clean-proof",".pdf","180362","no","no","pending","","","",""
"SP7","2022","April","examiner-report","resources/past-papers/raw/SP7/Apr22/IandF_SP7__202204_Examiner Report.pdf","IandF_SP7__202204_Examiner Report.pdf","sp7-2022-april-examiner-report-iandf-sp7-202204-examiner-report",".pdf","172177","no","yes","pending","","","",""
"SP7","2022","April","question-paper","resources/past-papers/raw/SP7/Apr22/SP7_April22_EXAM_Clean Proof.pdf","SP7_April22_EXAM_Clean Proof.pdf","sp7-2022-april-question-paper-sp7-april22-exam-clean-proof",".pdf","190633","no","no","pending","","","",""
"SP7","2022","September","examiner-report","resources/past-papers/raw/SP7/Sep22/IandF_SP7_202209_Examiner Report.pdf","IandF_SP7_202209_Examiner Report.pdf","sp7-2022-september-examiner-report-iandf-sp7-202209-examiner-report",".pdf","171791","no","yes","pending","","","",""
"SP7","2022","September","question-paper","resources/past-papers/raw/SP7/Sep22/SP7_September22_EXAM.pdf","SP7_September22_EXAM.pdf","sp7-2022-september-question-paper-sp7-september22-exam",".pdf","184032","no","no","pending","","","",""
"SP7","2023","April","examiner-report","resources/past-papers/raw/SP7/Apr23/IandF_SP7_202304_Examiner Report.pdf","IandF_SP7_202304_Examiner Report.pdf","sp7-2023-april-examiner-report-iandf-sp7-202304-examiner-report",".pdf","216354","no","yes","pending","","","",""
"SP7","2023","April","question-paper","resources/past-papers/raw/SP7/Apr23/SP7_April23_EXAM_Clean Proof.pdf","SP7_April23_EXAM_Clean Proof.pdf","sp7-2023-april-question-paper-sp7-april23-exam-clean-proof",".pdf","903891","no","no","pending","","","",""
"SP7","2023","September","examiner-report","resources/past-papers/raw/SP7/Sep23/IandF_SP7_202309_Examiner Report.pdf","IandF_SP7_202309_Examiner Report.pdf","sp7-2023-september-examiner-report-iandf-sp7-202309-examiner-report",".pdf","151535","no","yes","pending","","","",""
"SP7","2023","September","question-paper","resources/past-papers/raw/SP7/Sep23/SP7_September23_EXAM_Clean Proof.pdf","SP7_September23_EXAM_Clean Proof.pdf","sp7-2023-september-question-paper-sp7-september23-exam-clean-proof",".pdf","157113","no","no","pending","","","",""
"SP7","2024","April","examiner-report","resources/past-papers/raw/SP7/Apr24/SP7_April 2024_Examiner Report.pdf","SP7_April 2024_Examiner Report.pdf","sp7-2024-april-examiner-report-sp7-april-2024-examiner-report",".pdf","436075","no","yes","pending","","","",""
"SP7","2024","April","question-paper","resources/past-papers/raw/SP7/Apr24/SP7_April_2024_Exam_Paper.pdf","SP7_April_2024_Exam_Paper.pdf","sp7-2024-april-question-paper-sp7-april-2024-exam-paper",".pdf","173155","no","no","pending","","","",""
"SP7","2024","September","examiner-report","resources/past-papers/raw/SP7/Sep24/SP7_September 2024_Examiner Report.pdf","SP7_September 2024_Examiner Report.pdf","sp7-2024-september-examiner-report-sp7-september-2024-examiner-report",".pdf","415028","no","yes","pending","","","",""
"SP7","2024","September","question-paper","resources/past-papers/raw/SP7/Sep24/SP7_September 2024_Exam Paper.pdf","SP7_September 2024_Exam Paper.pdf","sp7-2024-september-question-paper-sp7-september-2024-exam-paper",".pdf","174982","no","no","pending","","","",""
"SP7","2025","April","examiner-report","resources/past-papers/raw/SP7/Apr25/SP7_April2025_Examiners' Report.pdf","SP7_April2025_Examiners' Report.pdf","sp7-2025-april-examiner-report-sp7-april2025-examiners-report",".pdf","703679","no","yes","pending","","","",""
"SP7","2025","April","question-paper","resources/past-papers/raw/SP7/Apr25/SP7_April2025_Exam Paper.pdf","SP7_April2025_Exam Paper.pdf","sp7-2025-april-question-paper-sp7-april2025-exam-paper",".pdf","166279","no","no","pending","","","",""
"SP7","2025","September","question-paper","resources/past-papers/raw/SP7/Sep25/SP7_Sept2025_Exam.pdf","SP7_Sept2025_Exam.pdf","sp7-2025-september-question-paper-sp7-sept2025-exam",".pdf","196960","no","no","pending","","","",""
"SP8","2020","September","examiner-report","resources/past-papers/raw/SP8/Sep20/IandF_SP8_202009_Examiners_Report.pdf","IandF_SP8_202009_Examiners_Report.pdf","sp8-2020-september-examiner-report-iandf-sp8-202009-examiners-report",".pdf","149114","no","yes","pending","","","",""
"SP8","2020","September","question-paper","resources/past-papers/raw/SP8/Sep20/IandF_SP8_202009_ExamPaper.pdf","IandF_SP8_202009_ExamPaper.pdf","sp8-2020-september-question-paper-iandf-sp8-202009-exampaper",".pdf","2013586","no","no","pending","","","",""
"SP8","2021","April","examiner-report","resources/past-papers/raw/SP8/Apr21/IandF_SP8_202104_Examiners_Report.pdf","IandF_SP8_202104_Examiners_Report.pdf","sp8-2021-april-examiner-report-iandf-sp8-202104-examiners-report",".pdf","198971","no","yes","pending","","","",""
"SP8","2021","April","question-paper","resources/past-papers/raw/SP8/Apr21/SP8_121_EXAM.pdf","SP8_121_EXAM.pdf","sp8-2021-april-question-paper-sp8-121-exam",".pdf","259884","no","no","pending","","","",""
"SP8","2021","September","examiner-report","resources/past-papers/raw/SP8/Sep21/IandF_SP8_202109_ Examiner Report.pdf","IandF_SP8_202109_ Examiner Report.pdf","sp8-2021-september-examiner-report-iandf-sp8-202109-examiner-report",".pdf","154122","no","yes","pending","","","",""
"SP8","2021","September","question-paper","resources/past-papers/raw/SP8/Sep21/SP8_221_EXAM_Clean Proof.pdf","SP8_221_EXAM_Clean Proof.pdf","sp8-2021-september-question-paper-sp8-221-exam-clean-proof",".pdf","749281","no","no","pending","","","",""
"SP8","2022","April","examiner-report","resources/past-papers/raw/SP8/Apr22/landF_SP8_202204_Examiner Report.pdf","landF_SP8_202204_Examiner Report.pdf","sp8-2022-april-examiner-report-landf-sp8-202204-examiner-report",".pdf","213251","no","yes","pending","","","",""
"SP8","2022","April","question-paper","resources/past-papers/raw/SP8/Apr22/SP8_April22_EXAM_Clean Proof.pdf","SP8_April22_EXAM_Clean Proof.pdf","sp8-2022-april-question-paper-sp8-april22-exam-clean-proof",".pdf","416044","no","no","pending","","","",""
"SP8","2022","September","examiner-report","resources/past-papers/raw/SP8/Sep22/IandF_SP8_202209_Examiner Report.pdf","IandF_SP8_202209_Examiner Report.pdf","sp8-2022-september-examiner-report-iandf-sp8-202209-examiner-report",".pdf","225218","no","yes","pending","","","",""
"SP8","2022","September","question-paper","resources/past-papers/raw/SP8/Sep22/SP8_September22_EXAM.pdf","SP8_September22_EXAM.pdf","sp8-2022-september-question-paper-sp8-september22-exam",".pdf","272698","no","no","pending","","","",""
"SP8","2023","April","examiner-report","resources/past-papers/raw/SP8/Apr23/IandF_SP8_202304_Examiner Report.pdf","IandF_SP8_202304_Examiner Report.pdf","sp8-2023-april-examiner-report-iandf-sp8-202304-examiner-report",".pdf","206886","no","yes","pending","","","",""
"SP8","2023","April","question-paper","resources/past-papers/raw/SP8/Apr23/SP8_April23_EXAM_Clean Proof.pdf","SP8_April23_EXAM_Clean Proof.pdf","sp8-2023-april-question-paper-sp8-april23-exam-clean-proof",".pdf","836427","no","no","pending","","","",""
"SP8","2023","September","examiner-report","resources/past-papers/raw/SP8/Sep23/IandF_SP8_202309_Examiner Report.pdf","IandF_SP8_202309_Examiner Report.pdf","sp8-2023-september-examiner-report-iandf-sp8-202309-examiner-report",".pdf","143613","no","yes","pending","","","",""
"SP8","2023","September","question-paper","resources/past-papers/raw/SP8/Sep23/SP8_September23_EXAM_Clean Proof.pdf","SP8_September23_EXAM_Clean Proof.pdf","sp8-2023-september-question-paper-sp8-september23-exam-clean-proof",".pdf","632740","no","no","pending","","","",""
"SP8","2024","April","examiner-report","resources/past-papers/raw/SP8/Apr24/SP8_April 2024_Examiner Report.pdf","SP8_April 2024_Examiner Report.pdf","sp8-2024-april-examiner-report-sp8-april-2024-examiner-report",".pdf","520241","no","yes","pending","","","",""
"SP8","2024","April","question-paper","resources/past-papers/raw/SP8/Apr24/SP8_April_2024_Exam_Paper.pdf","SP8_April_2024_Exam_Paper.pdf","sp8-2024-april-question-paper-sp8-april-2024-exam-paper",".pdf","168469","no","no","pending","","","",""
"SP8","2024","September","examiner-report","resources/past-papers/raw/SP8/Sep24/SP8_September 2024_Examiner Report.pdf","SP8_September 2024_Examiner Report.pdf","sp8-2024-september-examiner-report-sp8-september-2024-examiner-report",".pdf","502764","no","yes","pending","","","",""
"SP8","2024","September","question-paper","resources/past-papers/raw/SP8/Sep24/SP8_September 2024_Exam Paper.pdf","SP8_September 2024_Exam Paper.pdf","sp8-2024-september-question-paper-sp8-september-2024-exam-paper",".pdf","225200","no","no","pending","","","",""
"SP8","2025","April","examiner-report","resources/past-papers/raw/SP8/Apr25/SP8_April2025_Examiners' Report.pdf","SP8_April2025_Examiners' Report.pdf","sp8-2025-april-examiner-report-sp8-april2025-examiners-report",".pdf","836683","no","yes","pending","","","",""
"SP8","2025","April","question-paper","resources/past-papers/raw/SP8/Apr25/SP8_April2025_Exam Paper.pdf","SP8_April2025_Exam Paper.pdf","sp8-2025-april-question-paper-sp8-april2025-exam-paper",".pdf","261486","no","no","pending","","","",""
"SP8","2025","September","question-paper","resources/past-papers/raw/SP8/Sep25/SP8_Sept25_Exam.pdf","SP8_Sept25_Exam.pdf","sp8-2025-september-question-paper-sp8-sept25-exam",".pdf","192469","no","no","pending","","","",""
"SP9","2020","September","examiner-report","resources/past-papers/raw/SP9/Sep20/IandF_SP9_202009_Examiners_Report.pdf","IandF_SP9_202009_Examiners_Report.pdf","sp9-2020-september-examiner-report-iandf-sp9-202009-examiners-report",".pdf","129687","no","yes","pending","","","",""
"SP9","2020","September","question-paper","resources/past-papers/raw/SP9/Sep20/IandF_SP9_202009_ExamPaper.pdf","IandF_SP9_202009_ExamPaper.pdf","sp9-2020-september-question-paper-iandf-sp9-202009-exampaper",".pdf","259715","no","no","pending","","","",""
"SP9","2021","April","examiner-report","resources/past-papers/raw/SP9/Apr21/IandF_SP9_202104_Examiners_Report.pdf","IandF_SP9_202104_Examiners_Report.pdf","sp9-2021-april-examiner-report-iandf-sp9-202104-examiners-report",".pdf","173838","no","yes","pending","","","",""
"SP9","2021","April","question-paper","resources/past-papers/raw/SP9/Apr21/SP9_121_EXAM.pdf","SP9_121_EXAM.pdf","sp9-2021-april-question-paper-sp9-121-exam",".pdf","225287","no","no","pending","","","",""
"SP9","2021","September","examiner-report","resources/past-papers/raw/SP9/Sep21/IandF_SP9_202109_ Examiner Report.pdf","IandF_SP9_202109_ Examiner Report.pdf","sp9-2021-september-examiner-report-iandf-sp9-202109-examiner-report",".pdf","176736","no","yes","pending","","","",""
"SP9","2021","September","question-paper","resources/past-papers/raw/SP9/Sep21/SP9_221_EXAM_Clean Proof.pdf","SP9_221_EXAM_Clean Proof.pdf","sp9-2021-september-question-paper-sp9-221-exam-clean-proof",".pdf","221944","no","no","pending","","","",""
"SP9","2022","April","examiner-report","resources/past-papers/raw/SP9/Apr22/IandF_SP9_202204_Examiner Report.pdf","IandF_SP9_202204_Examiner Report.pdf","sp9-2022-april-examiner-report-iandf-sp9-202204-examiner-report",".pdf","127787","no","yes","pending","","","",""
"SP9","2022","April","question-paper","resources/past-papers/raw/SP9/Apr22/SP9_April22_EXAM_Clean Proof.pdf","SP9_April22_EXAM_Clean Proof.pdf","sp9-2022-april-question-paper-sp9-april22-exam-clean-proof",".pdf","217093","no","no","pending","","","",""
"SP9","2022","September","examiner-report","resources/past-papers/raw/SP9/Sep22/IandF_SP9_202209_Examiner Report.pdf","IandF_SP9_202209_Examiner Report.pdf","sp9-2022-september-examiner-report-iandf-sp9-202209-examiner-report",".pdf","150447","no","yes","pending","","","",""
"SP9","2022","September","question-paper","resources/past-papers/raw/SP9/Sep22/SP9_September22_EXAM.pdf","SP9_September22_EXAM.pdf","sp9-2022-september-question-paper-sp9-september22-exam",".pdf","199989","no","no","pending","","","",""
"SP9","2023","April","examiner-report","resources/past-papers/raw/SP9/Apr23/IandF_SP9_202304_Examiner report.pdf","IandF_SP9_202304_Examiner report.pdf","sp9-2023-april-examiner-report-iandf-sp9-202304-examiner-report",".pdf","151497","no","yes","pending","","","",""
"SP9","2023","April","question-paper","resources/past-papers/raw/SP9/Apr23/SP9_April23_EXAM_Clean Proof.pdf","SP9_April23_EXAM_Clean Proof.pdf","sp9-2023-april-question-paper-sp9-april23-exam-clean-proof",".pdf","223123","no","no","pending","","","",""
"SP9","2023","September","examiner-report","resources/past-papers/raw/SP9/Sep23/IandF_SP9_202309_Examiner Report.pdf","IandF_SP9_202309_Examiner Report.pdf","sp9-2023-september-examiner-report-iandf-sp9-202309-examiner-report",".pdf","125610","no","yes","pending","","","",""
"SP9","2023","September","question-paper","resources/past-papers/raw/SP9/Sep23/SP9_September 23_EXAM_Clean Proof.pdf","SP9_September 23_EXAM_Clean Proof.pdf","sp9-2023-september-question-paper-sp9-september-23-exam-clean-proof",".pdf","196179","no","no","pending","","","",""
"SP9","2024","April","examiner-report","resources/past-papers/raw/SP9/Apr24/SP9_April 2024_Examiner Report.pdf","SP9_April 2024_Examiner Report.pdf","sp9-2024-april-examiner-report-sp9-april-2024-examiner-report",".pdf","440933","no","yes","pending","","","",""
"SP9","2024","April","question-paper","resources/past-papers/raw/SP9/Apr24/SP9_April_2024_Exam_Paper.pdf","SP9_April_2024_Exam_Paper.pdf","sp9-2024-april-question-paper-sp9-april-2024-exam-paper",".pdf","188494","no","no","pending","","","",""
"SP9","2024","September","examiner-report","resources/past-papers/raw/SP9/Sep24/SP9_September 2024_Examiner Report.pdf","SP9_September 2024_Examiner Report.pdf","sp9-2024-september-examiner-report-sp9-september-2024-examiner-report",".pdf","378352","no","yes","pending","","","",""
"SP9","2024","September","question-paper","resources/past-papers/raw/SP9/Sep24/SP9_September 2024_Exam Paper.pdf","SP9_September 2024_Exam Paper.pdf","sp9-2024-september-question-paper-sp9-september-2024-exam-paper",".pdf","179637","no","no","pending","","","",""
"SP9","2025","April","examiner-report","resources/past-papers/raw/SP9/Apr25/SP9_April2025_Examiners' Report.pdf","SP9_April2025_Examiners' Report.pdf","sp9-2025-april-examiner-report-sp9-april2025-examiners-report",".pdf","874751","no","yes","pending","","","",""
"SP9","2025","April","question-paper","resources/past-papers/raw/SP9/Apr25/SP9_April2025_Exam Paper.pdf","SP9_April2025_Exam Paper.pdf","sp9-2025-april-question-paper-sp9-april2025-exam-paper",".pdf","152102","no","no","pending","","","",""
"SP9","2025","September","question-paper","resources/past-papers/raw/SP9/Sep25/SP9_Sept2025_Exam.pdf","SP9_Sept2025_Exam.pdf","sp9-2025-september-question-paper-sp9-sept2025-exam",".pdf","177928","no","no","pending","","","",""
