"exam_code","source_path","destination_path","relative_path","file_ext","size_bytes","sha256","last_ingested_utc"
"CB1","C:\Users\Danha\Downloads\Organised Actuarial Past Papers\CB1\Apr21\CB1_121_EXAM.pdf","resources/past-papers/raw/CB1/Apr21/CB1_121_EXAM.pdf","CB1/Apr21/CB1_121_EXAM.pdf",".pdf","278237","9900951609C34DA2B5D077A3D77358DCC0E6F6E43CB7134AC6422D1454E888A2","2026-06-15T23:23:18Z"
"CB1","C:\Users\Danha\Downloads\Organised Actuarial Past Papers\CB1\Apr21\IandF_CB1_202104_Examiners_Report.pdf","resources/past-papers/raw/CB1/Apr21/IandF_CB1_202104_Examiners_Report.pdf","CB1/Apr21/IandF_CB1_202104_Examiners_Report.pdf",".pdf","52626","46697CF1AC1632F9D714DA879D70FB902BF2663F99E187047D26790544A6406D","2026-06-15T23:23:18Z"
"CB1","C:\Users\Danha\Downloads\Organised Actuarial Past Papers\CB1\Apr22\CB1_April22_EXAM_Clean Proof.pdf","resources/past-papers/raw/CB1/Apr22/CB1_April22_EXAM_Clean Proof.pdf","CB1/Apr22/CB1_April22_EXAM_Clean Proof.pdf",".pdf","178247","74FDFCAF38D140D07E3CA05E916D9A2E2E53925223B502EBCC1665D3550E2D29","2026-06-15T23:23:18Z"
"CB1","C:\Users\Danha\Downloads\Organised Actuarial Past Papers\CB1\Apr22\IandF_CB1_202204_Examiner Report.pdf","resources/past-papers/raw/CB1/Apr22/IandF_CB1_202204_Examiner Report.pdf","CB1/Apr22/IandF_CB1_202204_Examiner Report.pdf",".pdf","76652","2D036F0649E53C5F6D49A806F362D551F6BC9E6EA514BC1E07226E1FCA524BCC","2026-06-15T23:23:18Z"
"CB1","C:\Users\Danha\Downloads\Organised Actuarial Past Papers\CB1\Apr23\CB1_April23_EXAM_Clean Proof.pdf","resources/past-papers/raw/CB1/Apr23/CB1_April23_EXAM_Clean Proof.pdf","CB1/Apr23/CB1_April23_EXAM_Clean Proof.pdf",".pdf","799067","B4F1388C5AF1197C02DD63B061E26ECEDB263CE3A4B6DC8871777638D2A0510D","2026-06-15T23:23:18Z"
"CB1","C:\Users\Danha\Downloads\Organised Actuarial Past Papers\CB1\Apr23\IandF_CB1_202304_Examiner report.pdf","resources/past-papers/raw/CB1/Apr23/IandF_CB1_202304_Examiner report.pdf","CB1/Apr23/IandF_CB1_202304_Examiner report.pdf",".pdf","98262","1161B31CE74A26C8738D9AC4928D75879A1410476BCAB3635E2042BD5525F9D8","2026-06-15T23:23:18Z"
"CB1","C:\Users\Danha\Downloads\Organised Actuarial Past Papers\CB1\Apr24\CB1_April 2024_Examiner Report.pdf","resources/past-papers/raw/CB1/Apr24/CB1_April 2024_Examiner Report.pdf","CB1/Apr24/CB1_April 2024_Examiner Report.pdf",".pdf","390360","E67EDB78E5D46861CC06B194479549B1624B7743546E1F8B4601C06C50F43E61","2026-06-15T23:23:18Z"
"CB1","C:\Users\Danha\Downloads\Organised Actuarial Past Papers\CB1\Apr24\CB1_April_2024_Exam_Paper.pdf","resources/past-papers/raw/CB1/Apr24/CB1_April_2024_Exam_Paper.pdf","CB1/Apr24/CB1_April_2024_Exam_Paper.pdf",".pdf","157824","1355C1819C2777708697121C49036A2FF1158AE7BE3678119359F89B5CB399E8","2026-06-15T23:23:18Z"
"CB1","C:\Users\Danha\Downloads\Organised Actuarial Past Papers\CB1\Apr25\CB1_April 2025_Exam Paper.pdf","resources/past-papers/raw/CB1/Apr25/CB1_April 2025_Exam Paper.pdf","CB1/Apr25/CB1_April 2025_Exam Paper.pdf",".pdf","151112","13E8D6991D855CAD8B1F53E716F07B9EEB26C6E41ADB80DDA0527F1653A5F503","2026-06-15T23:23:18Z"
"CB1","C:\Users\Danha\Downloads\Organised Actuarial Past Papers\CB1\Apr25\CB1_April 2025_Examiners' Report.pdf","resources/past-papers/raw/CB1/Apr25/CB1_April 2025_Examiners' Report.pdf","CB1/Apr25/CB1_April 2025_Examiners' Report.pdf",".pdf","920405","774147595C25886A6B9998740D018CD2C0A53ED488CAB48860596C5160E3BC5D","2026-06-15T23:23:18Z"
"CB1","C:\Users\Danha\Downloads\Organised Actuarial Past Papers\CB1\Sep20\IandF_CB1_202009_Examiners_Report.pdf","resources/past-papers/raw/CB1/Sep20/IandF_CB1_202009_Examiners_Report.pdf","CB1/Sep20/IandF_CB1_202009_Examiners_Report.pdf",".pdf","90922","A06F81639ACEF45E4D4B23611AAD0FF2E7AACAFC727F9B77CC9CA870EED15039","2026-06-15T23:23:18Z"
"CB1","C:\Users\Danha\Downloads\Organised Actuarial Past Papers\CB1\Sep20\IandF_CB1_202009_ExamPaper.pdf","resources/past-papers/raw/CB1/Sep20/IandF_CB1_202009_ExamPaper.pdf","CB1/Sep20/IandF_CB1_202009_ExamPaper.pdf",".pdf","309025","7595EA08751F432D53B0A8B923DDF5EB8943C177DF29C6CA9EAD7A6C8249EFA3","2026-06-15T23:23:18Z"
"CB1","C:\Users\Danha\Downloads\Organised Actuarial Past Papers\CB1\Sep21\CB1_221_EXAM_Clean Proof.pdf","resources/past-papers/raw/CB1/Sep21/CB1_221_EXAM_Clean Proof.pdf","CB1/Sep21/CB1_221_EXAM_Clean Proof.pdf",".pdf","207023","94551F1D8A06F519F99AA4D040FD229A1FD72BCD420D7BDE96F6C86C2D47C6B0","2026-06-15T23:23:18Z"
"CB1","C:\Users\Danha\Downloads\Organised Actuarial Past Papers\CB1\Sep21\IandF_CB1_202109_Examiner Report.pdf","resources/past-papers/raw/CB1/Sep21/IandF_CB1_202109_Examiner Report.pdf","CB1/Sep21/IandF_CB1_202109_Examiner Report.pdf",".pdf","81629","2A7AC3F9CEF13D0FE580CA5F6E236AEB6E1F01ED98E5EC09DB9AEA564CC9046B","2026-06-15T23:23:18Z"
"CB1","C:\Users\Danha\Downloads\Organised Actuarial Past Papers\CB1\Sep22\CB1_September22_EXAM.pdf","resources/past-papers/raw/CB1/Sep22/CB1_September22_EXAM.pdf","CB1/Sep22/CB1_September22_EXAM.pdf",".pdf","209096","9C69E9C512FB6D15FA7ADBC9041550C5A3D49C0F44086A4F7EF7089D906FE04E","2026-06-15T23:23:18Z"
"CB1","C:\Users\Danha\Downloads\Organised Actuarial Past Papers\CB1\Sep22\IandF_CB1_202209_Examiner Report.pdf","resources/past-papers/raw/CB1/Sep22/IandF_CB1_202209_Examiner Report.pdf","CB1/Sep22/IandF_CB1_202209_Examiner Report.pdf",".pdf","138050","438EB6053BA6F162D5FADB49CCFA3E9A5CB3DE7DC82BB3F8C0F2CF36BD02D375","2026-06-15T23:23:18Z"
"CB1","C:\Users\Danha\Downloads\Organised Actuarial Past Papers\CB1\Sep23\CB1_September23_Clean Proof.pdf","resources/past-papers/raw/CB1/Sep23/CB1_September23_Clean Proof.pdf","CB1/Sep23/CB1_September23_Clean Proof.pdf",".pdf","188597","88C3D38F6CA0C62E0F6510EEDF446745675C19271C49EA90E6831B2049C1BAB3","2026-06-15T23:23:18Z"
"CB1","C:\Users\Danha\Downloads\Organised Actuarial Past Papers\CB1\Sep23\IandF_CB1_202309_Examiner Report.pdf","resources/past-papers/raw/CB1/Sep23/IandF_CB1_202309_Examiner Report.pdf","CB1/Sep23/IandF_CB1_202309_Examiner Report.pdf",".pdf","102706","2C9E973FAB8D36E8BD90E103990CA3E8FFF190214883AF0B6D647EFC6152913C","2026-06-15T23:23:18Z"
"CB1","C:\Users\Danha\Downloads\Organised Actuarial Past Papers\CB1\Sep24\CB1_September 2024_Exam Paper.pdf","resources/past-papers/raw/CB1/Sep24/CB1_September 2024_Exam Paper.pdf","CB1/Sep24/CB1_September 2024_Exam Paper.pdf",".pdf","169048","360BCFF1376CA74089B2FC48830A61FAAB192705420D10E7C13A85C190A8FDE7","2026-06-15T23:23:18Z"
"CB1","C:\Users\Danha\Downloads\Organised Actuarial Past Papers\CB1\Sep24\CB1_September 2024_Examiner Report.pdf","resources/past-papers/raw/CB1/Sep24/CB1_September 2024_Examiner Report.pdf","CB1/Sep24/CB1_September 2024_Examiner Report.pdf",".pdf","314967","1EBF83A6B4009ADF22AE19E94128BEBA5F613306E41F7DF7CC1DF63965011BDD","2026-06-15T23:23:18Z"
"CB1","C:\Users\Danha\Downloads\Organised Actuarial Past Papers\CB1\Sep25\CB1_Sept 2025_Exam.pdf","resources/past-papers/raw/CB1/Sep25/CB1_Sept 2025_Exam.pdf","CB1/Sep25/CB1_Sept 2025_Exam.pdf",".pdf","187200","E97EB5222FB2F552BDCC3F4FB9AE26895BF8D0FB2055F7C97E3D4C1549DC0A31","2026-06-15T23:23:18Z"
"CB2","C:\Users\Danha\Downloads\Organised Actuarial Past Papers\CB2\Apr21\CB2_121_EXAM.pdf","resources/past-papers/raw/CB2/Apr21/CB2_121_EXAM.pdf","CB2/Apr21/CB2_121_EXAM.pdf",".pdf","220047","70116BFBD42B23E16C8176B6828A048E3E6D75D5BAC2BCE1F39D0A844B87C2DC","2026-06-15T23:23:18Z"
"CB2","C:\Users\Danha\Downloads\Organised Actuarial Past Papers\CB2\Apr21\landF_CB2_202104_Examiners_Report.pdf","resources/past-papers/raw/CB2/Apr21/landF_CB2_202104_Examiners_Report.pdf","CB2/Apr21/landF_CB2_202104_Examiners_Report.pdf",".pdf","62522","D5F1E26E7C6861BC6C426676E1140CCC7D83EAD75EE911F9260C7872528A61EB","2026-06-15T23:23:18Z"
"CB2","C:\Users\Danha\Downloads\Organised Actuarial Past Papers\CB2\Apr22\CB2_April22_EXAM_Clean Proof.pdf","resources/past-papers/raw/CB2/Apr22/CB2_April22_EXAM_Clean Proof.pdf","CB2/Apr22/CB2_April22_EXAM_Clean Proof.pdf",".pdf","228801","358C3F727D73FA435ECBCBC55E70A1293B1426F053F7F79C8F186AF2CDBABD6D","2026-06-15T23:23:18Z"
"CB2","C:\Users\Danha\Downloads\Organised Actuarial Past Papers\CB2\Apr22\IandF_CB2_202204_Examiner Report.pdf","resources/past-papers/raw/CB2/Apr22/IandF_CB2_202204_Examiner Report.pdf","CB2/Apr22/IandF_CB2_202204_Examiner Report.pdf",".pdf","290302","48897BFDF076A61208C4CB61E1FC31D163171657582B74C90DAD0389537270A5","2026-06-15T23:23:18Z"
"CB2","C:\Users\Danha\Downloads\Organised Actuarial Past Papers\CB2\Apr23\CB2_April23_EXAM_Clean Proof.pdf","resources/past-papers/raw/CB2/Apr23/CB2_April23_EXAM_Clean Proof.pdf","CB2/Apr23/CB2_April23_EXAM_Clean Proof.pdf",".pdf","175334","0E4378A494606270171E75F9CF60E7910B3C0884A54891AA83AA7FAA3659A27B","2026-06-15T23:23:18Z"
"CB2","C:\Users\Danha\Downloads\Organised Actuarial Past Papers\CB2\Apr23\IandF_CB2_202304_Examiner Report.pdf","resources/past-papers/raw/CB2/Apr23/IandF_CB2_202304_Examiner Report.pdf","CB2/Apr23/IandF_CB2_202304_Examiner Report.pdf",".pdf","116760","9AC38F25FC7724C91466A9E7C8DCCAF7FAF45C5AD4C2EA9D283FB420F2952529","2026-06-15T23:23:18Z"
"CB2","C:\Users\Danha\Downloads\Organised Actuarial Past Papers\CB2\Apr24\CB2_April 2024_Examiner Report.pdf","resources/past-papers/raw/CB2/Apr24/CB2_April 2024_Examiner Report.pdf","CB2/Apr24/CB2_April 2024_Examiner Report.pdf",".pdf","302897","442B980899CAAFB57BA269F5DB50987E765D97CD09FDD02BC657BCD4998B83CC","2026-06-15T23:23:18Z"
"CB2","C:\Users\Danha\Downloads\Organised Actuarial Past Papers\CB2\Apr24\CB2_April_2024_Exam_Paper.pdf","resources/past-papers/raw/CB2/Apr24/CB2_April_2024_Exam_Paper.pdf","CB2/Apr24/CB2_April_2024_Exam_Paper.pdf",".pdf","214459","209924A65491DCE66A9CFC2DFD61B72C4B067D405BC91C08EFDEA14DBB20E9E5","2026-06-15T23:23:18Z"
"CB2","C:\Users\Danha\Downloads\Organised Actuarial Past Papers\CB2\Apr25\CB2_April2025_Exam Paper.pdf","resources/past-papers/raw/CB2/Apr25/CB2_April2025_Exam Paper.pdf","CB2/Apr25/CB2_April2025_Exam Paper.pdf",".pdf","227939","F3BE8AE10FA4BB16EC54A174929E90F598F935F69B0F3D1A721991250D4E9573","2026-06-15T23:23:18Z"
"CB2","C:\Users\Danha\Downloads\Organised Actuarial Past Papers\CB2\Apr25\CB2_April2025_Examiners' Report.pdf","resources/past-papers/raw/CB2/Apr25/CB2_April2025_Examiners' Report.pdf","CB2/Apr25/CB2_April2025_Examiners' Report.pdf",".pdf","644512","99D8E89FCC8C605286070F3B1AB92ABD5265FDA5DA493778FE247497D64E001E","2026-06-15T23:23:18Z"
"CB2","C:\Users\Danha\Downloads\Organised Actuarial Past Papers\CB2\Sep20\IandF_CB2_202009_Examiners_Report.pdf","resources/past-papers/raw/CB2/Sep20/IandF_CB2_202009_Examiners_Report.pdf","CB2/Sep20/IandF_CB2_202009_Examiners_Report.pdf",".pdf","70260","EB98957318B532D672A2FF2A2F6FFE93FE36F2ADCFA33B135AD1270A7E05B8B8","2026-06-15T23:23:18Z"
"CB2","C:\Users\Danha\Downloads\Organised Actuarial Past Papers\CB2\Sep20\IandF_CB2_202009_ExamPaper.pdf","resources/past-papers/raw/CB2/Sep20/IandF_CB2_202009_ExamPaper.pdf","CB2/Sep20/IandF_CB2_202009_ExamPaper.pdf",".pdf","262839","EE66FBB2E45CFA82BAFCE805C265CAAEC53AE1B9956D2AC70508ED3633087415","2026-06-15T23:23:18Z"
"CB2","C:\Users\Danha\Downloads\Organised Actuarial Past Papers\CB2\Sep21\CB2_221_EXAM_Clean Proof.pdf","resources/past-papers/raw/CB2/Sep21/CB2_221_EXAM_Clean Proof.pdf","CB2/Sep21/CB2_221_EXAM_Clean Proof.pdf",".pdf","241695","CE88C544A9253DC89FD8D660B58239015E3A43AE34C164E4ADFC87A8C19232A6","2026-06-15T23:23:18Z"
"CB2","C:\Users\Danha\Downloads\Organised Actuarial Past Papers\CB2\Sep21\IandF_CB2_202109_Examiner Report.pdf","resources/past-papers/raw/CB2/Sep21/IandF_CB2_202109_Examiner Report.pdf","CB2/Sep21/IandF_CB2_202109_Examiner Report.pdf",".pdf","80425","03EF2AB319AD0E1FCE99E4341D42C259208D82EAEC0AE3BE38D0133506A29800","2026-06-15T23:23:18Z"
"CB2","C:\Users\Danha\Downloads\Organised Actuarial Past Papers\CB2\Sep22\CB2_September22_EXAM.pdf","resources/past-papers/raw/CB2/Sep22/CB2_September22_EXAM.pdf","CB2/Sep22/CB2_September22_EXAM.pdf",".pdf","223059","65BCFDF58FDCC28EF713A50940BD5F16BC634F6F9F4DDEA0B0B8ECDB0E52601A","2026-06-15T23:23:18Z"
"CB2","C:\Users\Danha\Downloads\Organised Actuarial Past Papers\CB2\Sep22\IandF_CB2_202209_Examiner Report.pdf","resources/past-papers/raw/CB2/Sep22/IandF_CB2_202209_Examiner Report.pdf","CB2/Sep22/IandF_CB2_202209_Examiner Report.pdf",".pdf","101101","7A73F01C4854FFC640E03D585E5C711F36A2333A5956A628E6478C15DC87BB9C","2026-06-15T23:23:18Z"
"CB2","C:\Users\Danha\Downloads\Organised Actuarial Past Papers\CB2\Sep23\CB2_September23_EXAM_Clean Proof.pdf","resources/past-papers/raw/CB2/Sep23/CB2_September23_EXAM_Clean Proof.pdf","CB2/Sep23/CB2_September23_EXAM_Clean Proof.pdf",".pdf","294160","859776873CD56F60E8A68B5B1E8F168D7EBD9D41F537D8799A97C7E4B9C53217","2026-06-15T23:23:18Z"
"CB2","C:\Users\Danha\Downloads\Organised Actuarial Past Papers\CB2\Sep23\IandF_CB2_202309_Examiner Report.pdf","resources/past-papers/raw/CB2/Sep23/IandF_CB2_202309_Examiner Report.pdf","CB2/Sep23/IandF_CB2_202309_Examiner Report.pdf",".pdf","132246","DBD21B0600A61823D9AD394BDD84FD799D555F80BCD729AD2837024BDA1F6F08","2026-06-15T23:23:18Z"
"CB2","C:\Users\Danha\Downloads\Organised Actuarial Past Papers\CB2\Sep24\CB2_September 2024_Exam Paper.pdf","resources/past-papers/raw/CB2/Sep24/CB2_September 2024_Exam Paper.pdf","CB2/Sep24/CB2_September 2024_Exam Paper.pdf",".pdf","169879","AEBD89B66E3BBF048B327FA0E63D769EC373CD23C0C3AEB55AA88591CF9CCAAD","2026-06-15T23:23:18Z"
"CB2","C:\Users\Danha\Downloads\Organised Actuarial Past Papers\CB2\Sep24\CB2_September 2024_Examiner Report.pdf","resources/past-papers/raw/CB2/Sep24/CB2_September 2024_Examiner Report.pdf","CB2/Sep24/CB2_September 2024_Examiner Report.pdf",".pdf","317617","AB49977A5B8C32739CAC2313D69145ED3933F6699AA5D9D069A6D25A8F21EFF2","2026-06-15T23:23:18Z"
"CB2","C:\Users\Danha\Downloads\Organised Actuarial Past Papers\CB2\Sep25\CB2_Sept_2025_ Exam.pdf","resources/past-papers/raw/CB2/Sep25/CB2_Sept_2025_ Exam.pdf","CB2/Sep25/CB2_Sept_2025_ Exam.pdf",".pdf","244507","04A33507EE819B62C11DA31A6C81562C029A6F8E6E34FD0EDF8F8720FEF17546","2026-06-15T23:23:18Z"
"CM1","C:\Users\Danha\Downloads\Organised Actuarial Past Papers\CM1\CM1A\Apr21\CM1A_121_EXAM.pdf","resources/past-papers/raw/CM1/CM1A/Apr21/CM1A_121_EXAM.pdf","CM1/CM1A/Apr21/CM1A_121_EXAM.pdf",".pdf","262576","AEF76F486E90C5123C22394BCA0D7A5F1C3A707544E204BA696F317D560F8EA4","2026-06-15T23:23:18Z"
"CM1","C:\Users\Danha\Downloads\Organised Actuarial Past Papers\CM1\CM1A\Apr21\IandF_CM1_Paper A_202104_Examiners_Report.pdf","resources/past-papers/raw/CM1/CM1A/Apr21/IandF_CM1_Paper A_202104_Examiners_Report.pdf","CM1/CM1A/Apr21/IandF_CM1_Paper A_202104_Examiners_Report.pdf",".pdf","233729","CEBEBA97BA178A57B3DC221517371B0AA80E6FE03983807754A7515167A3631E","2026-06-15T23:23:18Z"
"CM1","C:\Users\Danha\Downloads\Organised Actuarial Past Papers\CM1\CM1A\Apr22\CM1A_April22_EXAM_Clean Proof.pdf","resources/past-papers/raw/CM1/CM1A/Apr22/CM1A_April22_EXAM_Clean Proof.pdf","CM1/CM1A/Apr22/CM1A_April22_EXAM_Clean Proof.pdf",".pdf","231226","2C5A735FA721EF91381185C1278CB976444F5EE719C49148D15181FE6309E8AB","2026-06-15T23:23:18Z"
"CM1","C:\Users\Danha\Downloads\Organised Actuarial Past Papers\CM1\CM1A\Apr22\IandF_CM1_Paper A_202204_Examiner Report.pdf","resources/past-papers/raw/CM1/CM1A/Apr22/IandF_CM1_Paper A_202204_Examiner Report.pdf","CM1/CM1A/Apr22/IandF_CM1_Paper A_202204_Examiner Report.pdf",".pdf","227357","5DDD1990BDBE7B0EFE5AB5BDA05E27B8E51C3B29564C12733D2F738A3B6D1E81","2026-06-15T23:23:18Z"
"CM1","C:\Users\Danha\Downloads\Organised Actuarial Past Papers\CM1\CM1A\Apr23\CM1A_April23_EXAM_Clean Proof.pdf","resources/past-papers/raw/CM1/CM1A/Apr23/CM1A_April23_EXAM_Clean Proof.pdf","CM1/CM1A/Apr23/CM1A_April23_EXAM_Clean Proof.pdf",".pdf","210586","EA12A170EDE1BF70A06BA2088E6CFFB8F730FD4AB27698EE4EA6BB75C8259CC7","2026-06-15T23:23:18Z"
"CM1","C:\Users\Danha\Downloads\Organised Actuarial Past Papers\CM1\CM1A\Apr23\IandF_CM1A_202304_Examiner report.pdf","resources/past-papers/raw/CM1/CM1A/Apr23/IandF_CM1A_202304_Examiner report.pdf","CM1/CM1A/Apr23/IandF_CM1A_202304_Examiner report.pdf",".pdf","218815","F6D3B4CF4FCB51C5971C73C1F4184E6C391DF9D69E1716539C1B4767E646BCE5","2026-06-15T23:23:18Z"
"CM1","C:\Users\Danha\Downloads\Organised Actuarial Past Papers\CM1\CM1A\Apr24\CM1A_April 2024_Examiner Report.pdf","resources/past-papers/raw/CM1/CM1A/Apr24/CM1A_April 2024_Examiner Report.pdf","CM1/CM1A/Apr24/CM1A_April 2024_Examiner Report.pdf",".pdf","433050","6A38052B792EDB02DC706DA02C47E4F0D1B086ECFDB89DDAFDCD649533780BD8","2026-06-15T23:23:18Z"
"CM1","C:\Users\Danha\Downloads\Organised Actuarial Past Papers\CM1\CM1A\Apr24\CM1A_April_2024_Exam_Paper.pdf","resources/past-papers/raw/CM1/CM1A/Apr24/CM1A_April_2024_Exam_Paper.pdf","CM1/CM1A/Apr24/CM1A_April_2024_Exam_Paper.pdf",".pdf","250186","46DC756C4020005DA4C93CFBC237792E41EEF57CD11D0798803E4707ED666BF6","2026-06-15T23:23:18Z"
"CM1","C:\Users\Danha\Downloads\Organised Actuarial Past Papers\CM1\CM1A\Apr25\CM1A_ April2025_Exam Paper.pdf","resources/past-papers/raw/CM1/CM1A/Apr25/CM1A_ April2025_Exam Paper.pdf","CM1/CM1A/Apr25/CM1A_ April2025_Exam Paper.pdf",".pdf","243741","209AFB1CF72E2A1B684A06A7B12D163CFE482E0D5D8768909C7B1A82F01C1A25","2026-06-15T23:23:18Z"
"CM1","C:\Users\Danha\Downloads\Organised Actuarial Past Papers\CM1\CM1A\Apr25\CM1A_ April2025_Examiners' Report.pdf","resources/past-papers/raw/CM1/CM1A/Apr25/CM1A_ April2025_Examiners' Report.pdf","CM1/CM1A/Apr25/CM1A_ April2025_Examiners' Report.pdf",".pdf","1065035","95BC67BF699E361A6B488E1A03C0CAB772C28F4629BB8067C1FFEF7546A39D69","2026-06-15T23:23:18Z"
"CM1","C:\Users\Danha\Downloads\Organised Actuarial Past Papers\CM1\CM1A\Sep20\IandF_CM1A_202009_Examiners_Report.pdf","resources/past-papers/raw/CM1/CM1A/Sep20/IandF_CM1A_202009_Examiners_Report.pdf","CM1/CM1A/Sep20/IandF_CM1A_202009_Examiners_Report.pdf",".pdf","219749","398991DB58AB97BCC2313CD8A34003E11DD12A132D2BB2E8DD776BFF4711711C","2026-06-15T23:23:18Z"
"CM1","C:\Users\Danha\Downloads\Organised Actuarial Past Papers\CM1\CM1A\Sep20\IandF_CM1A_202009_ExamPaper.pdf","resources/past-papers/raw/CM1/CM1A/Sep20/IandF_CM1A_202009_ExamPaper.pdf","CM1/CM1A/Sep20/IandF_CM1A_202009_ExamPaper.pdf",".pdf","300925","B847366AA883A31BD5C6CDFD0A17BEABF842C24107532A9DA77DBE25D8879118","2026-06-15T23:23:18Z"
"CM1","C:\Users\Danha\Downloads\Organised Actuarial Past Papers\CM1\CM1A\Sep21\CM1A_221_EXAM_Final Clean.pdf","resources/past-papers/raw/CM1/CM1A/Sep21/CM1A_221_EXAM_Final Clean.pdf","CM1/CM1A/Sep21/CM1A_221_EXAM_Final Clean.pdf",".pdf","529701","55074C0191498C2BB078EF4DAADF80E3891C02ABBE77B12A06572680E954F7D6","2026-06-15T23:23:18Z"
"CM1","C:\Users\Danha\Downloads\Organised Actuarial Past Papers\CM1\CM1A\Sep21\IandF_CM1_Paper A_202109_Examiner Report.pdf","resources/past-papers/raw/CM1/CM1A/Sep21/IandF_CM1_Paper A_202109_Examiner Report.pdf","CM1/CM1A/Sep21/IandF_CM1_Paper A_202109_Examiner Report.pdf",".pdf","213311","F18C1FEEDCA9DF32BAA09544220C27B7BBD23961C1FFBFDD923C32DC7D5AD33B","2026-06-15T23:23:18Z"
"CM1","C:\Users\Danha\Downloads\Organised Actuarial Past Papers\CM1\CM1A\Sep22\CM1A_September22_EXAM.pdf","resources/past-papers/raw/CM1/CM1A/Sep22/CM1A_September22_EXAM.pdf","CM1/CM1A/Sep22/CM1A_September22_EXAM.pdf",".pdf","240640","D8CA315DA2B842BB32B1688A5EF969C818BDB2E376CFB58017EF5095D0207889","2026-06-15T23:23:18Z"
"CM1","C:\Users\Danha\Downloads\Organised Actuarial Past Papers\CM1\CM1A\Sep22\IandF_CM1A_202209_Examiner Report.pdf","resources/past-papers/raw/CM1/CM1A/Sep22/IandF_CM1A_202209_Examiner Report.pdf","CM1/CM1A/Sep22/IandF_CM1A_202209_Examiner Report.pdf",".pdf","316340","3EA65EA0E73D4BFA85D710AEAC363399B6C68A333CCDFB3F146CE12ED817CCBE","2026-06-15T23:23:18Z"
"CM1","C:\Users\Danha\Downloads\Organised Actuarial Past Papers\CM1\CM1A\Sep23\CM1A_September23_Clean Proof.pdf","resources/past-papers/raw/CM1/CM1A/Sep23/CM1A_September23_Clean Proof.pdf","CM1/CM1A/Sep23/CM1A_September23_Clean Proof.pdf",".pdf","223040","6CDDDD293D5E32E6DC0B64BC1D2C12655929BEDE8FCB3B71E483641A8E980843","2026-06-15T23:23:18Z"
"CM1","C:\Users\Danha\Downloads\Organised Actuarial Past Papers\CM1\CM1A\Sep23\IandF_CM1A_202309_Examiner Report.pdf","resources/past-papers/raw/CM1/CM1A/Sep23/IandF_CM1A_202309_Examiner Report.pdf","CM1/CM1A/Sep23/IandF_CM1A_202309_Examiner Report.pdf",".pdf","215248","32EAC6149AA595EA570B8BCE791CA2AE84DF5BB020724448504533B44442E857","2026-06-15T23:23:18Z"
"CM1","C:\Users\Danha\Downloads\Organised Actuarial Past Papers\CM1\CM1A\Sep24\CM1A_September 2024_Exam Paper.pdf","resources/past-papers/raw/CM1/CM1A/Sep24/CM1A_September 2024_Exam Paper.pdf","CM1/CM1A/Sep24/CM1A_September 2024_Exam Paper.pdf",".pdf","208024","9044FC65711795D80C7E7009AD9B49D15B585FBF2399F90A41C60C9A723723F7","2026-06-15T23:23:18Z"
"CM1","C:\Users\Danha\Downloads\Organised Actuarial Past Papers\CM1\CM1A\Sep24\CM1A_September 2024_Examiner Report.pdf","resources/past-papers/raw/CM1/CM1A/Sep24/CM1A_September 2024_Examiner Report.pdf","CM1/CM1A/Sep24/CM1A_September 2024_Examiner Report.pdf",".pdf","453902","ED7A21CCE3C3D03F1560D642DC4D530C9E845D2573A6C53F1DA487E0AAD7AEF5","2026-06-15T23:23:18Z"
"CM1","C:\Users\Danha\Downloads\Organised Actuarial Past Papers\CM1\CM1A\Sep25\CM1A_Sept 2025_Exam.pdf","resources/past-papers/raw/CM1/CM1A/Sep25/CM1A_Sept 2025_Exam.pdf","CM1/CM1A/Sep25/CM1A_Sept 2025_Exam.pdf",".pdf","264163","9C25A36143B1A6A7F04E4C6C6E7DB44A1958F828123EB1AC961BF32D43A8984A","2026-06-15T23:23:18Z"
"CM1","C:\Users\Danha\Downloads\Organised Actuarial Past Papers\CM1\CM1B\Apr21\CM1B_121_EXAM.pdf","resources/past-papers/raw/CM1/CM1B/Apr21/CM1B_121_EXAM.pdf","CM1/CM1B/Apr21/CM1B_121_EXAM.pdf",".pdf","147042","8EB7849944614C7EE3B775DD0BDF2E775D33D52CDF5BE51B483A75D487732CC3","2026-06-15T23:23:18Z"
"CM1","C:\Users\Danha\Downloads\Organised Actuarial Past Papers\CM1\CM1B\Apr21\CM1B_121_Solutions.xlsx","resources/past-papers/raw/CM1/CM1B/Apr21/CM1B_121_Solutions.xlsx","CM1/CM1B/Apr21/CM1B_121_Solutions.xlsx",".xlsx","88759","CBA8BB9E0D2BA05D6A7594AC5AB3175FEE8F618F4C3F546BBD09ADC2BF505239","2026-06-15T23:23:18Z"
"CM1","C:\Users\Danha\Downloads\Organised Actuarial Past Papers\CM1\CM1B\Apr21\CM1B_April 2021_AnswerSheet_Final.xlsx","resources/past-papers/raw/CM1/CM1B/Apr21/CM1B_April 2021_AnswerSheet_Final.xlsx","CM1/CM1B/Apr21/CM1B_April 2021_AnswerSheet_Final.xlsx",".xlsx","45717","7EB073B327D9406416A828496A2FF7FAB5FC84284D2EE5BD3B2CF43735ADC898","2026-06-15T23:23:18Z"
"CM1","C:\Users\Danha\Downloads\Organised Actuarial Past Papers\CM1\CM1B\Apr21\IandF_CM1_Paper B_202104_Examiners_Report.pdf","resources/past-papers/raw/CM1/CM1B/Apr21/IandF_CM1_Paper B_202104_Examiners_Report.pdf","CM1/CM1B/Apr21/IandF_CM1_Paper B_202104_Examiners_Report.pdf",".pdf","47172","B8EA12E40658DF10FEFB629113F419505783125CFEB0031DFB5C42624B52311A","2026-06-15T23:23:18Z"
"CM1","C:\Users\Danha\Downloads\Organised Actuarial Past Papers\CM1\CM1B\Apr22\CM1B_April2022_ANSWER_SHEET_Final.xlsx","resources/past-papers/raw/CM1/CM1B/Apr22/CM1B_April2022_ANSWER_SHEET_Final.xlsx","CM1/CM1B/Apr22/CM1B_April2022_ANSWER_SHEET_Final.xlsx",".xlsx","50972","8E4C730AA23C5EDBD56B10A8084563E91D82F1FE6A79BF34C0DB151D4B960A01","2026-06-15T23:23:18Z"
"CM1","C:\Users\Danha\Downloads\Organised Actuarial Past Papers\CM1\CM1B\Apr22\CM1B_April2022_MS_post_MM v4.xlsx","resources/past-papers/raw/CM1/CM1B/Apr22/CM1B_April2022_MS_post_MM v4.xlsx","CM1/CM1B/Apr22/CM1B_April2022_MS_post_MM v4.xlsx",".xlsx","482139","B7AFA0CC163A153FFFCDDD4B7F80DD8BACE3B720F4EF71DEE52DB4C306871158","2026-06-15T23:23:18Z"
"CM1","C:\Users\Danha\Downloads\Organised Actuarial Past Papers\CM1\CM1B\Apr22\CM1B_April22_EXAM_Clean Proof.pdf","resources/past-papers/raw/CM1/CM1B/Apr22/CM1B_April22_EXAM_Clean Proof.pdf","CM1/CM1B/Apr22/CM1B_April22_EXAM_Clean Proof.pdf",".pdf","174910","1A29B89B55C05B20B81C9D7DDAA507825DD41D21EC3854B6C4A78F603F20AA96","2026-06-15T23:23:18Z"
"CM1","C:\Users\Danha\Downloads\Organised Actuarial Past Papers\CM1\CM1B\Apr22\IandF_CM1_Paper B_202204_Examiner Report.pdf","resources/past-papers/raw/CM1/CM1B/Apr22/IandF_CM1_Paper B_202204_Examiner Report.pdf","CM1/CM1B/Apr22/IandF_CM1_Paper B_202204_Examiner Report.pdf",".pdf","52000","00A9F24788DE82682EC7D1424737604B03210F9CC39F3B20EE0C90725473091F","2026-06-15T23:23:18Z"
"CM1","C:\Users\Danha\Downloads\Organised Actuarial Past Papers\CM1\CM1B\Apr23\CM1B_April 2023_MS Final.xlsx","resources/past-papers/raw/CM1/CM1B/Apr23/CM1B_April 2023_MS Final.xlsx","CM1/CM1B/Apr23/CM1B_April 2023_MS Final.xlsx",".xlsx","82624","BE499EE259E844B41D45C41F9F1A72DD75CA5C0B6266733F7E4FDD7DF5C70B7E","2026-06-15T23:23:18Z"
"CM1","C:\Users\Danha\Downloads\Organised Actuarial Past Papers\CM1\CM1B\Apr23\CM1B_April23_Candidate workbook.xlsx","resources/past-papers/raw/CM1/CM1B/Apr23/CM1B_April23_Candidate workbook.xlsx","CM1/CM1B/Apr23/CM1B_April23_Candidate workbook.xlsx",".xlsx","43920","D5B95FE9B8FB132221843AC21DBDF0B1D5518276B07B061761AD4AAACE36DB77","2026-06-15T23:23:18Z"
"CM1","C:\Users\Danha\Downloads\Organised Actuarial Past Papers\CM1\CM1B\Apr23\CM1B_April23_EXAM_Clean Proof.pdf","resources/past-papers/raw/CM1/CM1B/Apr23/CM1B_April23_EXAM_Clean Proof.pdf","CM1/CM1B/Apr23/CM1B_April23_EXAM_Clean Proof.pdf",".pdf","138081","6AB7ACB0FBCF0DCB5699A140EF44AD6AC87C637E404C184BD37F5387CC26A517","2026-06-15T23:23:18Z"
"CM1","C:\Users\Danha\Downloads\Organised Actuarial Past Papers\CM1\CM1B\Apr23\IandF_CM1B_202304_Examiner report.pdf","resources/past-papers/raw/CM1/CM1B/Apr23/IandF_CM1B_202304_Examiner report.pdf","CM1/CM1B/Apr23/IandF_CM1B_202304_Examiner report.pdf",".pdf","65826","8F3FF998D1D5DEBC1C9F04526096C9A46509B2E369870D147BAD459323C6CCE4","2026-06-15T23:23:18Z"
"CM1","C:\Users\Danha\Downloads\Organised Actuarial Past Papers\CM1\CM1B\Apr24\CM1B_April 2024_Examiner Report.pdf","resources/past-papers/raw/CM1/CM1B/Apr24/CM1B_April 2024_Examiner Report.pdf","CM1/CM1B/Apr24/CM1B_April 2024_Examiner Report.pdf",".pdf","241538","617864796856799F8E3FB50857CE04F7E3CF8A3DE79EE030B8AC7A2794B84294","2026-06-15T23:23:18Z"
"CM1","C:\Users\Danha\Downloads\Organised Actuarial Past Papers\CM1\CM1B\Apr24\CM1B_April_2024_Answer_Booklet.xlsx","resources/past-papers/raw/CM1/CM1B/Apr24/CM1B_April_2024_Answer_Booklet.xlsx","CM1/CM1B/Apr24/CM1B_April_2024_Answer_Booklet.xlsx",".xlsx","43928","545E317C915C364664BFB61390F7A3D4D64A0F201E47E730A190A59741B44BC2","2026-06-15T23:23:18Z"
"CM1","C:\Users\Danha\Downloads\Organised Actuarial Past Papers\CM1\CM1B\Apr24\CM1B_April_2024_Exam_Paper.pdf","resources/past-papers/raw/CM1/CM1B/Apr24/CM1B_April_2024_Exam_Paper.pdf","CM1/CM1B/Apr24/CM1B_April_2024_Exam_Paper.pdf",".pdf","179901","52BD3D9F7CC586A35C8DC6F64E8675659C0A82822DFB2E69C1EAF24CC2F654E4","2026-06-15T23:23:18Z"
"CM1","C:\Users\Danha\Downloads\Organised Actuarial Past Papers\CM1\CM1B\Apr24\CM1B_April_2024_Excel Solution.xlsx","resources/past-papers/raw/CM1/CM1B/Apr24/CM1B_April_2024_Excel Solution.xlsx","CM1/CM1B/Apr24/CM1B_April_2024_Excel Solution.xlsx",".xlsx","76069","54253F06A7D127B4699A84AAD25282BA4E8F769C403A206E7C878C6C520BA8B3","2026-06-15T23:23:18Z"
"CM1","C:\Users\Danha\Downloads\Organised Actuarial Past Papers\CM1\CM1B\Apr25\CM1B_April 2025_Answer Booklet.xlsx","resources/past-papers/raw/CM1/CM1B/Apr25/CM1B_April 2025_Answer Booklet.xlsx","CM1/CM1B/Apr25/CM1B_April 2025_Answer Booklet.xlsx",".xlsx","52480","AA86AD7E0227EEFD87344DE921A17D0990D61338EEF43759FDF7E6DA6A4F7B28","2026-06-15T23:23:18Z"
"CM1","C:\Users\Danha\Downloads\Organised Actuarial Past Papers\CM1\CM1B\Apr25\CM1B_April 2025_Excel Solutions.xlsx","resources/past-papers/raw/CM1/CM1B/Apr25/CM1B_April 2025_Excel Solutions.xlsx","CM1/CM1B/Apr25/CM1B_April 2025_Excel Solutions.xlsx",".xlsx","93668","7DA3B0C5B70233119DE2D2B833465224B72EF6279E0A88D95DA71C79921E87FE","2026-06-15T23:23:18Z"
"CM1","C:\Users\Danha\Downloads\Organised Actuarial Past Papers\CM1\CM1B\Apr25\CM1B_April2025_Exam Paper.pdf","resources/past-papers/raw/CM1/CM1B/Apr25/CM1B_April2025_Exam Paper.pdf","CM1/CM1B/Apr25/CM1B_April2025_Exam Paper.pdf",".pdf","159984","13551DD34964B8706784CB6425A6505CAE88B64B858B7FDB4D8F9EFBD0FC485A","2026-06-15T23:23:18Z"
"CM1","C:\Users\Danha\Downloads\Organised Actuarial Past Papers\CM1\CM1B\Apr25\CM1B_April2025_Examiners' Report.pdf","resources/past-papers/raw/CM1/CM1B/Apr25/CM1B_April2025_Examiners' Report.pdf","CM1/CM1B/Apr25/CM1B_April2025_Examiners' Report.pdf",".pdf","715877","68CE879E866F7B68ADFF8AEDA53DA29D6B57019FEA7ED29350D26F8C05A10A28","2026-06-15T23:23:18Z"
"CM1","C:\Users\Danha\Downloads\Organised Actuarial Past Papers\CM1\CM1B\Sep20\IandF_CM1B_202009_Examiners_Report.pdf","resources/past-papers/raw/CM1/CM1B/Sep20/IandF_CM1B_202009_Examiners_Report.pdf","CM1/CM1B/Sep20/IandF_CM1B_202009_Examiners_Report.pdf",".pdf","67813","9469C5BBB7FEECC2362050CC863BA4D5F0522EF0BB2CC4653AF85CCEE73A12F6","2026-06-15T23:23:18Z"
"CM1","C:\Users\Danha\Downloads\Organised Actuarial Past Papers\CM1\CM1B\Sep20\IandF_CM1B_202009_ExamPaper.pdf","resources/past-papers/raw/CM1/CM1B/Sep20/IandF_CM1B_202009_ExamPaper.pdf","CM1/CM1B/Sep20/IandF_CM1B_202009_ExamPaper.pdf",".pdf","223083","0EDA11A2B553B4CBE44D77523E3877E9696B679AA30859C8E1539B4D68D1BE5A","2026-06-15T23:23:18Z"
"CM1","C:\Users\Danha\Downloads\Organised Actuarial Past Papers\CM1\CM1B\Sep20\IandF_CM1B_202009_Solutions.XLSX","resources/past-papers/raw/CM1/CM1B/Sep20/IandF_CM1B_202009_Solutions.XLSX","CM1/CM1B/Sep20/IandF_CM1B_202009_Solutions.XLSX",".xlsx","467561","C5F9CE349415912983FF1D756BD9F508E544EC1F2A51DA081F985BFFD2D1D766","2026-06-15T23:23:18Z"
"CM1","C:\Users\Danha\Downloads\Organised Actuarial Past Papers\CM1\CM1B\Sep20\Sept 2020_CM1B_Answer_Sheet Final 20200226.xlsx","resources/past-papers/raw/CM1/CM1B/Sep20/Sept 2020_CM1B_Answer_Sheet Final 20200226.xlsx","CM1/CM1B/Sep20/Sept 2020_CM1B_Answer_Sheet Final 20200226.xlsx",".xlsx","79122","24E39A691F73EE48E74916BB672C9B09C26DAD0EDD8EECEE1F24AF94A0D063BB","2026-06-15T23:23:18Z"
"CM1","C:\Users\Danha\Downloads\Organised Actuarial Past Papers\CM1\CM1B\Sep21\CM1B_221_EXAM_Final Clean Proof.pdf","resources/past-papers/raw/CM1/CM1B/Sep21/CM1B_221_EXAM_Final Clean Proof.pdf","CM1/CM1B/Sep21/CM1B_221_EXAM_Final Clean Proof.pdf",".pdf","197782","914A90E9CC4D8C7BC8025C47E0321F5E6321774ED33616E23F0D0363A1C1C99E","2026-06-15T23:23:18Z"
"CM1","C:\Users\Danha\Downloads\Organised Actuarial Past Papers\CM1\CM1B\Sep21\CM1B_221_Solution.xlsx","resources/past-papers/raw/CM1/CM1B/Sep21/CM1B_221_Solution.xlsx","CM1/CM1B/Sep21/CM1B_221_Solution.xlsx",".xlsx","159128","A448E95F99656CA7565366640E71AD2DE9662769EBEA9FA8A96BD7FDD5FF3A54","2026-06-15T23:23:18Z"
"CM1","C:\Users\Danha\Downloads\Organised Actuarial Past Papers\CM1\CM1B\Sep21\CM1B_221_Workbook.xlsx","resources/past-papers/raw/CM1/CM1B/Sep21/CM1B_221_Workbook.xlsx","CM1/CM1B/Sep21/CM1B_221_Workbook.xlsx",".xlsx","47594","83E14583A9B98500BB64DC65CCC0FAFD1FAEAE4FA68A7E914ADE52B8B4A1C420","2026-06-15T23:23:18Z"
"CM1","C:\Users\Danha\Downloads\Organised Actuarial Past Papers\CM1\CM1B\Sep21\IandF_CM1_Paper B_202109_Examiner Report.pdf","resources/past-papers/raw/CM1/CM1B/Sep21/IandF_CM1_Paper B_202109_Examiner Report.pdf","CM1/CM1B/Sep21/IandF_CM1_Paper B_202109_Examiner Report.pdf",".pdf","42775","5405CAFCB728E5F5CD88A4CD5CCB834CAE564B785B06F8D382D1ACB9B48CBCA5","2026-06-15T23:23:18Z"
"CM1","C:\Users\Danha\Downloads\Organised Actuarial Past Papers\CM1\CM1B\Sep22\CM1B_Sept22_Answer Sheet_Final.xlsx","resources/past-papers/raw/CM1/CM1B/Sep22/CM1B_Sept22_Answer Sheet_Final.xlsx","CM1/CM1B/Sep22/CM1B_Sept22_Answer Sheet_Final.xlsx",".xlsx","34458","34CE59CA650AFB16A251D5BAAA465C865872CC61114C4823FEC4131ABD40DD1D","2026-06-15T23:23:18Z"
"CM1","C:\Users\Danha\Downloads\Organised Actuarial Past Papers\CM1\CM1B\Sep22\CM1B_Sept22_MS.xlsx","resources/past-papers/raw/CM1/CM1B/Sep22/CM1B_Sept22_MS.xlsx","CM1/CM1B/Sep22/CM1B_Sept22_MS.xlsx",".xlsx","115776","C4A1C1B754053D5D3AC90BC3BDC5DA3AE9CB1174DEA1106A842E6965168B318A","2026-06-15T23:23:18Z"
"CM1","C:\Users\Danha\Downloads\Organised Actuarial Past Papers\CM1\CM1B\Sep22\CM1B_September22_EXAM.pdf","resources/past-papers/raw/CM1/CM1B/Sep22/CM1B_September22_EXAM.pdf","CM1/CM1B/Sep22/CM1B_September22_EXAM.pdf",".pdf","177983","423701BE64E275E87B39D518881C5BD0B26590D243B9C76D6D11D17A60106D39","2026-06-15T23:23:18Z"
"CM1","C:\Users\Danha\Downloads\Organised Actuarial Past Papers\CM1\CM1B\Sep22\IandF_CM1B_202209_Examiner Report.pdf","resources/past-papers/raw/CM1/CM1B/Sep22/IandF_CM1B_202209_Examiner Report.pdf","CM1/CM1B/Sep22/IandF_CM1B_202209_Examiner Report.pdf",".pdf","72551","929882AB51805068E8E74C386DB3FEC23F6FFEFF691A26050E24D06759E435C3","2026-06-15T23:23:18Z"
"CM1","C:\Users\Danha\Downloads\Organised Actuarial Past Papers\CM1\CM1B\Sep23\CM1B_Sept23_Candidate workbook.xlsx","resources/past-papers/raw/CM1/CM1B/Sep23/CM1B_Sept23_Candidate workbook.xlsx","CM1/CM1B/Sep23/CM1B_Sept23_Candidate workbook.xlsx",".xlsx","28467","2321772F6C6951C1BFDEB066BE2726ECA1116AF3C5CB4B13554674EEEBF249C1","2026-06-15T23:23:18Z"
"CM1","C:\Users\Danha\Downloads\Organised Actuarial Past Papers\CM1\CM1B\Sep23\CM1B_Sept23_Excel_Solution.xlsx","resources/past-papers/raw/CM1/CM1B/Sep23/CM1B_Sept23_Excel_Solution.xlsx","CM1/CM1B/Sep23/CM1B_Sept23_Excel_Solution.xlsx",".xlsx","112540","2CCF4EFC516FACF1C6F6D9B3D2EDF63B1A04D57868EA2CFA4F3EF9C38813AF33","2026-06-15T23:23:18Z"
"CM1","C:\Users\Danha\Downloads\Organised Actuarial Past Papers\CM1\CM1B\Sep23\CM1B_September23_EXAM_Clean Proof.pdf","resources/past-papers/raw/CM1/CM1B/Sep23/CM1B_September23_EXAM_Clean Proof.pdf","CM1/CM1B/Sep23/CM1B_September23_EXAM_Clean Proof.pdf",".pdf","196024","7311AA2AF6481A370220F7CE7D5B0ADB244969EBAB22A532018919BDAE2B1B4A","2026-06-15T23:23:18Z"
"CM1","C:\Users\Danha\Downloads\Organised Actuarial Past Papers\CM1\CM1B\Sep23\IandF_CM1B_202309_Examiner Report.pdf","resources/past-papers/raw/CM1/CM1B/Sep23/IandF_CM1B_202309_Examiner Report.pdf","CM1/CM1B/Sep23/IandF_CM1B_202309_Examiner Report.pdf",".pdf","71552","F5734FEF0DBEFFAD2BCBA4F2459B38830BB0A184E03BC633BA008040F3EE461A","2026-06-15T23:23:18Z"
"CM1","C:\Users\Danha\Downloads\Organised Actuarial Past Papers\CM1\CM1B\Sep24\CM1B September 2024_Excel Solutions.xlsx","resources/past-papers/raw/CM1/CM1B/Sep24/CM1B September 2024_Excel Solutions.xlsx","CM1/CM1B/Sep24/CM1B September 2024_Excel Solutions.xlsx",".xlsx","122601","6222C64AF45C2BBABDADB8A5B93A8FB93810EA7C12F6F80BE2371FD14BF28413","2026-06-15T23:23:18Z"
"CM1","C:\Users\Danha\Downloads\Organised Actuarial Past Papers\CM1\CM1B\Sep24\CM1B_September 2024_Answer booklet.xlsx","resources/past-papers/raw/CM1/CM1B/Sep24/CM1B_September 2024_Answer booklet.xlsx","CM1/CM1B/Sep24/CM1B_September 2024_Answer booklet.xlsx",".xlsx","42017","178036E67F0B4FDAE83F4908F910E0AB1DD4F88B51EFF5FE9F00D0D2584EB12C","2026-06-15T23:23:18Z"
"CM1","C:\Users\Danha\Downloads\Organised Actuarial Past Papers\CM1\CM1B\Sep24\CM1B_September 2024_Exam Paper.pdf","resources/past-papers/raw/CM1/CM1B/Sep24/CM1B_September 2024_Exam Paper.pdf","CM1/CM1B/Sep24/CM1B_September 2024_Exam Paper.pdf",".pdf","156574","73317198F465A973E86A631E7AD4B101317E85BBD671E20FAB841990A1FC894C","2026-06-15T23:23:18Z"
"CM1","C:\Users\Danha\Downloads\Organised Actuarial Past Papers\CM1\CM1B\Sep24\CM1B_September 2024_Examiner Report.pdf","resources/past-papers/raw/CM1/CM1B/Sep24/CM1B_September 2024_Examiner Report.pdf","CM1/CM1B/Sep24/CM1B_September 2024_Examiner Report.pdf",".pdf","277696","147BB4C585152F853DA7E39E33ECE9967A65990798546E2902491AA13BF24C67","2026-06-15T23:23:18Z"
"CM1","C:\Users\Danha\Downloads\Organised Actuarial Past Papers\CM1\CM1B\Sep25\CM1B September Answer Booklet.xlsx","resources/past-papers/raw/CM1/CM1B/Sep25/CM1B September Answer Booklet.xlsx","CM1/CM1B/Sep25/CM1B September Answer Booklet.xlsx",".xlsx","43193","FE428DB491A675B33E42106FF55CA39B88705FFB1AFD747D50504FB8C9A2F2C2","2026-06-15T23:23:18Z"
"CM1","C:\Users\Danha\Downloads\Organised Actuarial Past Papers\CM1\CM1B\Sep25\CM1B_Sept 2025_Exam.pdf","resources/past-papers/raw/CM1/CM1B/Sep25/CM1B_Sept 2025_Exam.pdf","CM1/CM1B/Sep25/CM1B_Sept 2025_Exam.pdf",".pdf","176857","A87D9EDC51440956172578384EBDA1138A660D63EC559BAF9D8241995279AE5B","2026-06-15T23:23:18Z"
"CM2","C:\Users\Danha\Downloads\Organised Actuarial Past Papers\CM2\CM2A\Apr21\CM2A_121_EXAM.pdf","resources/past-papers/raw/CM2/CM2A/Apr21/CM2A_121_EXAM.pdf","CM2/CM2A/Apr21/CM2A_121_EXAM.pdf",".pdf","242628","B45BF2EE53BDE39637C80C95A5D4BD2B7C8C9E47AB6BBF59DEAF973D3990C8A1","2026-06-15T23:23:18Z"
"CM2","C:\Users\Danha\Downloads\Organised Actuarial Past Papers\CM2\CM2A\Apr21\IandF_CM2A_202104_Examiners_Report.pdf","resources/past-papers/raw/CM2/CM2A/Apr21/IandF_CM2A_202104_Examiners_Report.pdf","CM2/CM2A/Apr21/IandF_CM2A_202104_Examiners_Report.pdf",".pdf","236790","82817903648AC90921530E2B7E3CA00F8EAE71FB5E68DC72731AA4726C02945E","2026-06-15T23:23:18Z"
"CM2","C:\Users\Danha\Downloads\Organised Actuarial Past Papers\CM2\CM2A\Apr22\CM2A_April22_EXAM_Clean Proof.pdf","resources/past-papers/raw/CM2/CM2A/Apr22/CM2A_April22_EXAM_Clean Proof.pdf","CM2/CM2A/Apr22/CM2A_April22_EXAM_Clean Proof.pdf",".pdf","302732","8D4ACC6AD8038D97A32C2013D073EDAFA991D001BD444190C3D89375C7117695","2026-06-15T23:23:18Z"
"CM2","C:\Users\Danha\Downloads\Organised Actuarial Past Papers\CM2\CM2A\Apr22\landF_CM2A_202204_Examiner Report.pdf","resources/past-papers/raw/CM2/CM2A/Apr22/landF_CM2A_202204_Examiner Report.pdf","CM2/CM2A/Apr22/landF_CM2A_202204_Examiner Report.pdf",".pdf","185821","1C35F01E5AB536810F5F1C2A6D1E7CBA1269B53C797A7216EE088B7003FF53F3","2026-06-15T23:23:18Z"
"CM2","C:\Users\Danha\Downloads\Organised Actuarial Past Papers\CM2\CM2A\Apr23\CM2A_April23_EXAM_Final Clean Proof.pdf","resources/past-papers/raw/CM2/CM2A/Apr23/CM2A_April23_EXAM_Final Clean Proof.pdf","CM2/CM2A/Apr23/CM2A_April23_EXAM_Final Clean Proof.pdf",".pdf","256711","E97D111EE21718932E569F0208AE25D1BA4D4688FEB7667B662A9449985EC6DF","2026-06-15T23:23:18Z"
"CM2","C:\Users\Danha\Downloads\Organised Actuarial Past Papers\CM2\CM2A\Apr23\IandF_CM2A_202304_Examiner report.pdf","resources/past-papers/raw/CM2/CM2A/Apr23/IandF_CM2A_202304_Examiner report.pdf","CM2/CM2A/Apr23/IandF_CM2A_202304_Examiner report.pdf",".pdf","202886","6B9D2681F695A86EFE75BDBDC0142AC81EE8C62B2B68EAB78BFB14C167BB2DCC","2026-06-15T23:23:18Z"
"CM2","C:\Users\Danha\Downloads\Organised Actuarial Past Papers\CM2\CM2A\Apr24\CM2A_April 2024_Examiner Report.pdf","resources/past-papers/raw/CM2/CM2A/Apr24/CM2A_April 2024_Examiner Report.pdf","CM2/CM2A/Apr24/CM2A_April 2024_Examiner Report.pdf",".pdf","404144","E3694552004656DB48BCFFA9612098B59C478215D890A9F75C5B7B3817624895","2026-06-15T23:23:18Z"
"CM2","C:\Users\Danha\Downloads\Organised Actuarial Past Papers\CM2\CM2A\Apr24\CM2A_April_2024_Exam_Paper.pdf","resources/past-papers/raw/CM2/CM2A/Apr24/CM2A_April_2024_Exam_Paper.pdf","CM2/CM2A/Apr24/CM2A_April_2024_Exam_Paper.pdf",".pdf","223296","F8AF809C7A2E2C24234E87DDB8D85CE903CF1AADD54B13C8D37AECE2926F00CC","2026-06-15T23:23:18Z"
"CM2","C:\Users\Danha\Downloads\Organised Actuarial Past Papers\CM2\CM2A\Apr25\CM2A_April2025_Exam.pdf","resources/past-papers/raw/CM2/CM2A/Apr25/CM2A_April2025_Exam.pdf","CM2/CM2A/Apr25/CM2A_April2025_Exam.pdf",".pdf","222420","D72AEE306CD95C5D564D8B20E06B61AB0630FE42793FA65BB1D4953E100B990F","2026-06-15T23:23:18Z"
"CM2","C:\Users\Danha\Downloads\Organised Actuarial Past Papers\CM2\CM2A\Apr25\CM2A_April2025_Examiners' Report.pdf","resources/past-papers/raw/CM2/CM2A/Apr25/CM2A_April2025_Examiners' Report.pdf","CM2/CM2A/Apr25/CM2A_April2025_Examiners' Report.pdf",".pdf","799634","48E791FFC913567FAF10DF9625CE7EA4D69C2C4E703A407F9313389C9C59753E","2026-06-15T23:23:18Z"
"CM2","C:\Users\Danha\Downloads\Organised Actuarial Past Papers\CM2\CM2A\Sep20\IandF_CM2A_202009_Examiners_Report.docx","resources/past-papers/raw/CM2/CM2A/Sep20/IandF_CM2A_202009_Examiners_Report.docx","CM2/CM2A/Sep20/IandF_CM2A_202009_Examiners_Report.docx",".docx","83593","26AC5EDB5CFCD84656BF16414D50CF0C21BBE3615F41A8412BEE2F3FAA92A81A","2026-06-15T23:23:18Z"
"CM2","C:\Users\Danha\Downloads\Organised Actuarial Past Papers\CM2\CM2A\Sep20\IandF_CM2A_202009_ExamPaper.pdf","resources/past-papers/raw/CM2/CM2A/Sep20/IandF_CM2A_202009_ExamPaper.pdf","CM2/CM2A/Sep20/IandF_CM2A_202009_ExamPaper.pdf",".pdf","240629","19E054D6312E3FC3BDC793A8043E03C8B20A4930480F131282F262060893B16B","2026-06-15T23:23:18Z"
"CM2","C:\Users\Danha\Downloads\Organised Actuarial Past Papers\CM2\CM2A\Sep21\CM2A_221_EXAM_Clean Proof.pdf","resources/past-papers/raw/CM2/CM2A/Sep21/CM2A_221_EXAM_Clean Proof.pdf","CM2/CM2A/Sep21/CM2A_221_EXAM_Clean Proof.pdf",".pdf","302293","03C48E5726A0A35362419E5F9B4519300903CA9FE60E7472EF61BF03006F9F53","2026-06-15T23:23:18Z"
"CM2","C:\Users\Danha\Downloads\Organised Actuarial Past Papers\CM2\CM2A\Sep21\IandF_CM2A_202109_Examiner Report.pdf","resources/past-papers/raw/CM2/CM2A/Sep21/IandF_CM2A_202109_Examiner Report.pdf","CM2/CM2A/Sep21/IandF_CM2A_202109_Examiner Report.pdf",".pdf","186205","317708AD929F0E96586A293DA5295C5313FF5E3DB5E8A21765141618E3ACFE53","2026-06-15T23:23:18Z"
"CM2","C:\Users\Danha\Downloads\Organised Actuarial Past Papers\CM2\CM2A\Sep22\CM2A_September22_EXAM.pdf","resources/past-papers/raw/CM2/CM2A/Sep22/CM2A_September22_EXAM.pdf","CM2/CM2A/Sep22/CM2A_September22_EXAM.pdf",".pdf","268193","82D70309087DC384ACC37297FED8430D8D3B95B629F12C8F6FC938A615022A61","2026-06-15T23:23:18Z"
"CM2","C:\Users\Danha\Downloads\Organised Actuarial Past Papers\CM2\CM2A\Sep22\IandF_CM2A_202209_Examiner Report.pdf","resources/past-papers/raw/CM2/CM2A/Sep22/IandF_CM2A_202209_Examiner Report.pdf","CM2/CM2A/Sep22/IandF_CM2A_202209_Examiner Report.pdf",".pdf","280910","31653312C3DDBBC922ECFCC896874B371899CC39C89B479F916A6C8BDBCBEFED","2026-06-15T23:23:18Z"
"CM2","C:\Users\Danha\Downloads\Organised Actuarial Past Papers\CM2\CM2A\Sep23\CM2A_September23_EXAM_Clean Proof.pdf","resources/past-papers/raw/CM2/CM2A/Sep23/CM2A_September23_EXAM_Clean Proof.pdf","CM2/CM2A/Sep23/CM2A_September23_EXAM_Clean Proof.pdf",".pdf","267550","C4620587EF41B9F0D23B4CEE2E8A622AEC795995B8CC288C264A878845319E86","2026-06-15T23:23:18Z"
"CM2","C:\Users\Danha\Downloads\Organised Actuarial Past Papers\CM2\CM2A\Sep23\IandF_CM2A_202309_Examiner Report.pdf","resources/past-papers/raw/CM2/CM2A/Sep23/IandF_CM2A_202309_Examiner Report.pdf","CM2/CM2A/Sep23/IandF_CM2A_202309_Examiner Report.pdf",".pdf","229812","0667976C0AE4399BD32C19EDBA43EAC0400BB792B06BCC476427E7413D26021D","2026-06-15T23:23:18Z"
"CM2","C:\Users\Danha\Downloads\Organised Actuarial Past Papers\CM2\CM2A\Sep24\CM2A_September 2024_Exam Paper.pdf","resources/past-papers/raw/CM2/CM2A/Sep24/CM2A_September 2024_Exam Paper.pdf","CM2/CM2A/Sep24/CM2A_September 2024_Exam Paper.pdf",".pdf","227586","14AFD8673EA5FE106E5C174B85AA7B3D3C32365337408152A54B52B6DD4DA595","2026-06-15T23:23:18Z"
"CM2","C:\Users\Danha\Downloads\Organised Actuarial Past Papers\CM2\CM2A\Sep24\CM2A_September 2024_Examiner Report.pdf","resources/past-papers/raw/CM2/CM2A/Sep24/CM2A_September 2024_Examiner Report.pdf","CM2/CM2A/Sep24/CM2A_September 2024_Examiner Report.pdf",".pdf","396278","9779BB47FAC41ABDFB4535F32A8C86A1DB2802F863F1033459F278CF37AB3CFF","2026-06-15T23:23:18Z"
"CM2","C:\Users\Danha\Downloads\Organised Actuarial Past Papers\CM2\CM2A\Sep25\CM2A_Sept2025_Exam.pdf","resources/past-papers/raw/CM2/CM2A/Sep25/CM2A_Sept2025_Exam.pdf","CM2/CM2A/Sep25/CM2A_Sept2025_Exam.pdf",".pdf","306454","9F317B803479979383EBEC6C4DA467A9850121E5204B84CB2C6FDFE0D8B3A0CC","2026-06-15T23:23:18Z"
"CM2","C:\Users\Danha\Downloads\Organised Actuarial Past Papers\CM2\CM2B\Apr21\CM2B_121_EXAM.pdf","resources/past-papers/raw/CM2/CM2B/Apr21/CM2B_121_EXAM.pdf","CM2/CM2B/Apr21/CM2B_121_EXAM.pdf",".pdf","204232","5F50EA8C3E9F74B4B9F1E4B8DC141DB9AB504CE5228FF894133B6863E190A184","2026-06-15T23:23:18Z"
"CM2","C:\Users\Danha\Downloads\Organised Actuarial Past Papers\CM2\CM2B\Apr21\CM2B_121_Solutions_v5.xlsx","resources/past-papers/raw/CM2/CM2B/Apr21/CM2B_121_Solutions_v5.xlsx","CM2/CM2B/Apr21/CM2B_121_Solutions_v5.xlsx",".xlsx","161219","4BCA91561287804DA9B31C6755AF0F5312E0E545151B99C248E56DB85BD68559","2026-06-15T23:23:18Z"
"CM2","C:\Users\Danha\Downloads\Organised Actuarial Past Papers\CM2\CM2B\Apr21\IandF_CM2B_202104_Examiners_Report.pdf","resources/past-papers/raw/CM2/CM2B/Apr21/IandF_CM2B_202104_Examiners_Report.pdf","CM2/CM2B/Apr21/IandF_CM2B_202104_Examiners_Report.pdf",".pdf","43744","C4C445E23F0C8CC5AEF66922D146F1DB7ED34882D2EC096462948DECE6858BEF","2026-06-15T23:23:18Z"
"CM2","C:\Users\Danha\Downloads\Organised Actuarial Past Papers\CM2\CM2B\Apr22\CM2B April22 solutions.xlsx","resources/past-papers/raw/CM2/CM2B/Apr22/CM2B April22 solutions.xlsx","CM2/CM2B/Apr22/CM2B April22 solutions.xlsx",".xlsx","86380","7A2ABE0C917219B2D78D42308A6127D1B95C3F85C1DAA83BBEA17A84599A82FD","2026-06-15T23:23:18Z"
"CM2","C:\Users\Danha\Downloads\Organised Actuarial Past Papers\CM2\CM2B\Apr22\CM2B April22 workbook.xlsx","resources/past-papers/raw/CM2/CM2B/Apr22/CM2B April22 workbook.xlsx","CM2/CM2B/Apr22/CM2B April22 workbook.xlsx",".xlsx","42373","045E18E37EEDADA5AE732C1068D4F4AB00C38F65A622C94BF68121E568E58B8D","2026-06-15T23:23:18Z"
"CM2","C:\Users\Danha\Downloads\Organised Actuarial Past Papers\CM2\CM2B\Apr22\CM2B_April22_EXAM_Clean Proof.pdf","resources/past-papers/raw/CM2/CM2B/Apr22/CM2B_April22_EXAM_Clean Proof.pdf","CM2/CM2B/Apr22/CM2B_April22_EXAM_Clean Proof.pdf",".pdf","205419","F30118439BF34A79F9A373B6522210E600EDB48B8DA157C680AE2768B4E2F64A","2026-06-15T23:23:18Z"
"CM2","C:\Users\Danha\Downloads\Organised Actuarial Past Papers\CM2\CM2B\Apr22\landF_CM2B_202204_Examiner Report.pdf","resources/past-papers/raw/CM2/CM2B/Apr22/landF_CM2B_202204_Examiner Report.pdf","CM2/CM2B/Apr22/landF_CM2B_202204_Examiner Report.pdf",".pdf","42490","C35BFC4CCAA40144C5802DD9C8DA5C43EF1A96638C531E200EAE68AE1FCC3F24","2026-06-15T23:23:18Z"
"CM2","C:\Users\Danha\Downloads\Organised Actuarial Past Papers\CM2\CM2B\Apr23\CM2B 123 Candidate workbook.xlsx","resources/past-papers/raw/CM2/CM2B/Apr23/CM2B 123 Candidate workbook.xlsx","CM2/CM2B/Apr23/CM2B 123 Candidate workbook.xlsx",".xlsx","76605","4903241D3537060C443948029A911D2B95F874BADEE4451AB135A0D96BC435C5","2026-06-15T23:23:18Z"
"CM2","C:\Users\Danha\Downloads\Organised Actuarial Past Papers\CM2\CM2B\Apr23\CM2B 123 solutions.xlsx","resources/past-papers/raw/CM2/CM2B/Apr23/CM2B 123 solutions.xlsx","CM2/CM2B/Apr23/CM2B 123 solutions.xlsx",".xlsx","220736","D3DE3EF732F1CA2CA390168E1091709FA4B37183E5D02D9FA8CFC5A0E5A93B54","2026-06-15T23:23:18Z"
"CM2","C:\Users\Danha\Downloads\Organised Actuarial Past Papers\CM2\CM2B\Apr23\CM2B_April23_EXAM_Clean Proof.pdf","resources/past-papers/raw/CM2/CM2B/Apr23/CM2B_April23_EXAM_Clean Proof.pdf","CM2/CM2B/Apr23/CM2B_April23_EXAM_Clean Proof.pdf",".pdf","200824","9F5DCD5D0F26A5EFB6A32C60FF2DABFF32E751B66BF916F7568136B944BB572E","2026-06-15T23:23:18Z"
"CM2","C:\Users\Danha\Downloads\Organised Actuarial Past Papers\CM2\CM2B\Apr23\IandF_CM2B_202304_Examiner report.pdf","resources/past-papers/raw/CM2/CM2B/Apr23/IandF_CM2B_202304_Examiner report.pdf","CM2/CM2B/Apr23/IandF_CM2B_202304_Examiner report.pdf",".pdf","63521","848FAA8AE5F1190358267712C586D1BC7B588F53FAFCC909C4EB4D2CEA764715","2026-06-15T23:23:18Z"
"CM2","C:\Users\Danha\Downloads\Organised Actuarial Past Papers\CM2\CM2B\Apr24\CM2B_April 2024_Examiner Report.pdf","resources/past-papers/raw/CM2/CM2B/Apr24/CM2B_April 2024_Examiner Report.pdf","CM2/CM2B/Apr24/CM2B_April 2024_Examiner Report.pdf",".pdf","230830","7E4C1590FC353E9EF6AE196DEFA34F6DF92B66BD57771D5218C8F6BE1760307F","2026-06-15T23:23:18Z"
"CM2","C:\Users\Danha\Downloads\Organised Actuarial Past Papers\CM2\CM2B\Apr24\CM2B_April_2024_Exam_Paper.pdf","resources/past-papers/raw/CM2/CM2B/Apr24/CM2B_April_2024_Exam_Paper.pdf","CM2/CM2B/Apr24/CM2B_April_2024_Exam_Paper.pdf",".pdf","185823","B849A9B2067B3690F5507E03FF8392741C66688AF654830DE19B0CB27488D92C","2026-06-15T23:23:18Z"
"CM2","C:\Users\Danha\Downloads\Organised Actuarial Past Papers\CM2\CM2B\Apr24\CM2B_April_2024_Excel Solutions.xlsx","resources/past-papers/raw/CM2/CM2B/Apr24/CM2B_April_2024_Excel Solutions.xlsx","CM2/CM2B/Apr24/CM2B_April_2024_Excel Solutions.xlsx",".xlsx","565057","DF333CE1A6FFE9CDFA531D53DF5DE4026D10AADBEAACD00F150F74AE4F7E8A4C","2026-06-15T23:23:18Z"
"CM2","C:\Users\Danha\Downloads\Organised Actuarial Past Papers\CM2\CM2B\Apr24\CM2B_April_2024_Workbook.xlsx","resources/past-papers/raw/CM2/CM2B/Apr24/CM2B_April_2024_Workbook.xlsx","CM2/CM2B/Apr24/CM2B_April_2024_Workbook.xlsx",".xlsx","104359","00444D0124333AEAA2A4F1A2D40AB1F9C2B63660F98AFCC4EC81AE9DEFEAC286","2026-06-15T23:23:18Z"
"CM2","C:\Users\Danha\Downloads\Organised Actuarial Past Papers\CM2\CM2B\Apr25\CM2B_Apri2025_Exam Paper.pdf","resources/past-papers/raw/CM2/CM2B/Apr25/CM2B_Apri2025_Exam Paper.pdf","CM2/CM2B/Apr25/CM2B_Apri2025_Exam Paper.pdf",".pdf","229160","8D38D50C55246B4248F21E0A167F0F86BF15DA876661641058CA87C96CF4FA80","2026-06-15T23:23:18Z"
"CM2","C:\Users\Danha\Downloads\Organised Actuarial Past Papers\CM2\CM2B\Apr25\CM2B_April2025_Answer workbook.xlsx","resources/past-papers/raw/CM2/CM2B/Apr25/CM2B_April2025_Answer workbook.xlsx","CM2/CM2B/Apr25/CM2B_April2025_Answer workbook.xlsx",".xlsx","63166","2665DE4D463FBA7D50FA37983217AF3738C48BE29C73AE9A440A7FE0BAD0E521","2026-06-15T23:23:18Z"
"CM2","C:\Users\Danha\Downloads\Organised Actuarial Past Papers\CM2\CM2B\Apr25\CM2B_April2025_Examiners' Report.pdf","resources/past-papers/raw/CM2/CM2B/Apr25/CM2B_April2025_Examiners' Report.pdf","CM2/CM2B/Apr25/CM2B_April2025_Examiners' Report.pdf",".pdf","652229","4810E3A0173A3073DFEF1923A2E33AA42140EBB5D2F3756C66E3AE6C4DC0890B","2026-06-15T23:23:18Z"
"CM2","C:\Users\Danha\Downloads\Organised Actuarial Past Papers\CM2\CM2B\Apr25\CM2B_April2025_Excel Solution.xlsx","resources/past-papers/raw/CM2/CM2B/Apr25/CM2B_April2025_Excel Solution.xlsx","CM2/CM2B/Apr25/CM2B_April2025_Excel Solution.xlsx",".xlsx","89463","BFC380886FB7FF4CA5DDD69E513C13D8CE8D57E9C17433874EE85980B646ECCA","2026-06-15T23:23:18Z"
"CM2","C:\Users\Danha\Downloads\Organised Actuarial Past Papers\CM2\CM2B\Sep20\IandF_CM2B_202009_Examiners_Report - Solutions.xlsx","resources/past-papers/raw/CM2/CM2B/Sep20/IandF_CM2B_202009_Examiners_Report - Solutions.xlsx","CM2/CM2B/Sep20/IandF_CM2B_202009_Examiners_Report - Solutions.xlsx",".xlsx","133234","C0A82D58602A0FFB9D2FC958CC978E05D28A615D44164D43CF9AA47A48FAE4FE","2026-06-15T23:23:18Z"
"CM2","C:\Users\Danha\Downloads\Organised Actuarial Past Papers\CM2\CM2B\Sep20\IandF_CM2B_202009_Examiners_Report.docx","resources/past-papers/raw/CM2/CM2B/Sep20/IandF_CM2B_202009_Examiners_Report.docx","CM2/CM2B/Sep20/IandF_CM2B_202009_Examiners_Report.docx",".docx","42196","1C07C1634A7D27B86F4BF09E217CE270682C3CD802CD8C20B840820B3DD13560","2026-06-15T23:23:18Z"
"CM2","C:\Users\Danha\Downloads\Organised Actuarial Past Papers\CM2\CM2B\Sep20\IandF_CM2B_202009_ExamPaper.pdf","resources/past-papers/raw/CM2/CM2B/Sep20/IandF_CM2B_202009_ExamPaper.pdf","CM2/CM2B/Sep20/IandF_CM2B_202009_ExamPaper.pdf",".pdf","199154","430B891554C63725010F29B8F8927184C0F4AA79D56D8F78083627748E8972C0","2026-06-15T23:23:18Z"
"CM2","C:\Users\Danha\Downloads\Organised Actuarial Past Papers\CM2\CM2B\Sep21\CM2B_221_EXAM_Clean Proof.pdf","resources/past-papers/raw/CM2/CM2B/Sep21/CM2B_221_EXAM_Clean Proof.pdf","CM2/CM2B/Sep21/CM2B_221_EXAM_Clean Proof.pdf",".pdf","248377","BF2CB4096213E09B4D67D7044DA66219A98E6BF92EDE834BAC95270D6765B75B","2026-06-15T23:23:18Z"
"CM2","C:\Users\Danha\Downloads\Organised Actuarial Past Papers\CM2\CM2B\Sep21\CM2B_221_Solutions.xlsx","resources/past-papers/raw/CM2/CM2B/Sep21/CM2B_221_Solutions.xlsx","CM2/CM2B/Sep21/CM2B_221_Solutions.xlsx",".xlsx","63136","4833D78AD40DE1CAEC50BD43381B852F2A3A35DD6F3915C8FED9949731639972","2026-06-15T23:23:18Z"
"CM2","C:\Users\Danha\Downloads\Organised Actuarial Past Papers\CM2\CM2B\Sep21\IandF_CM2B_202109_Examiner Report.pdf","resources/past-papers/raw/CM2/CM2B/Sep21/IandF_CM2B_202109_Examiner Report.pdf","CM2/CM2B/Sep21/IandF_CM2B_202109_Examiner Report.pdf",".pdf","21060","08C77B4542E37496E2CB749D36C7F9324CBB20355DF77460D0E0126D3F9A89E2","2026-06-15T23:23:18Z"
"CM2","C:\Users\Danha\Downloads\Organised Actuarial Past Papers\CM2\CM2B\Sep22\CM2B 09_22 solutions.xlsx","resources/past-papers/raw/CM2/CM2B/Sep22/CM2B 09_22 solutions.xlsx","CM2/CM2B/Sep22/CM2B 09_22 solutions.xlsx",".xlsx","299557","139036446A22BC59D0A9E54959921C2DB21CC9F249322C0E11D3068603DFC124","2026-06-15T23:23:18Z"
"CM2","C:\Users\Danha\Downloads\Organised Actuarial Past Papers\CM2\CM2B\Sep22\CM2B 09_22 workbook.xlsx","resources/past-papers/raw/CM2/CM2B/Sep22/CM2B 09_22 workbook.xlsx","CM2/CM2B/Sep22/CM2B 09_22 workbook.xlsx",".xlsx","122221","FB3B90A2235C569AEC14C58B23976076032883AC0E43906B33BF172D46ABD4D4","2026-06-15T23:23:18Z"
"CM2","C:\Users\Danha\Downloads\Organised Actuarial Past Papers\CM2\CM2B\Sep22\CM2B_September22_EXAM.pdf","resources/past-papers/raw/CM2/CM2B/Sep22/CM2B_September22_EXAM.pdf","CM2/CM2B/Sep22/CM2B_September22_EXAM.pdf",".pdf","223661","4CF9BA7241648F47F3452668372476D147EA33AEFD9638286D95303EB1EEE672","2026-06-15T23:23:18Z"
"CM2","C:\Users\Danha\Downloads\Organised Actuarial Past Papers\CM2\CM2B\Sep22\IandF_CM2B_202209_Examiner Report.pdf","resources/past-papers/raw/CM2/CM2B/Sep22/IandF_CM2B_202209_Examiner Report.pdf","CM2/CM2B/Sep22/IandF_CM2B_202209_Examiner Report.pdf",".pdf","89310","3B0F119F003832CE513FAD31460EDB8153F494A26D51FCF13B406A62503A84F0","2026-06-15T23:23:18Z"
"CM2","C:\Users\Danha\Downloads\Organised Actuarial Past Papers\CM2\CM2B\Sep23\CM2B 223 Candidate workbook.xlsx","resources/past-papers/raw/CM2/CM2B/Sep23/CM2B 223 Candidate workbook.xlsx","CM2/CM2B/Sep23/CM2B 223 Candidate workbook.xlsx",".xlsx","97946","86188A7BCA970EF89BAFC0497E552AA4E7EBBACFCD98537C4668552BBA1ABF99","2026-06-15T23:23:18Z"
"CM2","C:\Users\Danha\Downloads\Organised Actuarial Past Papers\CM2\CM2B\Sep23\CM2B_223 Excel_Solution.xlsx","resources/past-papers/raw/CM2/CM2B/Sep23/CM2B_223 Excel_Solution.xlsx","CM2/CM2B/Sep23/CM2B_223 Excel_Solution.xlsx",".xlsx","332781","4A600FA8F48BA06254EBEA74130240A311AC6C7B9542FF2622514EC0C73130B3","2026-06-15T23:23:18Z"
"CM2","C:\Users\Danha\Downloads\Organised Actuarial Past Papers\CM2\CM2B\Sep23\CM2B_September23_EXAM_Clean Proof (1).pdf","resources/past-papers/raw/CM2/CM2B/Sep23/CM2B_September23_EXAM_Clean Proof (1).pdf","CM2/CM2B/Sep23/CM2B_September23_EXAM_Clean Proof (1).pdf",".pdf","234491","1B3AB9029A46D498AC12300F83BF0CA0973ED97F35E5314E259A6CC84344D213","2026-06-15T23:23:18Z"
"CM2","C:\Users\Danha\Downloads\Organised Actuarial Past Papers\CM2\CM2B\Sep23\IandF_CM2B_202309_Examiner Report.pdf","resources/past-papers/raw/CM2/CM2B/Sep23/IandF_CM2B_202309_Examiner Report.pdf","CM2/CM2B/Sep23/IandF_CM2B_202309_Examiner Report.pdf",".pdf","68196","9372314E9376084EC532F8149AF18D09489D9DB620DCE28F937FEACFDF8F1E3B","2026-06-15T23:23:18Z"
"CM2","C:\Users\Danha\Downloads\Organised Actuarial Past Papers\CM2\CM2B\Sep24\CM2B_September 2024_Exam Paper.pdf","resources/past-papers/raw/CM2/CM2B/Sep24/CM2B_September 2024_Exam Paper.pdf","CM2/CM2B/Sep24/CM2B_September 2024_Exam Paper.pdf",".pdf","191297","515437C31D99002556BD83C43BAAEFCE3F38C6D37CCBE4CC0340E6D5A4F47789","2026-06-15T23:23:18Z"
"CM2","C:\Users\Danha\Downloads\Organised Actuarial Past Papers\CM2\CM2B\Sep24\CM2B_September 2024_Examiner Report.pdf","resources/past-papers/raw/CM2/CM2B/Sep24/CM2B_September 2024_Examiner Report.pdf","CM2/CM2B/Sep24/CM2B_September 2024_Examiner Report.pdf",".pdf","270682","77D2758FF5D6CEB4BA2C83D40501AB6C1FB958701496D4456CAEEF1647D5007A","2026-06-15T23:23:18Z"
"CM2","C:\Users\Danha\Downloads\Organised Actuarial Past Papers\CM2\CM2B\Sep24\CM2B_September 2024_Excel Solutions.xlsx","resources/past-papers/raw/CM2/CM2B/Sep24/CM2B_September 2024_Excel Solutions.xlsx","CM2/CM2B/Sep24/CM2B_September 2024_Excel Solutions.xlsx",".xlsx","87852","0819680880156342867504ADCFD9EC6977CACFA33276A849E7E05E377CAC8E14","2026-06-15T23:23:18Z"
"CM2","C:\Users\Danha\Downloads\Organised Actuarial Past Papers\CM2\CM2B\Sep24\CM2B_September 2024_Workbook.xlsx","resources/past-papers/raw/CM2/CM2B/Sep24/CM2B_September 2024_Workbook.xlsx","CM2/CM2B/Sep24/CM2B_September 2024_Workbook.xlsx",".xlsx","55332","9AF650C92A0DA7C02F1EEA29B897005290C6AC020AA15162CF4039940C8B9120","2026-06-15T23:23:18Z"
"CM2","C:\Users\Danha\Downloads\Organised Actuarial Past Papers\CM2\CM2B\Sep25\CM2B Sept workbook draft v2.xlsx","resources/past-papers/raw/CM2/CM2B/Sep25/CM2B Sept workbook draft v2.xlsx","CM2/CM2B/Sep25/CM2B Sept workbook draft v2.xlsx",".xlsx","95130","D960BF8047D32FC9D2A4D68E87E3DFA6A22E07F91BA7B8B41B3673FBE274765C","2026-06-15T23:23:18Z"
"CM2","C:\Users\Danha\Downloads\Organised Actuarial Past Papers\CM2\CM2B\Sep25\CM2B_Sept2025_Exam.pdf","resources/past-papers/raw/CM2/CM2B/Sep25/CM2B_Sept2025_Exam.pdf","CM2/CM2B/Sep25/CM2B_Sept2025_Exam.pdf",".pdf","271637","F3C9EDA698988A59824FA609647176590B57B2AD5170AD1B3B7FDF3843124306","2026-06-15T23:23:18Z"
"CP1","C:\Users\Danha\Downloads\Organised Actuarial Past Papers\CP1\CP1 Paper 1\Apr21\CP11_121_EXAM.pdf","resources/past-papers/raw/CP1/CP1 Paper 1/Apr21/CP11_121_EXAM.pdf","CP1/CP1 Paper 1/Apr21/CP11_121_EXAM.pdf",".pdf","167765","1082DE7E47723D83BF3A3C0CE3C895D793330D390AF54C3A51184CB56605FC2F","2026-06-15T23:23:18Z"
"CP1","C:\Users\Danha\Downloads\Organised Actuarial Past Papers\CP1\CP1 Paper 1\Apr21\IandF_CP1_Paper 1_202104_Examiners_Report.pdf","resources/past-papers/raw/CP1/CP1 Paper 1/Apr21/IandF_CP1_Paper 1_202104_Examiners_Report.pdf","CP1/CP1 Paper 1/Apr21/IandF_CP1_Paper 1_202104_Examiners_Report.pdf",".pdf","144418","F106EABB306909C290582885F643C6795E58E88A377B9CA91C9F23AD5998D1C9","2026-06-15T23:23:19Z"
"CP1","C:\Users\Danha\Downloads\Organised Actuarial Past Papers\CP1\CP1 Paper 1\Apr22\CP11_April22_EXAM_Clean Proof.pdf","resources/past-papers/raw/CP1/CP1 Paper 1/Apr22/CP11_April22_EXAM_Clean Proof.pdf","CP1/CP1 Paper 1/Apr22/CP11_April22_EXAM_Clean Proof.pdf",".pdf","157407","4CDDE0191F86CBB7699819E1A79E1A5A266257931AF5BFFFB907E6FA4D726E35","2026-06-15T23:23:19Z"
"CP1","C:\Users\Danha\Downloads\Organised Actuarial Past Papers\CP1\CP1 Paper 1\Apr22\IandF_CP1_Paper 1_202204_ Examiner Report.pdf","resources/past-papers/raw/CP1/CP1 Paper 1/Apr22/IandF_CP1_Paper 1_202204_ Examiner Report.pdf","CP1/CP1 Paper 1/Apr22/IandF_CP1_Paper 1_202204_ Examiner Report.pdf",".pdf","387490","35B79F05C5AF6457FB3DD95058D61808802D6B2BB1AB626FE211748630E90CD2","2026-06-15T23:23:19Z"
"CP1","C:\Users\Danha\Downloads\Organised Actuarial Past Papers\CP1\CP1 Paper 1\Apr23\CP11_April23_EXAM_Clean Proof.pdf","resources/past-papers/raw/CP1/CP1 Paper 1/Apr23/CP11_April23_EXAM_Clean Proof.pdf","CP1/CP1 Paper 1/Apr23/CP11_April23_EXAM_Clean Proof.pdf",".pdf","736270","C80EADDA7747CD44E8193477BBCA983FDD6A95079CAFACD671886528B1763C26","2026-06-15T23:23:19Z"
"CP1","C:\Users\Danha\Downloads\Organised Actuarial Past Papers\CP1\CP1 Paper 1\Apr23\IandF_CP11_202304_Examiner Report.pdf","resources/past-papers/raw/CP1/CP1 Paper 1/Apr23/IandF_CP11_202304_Examiner Report.pdf","CP1/CP1 Paper 1/Apr23/IandF_CP11_202304_Examiner Report.pdf",".pdf","140440","643649473E2093B72C2054FE7EB983F784D65714696E4FDF755B047F9D0CA03B","2026-06-15T23:23:19Z"
"CP1","C:\Users\Danha\Downloads\Organised Actuarial Past Papers\CP1\CP1 Paper 1\Apr24\CP1-1_April 2024_Examiner Report.pdf","resources/past-papers/raw/CP1/CP1 Paper 1/Apr24/CP1-1_April 2024_Examiner Report.pdf","CP1/CP1 Paper 1/Apr24/CP1-1_April 2024_Examiner Report.pdf",".pdf","378741","6C26621233623EA186BF6B405D5E53A5D3B5C8FBCEF5A8255D5CE0AB5CD701C0","2026-06-15T23:23:19Z"
"CP1","C:\Users\Danha\Downloads\Organised Actuarial Past Papers\CP1\CP1 Paper 1\Apr24\CP1-1_April_2024_Exam_Paper.pdf","resources/past-papers/raw/CP1/CP1 Paper 1/Apr24/CP1-1_April_2024_Exam_Paper.pdf","CP1/CP1 Paper 1/Apr24/CP1-1_April_2024_Exam_Paper.pdf",".pdf","146690","08DF30FEAABE0DAA8F027B7488D389BA2D95D21249DD9DADA750C6CFF1A30E13","2026-06-15T23:23:19Z"
"CP1","C:\Users\Danha\Downloads\Organised Actuarial Past Papers\CP1\CP1 Paper 1\Apr25\CP1_Paper1_April2025_Exam Paper.pdf","resources/past-papers/raw/CP1/CP1 Paper 1/Apr25/CP1_Paper1_April2025_Exam Paper.pdf","CP1/CP1 Paper 1/Apr25/CP1_Paper1_April2025_Exam Paper.pdf",".pdf","146350","475B8EDD688BE7F755580EC01D8888BCBCB1DDBF764A294EC90C0288C9CC8119","2026-06-15T23:23:19Z"
"CP1","C:\Users\Danha\Downloads\Organised Actuarial Past Papers\CP1\CP1 Paper 1\Apr25\CP1_Paper1_April2025_Examiners' Report.pdf","resources/past-papers/raw/CP1/CP1 Paper 1/Apr25/CP1_Paper1_April2025_Examiners' Report.pdf","CP1/CP1 Paper 1/Apr25/CP1_Paper1_April2025_Examiners' Report.pdf",".pdf","693919","8A728D52C00F495AA11D3D796BB6CA2023992A21914AF40BC3D8D81EEB64B3E5","2026-06-15T23:23:19Z"
"CP1","C:\Users\Danha\Downloads\Organised Actuarial Past Papers\CP1\CP1 Paper 1\Sep20\IandF_CP1_paper1_202009_Examiners_Report.pdf","resources/past-papers/raw/CP1/CP1 Paper 1/Sep20/IandF_CP1_paper1_202009_Examiners_Report.pdf","CP1/CP1 Paper 1/Sep20/IandF_CP1_paper1_202009_Examiners_Report.pdf",".pdf","152029","20DD3A1EE1BF3184BC1C5A8B9EB6EF8CE2D9FC55DC8610CC9F3E2BD35A5F3DD1","2026-06-15T23:23:19Z"
"CP1","C:\Users\Danha\Downloads\Organised Actuarial Past Papers\CP1\CP1 Paper 1\Sep20\IandF_CP1_paper1_202009_ExamPaper.pdf","resources/past-papers/raw/CP1/CP1 Paper 1/Sep20/IandF_CP1_paper1_202009_ExamPaper.pdf","CP1/CP1 Paper 1/Sep20/IandF_CP1_paper1_202009_ExamPaper.pdf",".pdf","170930","E2A5A91472B41254D5E49CD354142CBDF5A91FD11EEC9C47DB9C2299D2B26DD7","2026-06-15T23:23:19Z"
"CP1","C:\Users\Danha\Downloads\Organised Actuarial Past Papers\CP1\CP1 Paper 1\Sep21\CP11_221_EXAM_Final Clean.pdf","resources/past-papers/raw/CP1/CP1 Paper 1/Sep21/CP11_221_EXAM_Final Clean.pdf","CP1/CP1 Paper 1/Sep21/CP11_221_EXAM_Final Clean.pdf",".pdf","197551","02F3C7BC758EB0213EE29F1E934D8438783B259F9F812C5A4DE42808225BD8BD","2026-06-15T23:23:19Z"
"CP1","C:\Users\Danha\Downloads\Organised Actuarial Past Papers\CP1\CP1 Paper 1\Sep21\IandF_CP1_paper 1_202109_Examiner Report.pdf","resources/past-papers/raw/CP1/CP1 Paper 1/Sep21/IandF_CP1_paper 1_202109_Examiner Report.pdf","CP1/CP1 Paper 1/Sep21/IandF_CP1_paper 1_202109_Examiner Report.pdf",".pdf","125546","35B41533174102D97B35C91AE4C9599B1926F76EE0DF329BB12F01C7800F00B8","2026-06-15T23:23:19Z"
"CP1","C:\Users\Danha\Downloads\Organised Actuarial Past Papers\CP1\CP1 Paper 1\Sep22\CP11_September22_EXAM.pdf","resources/past-papers/raw/CP1/CP1 Paper 1/Sep22/CP11_September22_EXAM.pdf","CP1/CP1 Paper 1/Sep22/CP11_September22_EXAM.pdf",".pdf","190729","4DE363CD03ED96402BDCF9321A8E32CFF9EA7F57223C8173F734FE9D684FE136","2026-06-15T23:23:19Z"
"CP1","C:\Users\Danha\Downloads\Organised Actuarial Past Papers\CP1\CP1 Paper 1\Sep22\IandF_CP1 Paper 1_202209_Examiner Report.pdf","resources/past-papers/raw/CP1/CP1 Paper 1/Sep22/IandF_CP1 Paper 1_202209_Examiner Report.pdf","CP1/CP1 Paper 1/Sep22/IandF_CP1 Paper 1_202209_Examiner Report.pdf",".pdf","144025","05DDE88B32513E9C0D9FAA780E2860A6B8A91342069D92F73FF7D55415DCA873","2026-06-15T23:23:19Z"
"CP1","C:\Users\Danha\Downloads\Organised Actuarial Past Papers\CP1\CP1 Paper 1\Sep23\CP11_September23_EXAM_Clean Proof.pdf","resources/past-papers/raw/CP1/CP1 Paper 1/Sep23/CP11_September23_EXAM_Clean Proof.pdf","CP1/CP1 Paper 1/Sep23/CP11_September23_EXAM_Clean Proof.pdf",".pdf","178103","DB95F008E7C616259E6FC0F20633BDB909AC230F2D999CEB8894ECB8A2CDBDC7","2026-06-15T23:23:19Z"
"CP1","C:\Users\Danha\Downloads\Organised Actuarial Past Papers\CP1\CP1 Paper 1\Sep23\IandF_CP11_202309_Examiner Report.pdf","resources/past-papers/raw/CP1/CP1 Paper 1/Sep23/IandF_CP11_202309_Examiner Report.pdf","CP1/CP1 Paper 1/Sep23/IandF_CP11_202309_Examiner Report.pdf",".pdf","158457","8BF1E1E3837941457B57910F4648CCE17583CFFCA06BA18E9C8BC43F74B65664","2026-06-15T23:23:19Z"
"CP1","C:\Users\Danha\Downloads\Organised Actuarial Past Papers\CP1\CP1 Paper 1\Sep24\CP1-1_September 2024_Exam Paper.pdf","resources/past-papers/raw/CP1/CP1 Paper 1/Sep24/CP1-1_September 2024_Exam Paper.pdf","CP1/CP1 Paper 1/Sep24/CP1-1_September 2024_Exam Paper.pdf",".pdf","125984","A105587EC7DE81DE07A368E43CF987EB7C135F6623AC3CEB07912B597074AD44","2026-06-15T23:23:19Z"
"CP1","C:\Users\Danha\Downloads\Organised Actuarial Past Papers\CP1\CP1 Paper 1\Sep24\CP1-1_September 2024_Examiner Report.pdf","resources/past-papers/raw/CP1/CP1 Paper 1/Sep24/CP1-1_September 2024_Examiner Report.pdf","CP1/CP1 Paper 1/Sep24/CP1-1_September 2024_Examiner Report.pdf",".pdf","398415","DC5AF54137EEA82EEA5B527F675CF03DD905E99E23D516FF2C8F6060FD9EC15F","2026-06-15T23:23:19Z"
"CP1","C:\Users\Danha\Downloads\Organised Actuarial Past Papers\CP1\CP1 Paper 1\Sep25\CP11_Sept 2025_Exam.pdf","resources/past-papers/raw/CP1/CP1 Paper 1/Sep25/CP11_Sept 2025_Exam.pdf","CP1/CP1 Paper 1/Sep25/CP11_Sept 2025_Exam.pdf",".pdf","161385","D8732882BB7FA0A03C01FC75ECA3F2180A60C0850E79070EB6FAFBE906A76FF2","2026-06-15T23:23:19Z"
"CP1","C:\Users\Danha\Downloads\Organised Actuarial Past Papers\CP1\CP1 Paper 2\Apr21\CP12_121_EXAM.pdf","resources/past-papers/raw/CP1/CP1 Paper 2/Apr21/CP12_121_EXAM.pdf","CP1/CP1 Paper 2/Apr21/CP12_121_EXAM.pdf",".pdf","166957","636EA7C92BFB6642067D5092610DA74B10F16E3BDD04284C8CA010B97CB15E79","2026-06-15T23:23:19Z"
"CP1","C:\Users\Danha\Downloads\Organised Actuarial Past Papers\CP1\CP1 Paper 2\Apr21\IandF_CP1_Paper 2_202104_Examiners_Report.pdf","resources/past-papers/raw/CP1/CP1 Paper 2/Apr21/IandF_CP1_Paper 2_202104_Examiners_Report.pdf","CP1/CP1 Paper 2/Apr21/IandF_CP1_Paper 2_202104_Examiners_Report.pdf",".pdf","130976","E9B029CB56D921E71E42D2F9B6BD1878E9C071EB586583D8E1A4A9A32844A094","2026-06-15T23:23:19Z"
"CP1","C:\Users\Danha\Downloads\Organised Actuarial Past Papers\CP1\CP1 Paper 2\Apr22\CP12_April22_EXAM_Clean Proof.pdf","resources/past-papers/raw/CP1/CP1 Paper 2/Apr22/CP12_April22_EXAM_Clean Proof.pdf","CP1/CP1 Paper 2/Apr22/CP12_April22_EXAM_Clean Proof.pdf",".pdf","161443","650BFB3A5C96D62870182848EB07194A70FF45F55C906C633241676B994520A6","2026-06-15T23:23:19Z"
"CP1","C:\Users\Danha\Downloads\Organised Actuarial Past Papers\CP1\CP1 Paper 2\Apr22\IandF_CP1_Paper 2_202204_ Examiner Report.pdf","resources/past-papers/raw/CP1/CP1 Paper 2/Apr22/IandF_CP1_Paper 2_202204_ Examiner Report.pdf","CP1/CP1 Paper 2/Apr22/IandF_CP1_Paper 2_202204_ Examiner Report.pdf",".pdf","139243","52BE07169C9C43E0FD471964AACF64EEE68620A2891A964A6E28E85E9259F00E","2026-06-15T23:23:19Z"
"CP1","C:\Users\Danha\Downloads\Organised Actuarial Past Papers\CP1\CP1 Paper 2\Apr23\CP12_April23_EXAM_Clean Proof.pdf","resources/past-papers/raw/CP1/CP1 Paper 2/Apr23/CP12_April23_EXAM_Clean Proof.pdf","CP1/CP1 Paper 2/Apr23/CP12_April23_EXAM_Clean Proof.pdf",".pdf","746256","6D20F8DB2530147C43D603BBCC87246DAAEB4CE269E87AAD7E5F31B8A4DF6A69","2026-06-15T23:23:19Z"
"CP1","C:\Users\Danha\Downloads\Organised Actuarial Past Papers\CP1\CP1 Paper 2\Apr23\IandF_CP12_202304_Examiner Report.pdf","resources/past-papers/raw/CP1/CP1 Paper 2/Apr23/IandF_CP12_202304_Examiner Report.pdf","CP1/CP1 Paper 2/Apr23/IandF_CP12_202304_Examiner Report.pdf",".pdf","135786","A807077DBC7BEF2274BCCD1F8C5A2113C308959FCCC7BD9DFCE31E6B1D3A5062","2026-06-15T23:23:19Z"
"CP1","C:\Users\Danha\Downloads\Organised Actuarial Past Papers\CP1\CP1 Paper 2\Apr24\CP1-2_April 2024_Examiner Report.pdf","resources/past-papers/raw/CP1/CP1 Paper 2/Apr24/CP1-2_April 2024_Examiner Report.pdf","CP1/CP1 Paper 2/Apr24/CP1-2_April 2024_Examiner Report.pdf",".pdf","377832","6A1BFBCE80F234098FB2F086A29A4030B7B095C8FA9FFFC1F886FB8E40806342","2026-06-15T23:23:19Z"
"CP1","C:\Users\Danha\Downloads\Organised Actuarial Past Papers\CP1\CP1 Paper 2\Apr24\CP1-2_April_2024_Exam_Paper.pdf","resources/past-papers/raw/CP1/CP1 Paper 2/Apr24/CP1-2_April_2024_Exam_Paper.pdf","CP1/CP1 Paper 2/Apr24/CP1-2_April_2024_Exam_Paper.pdf",".pdf","136794","A3C55A4586C2F7A03928E4C665FA433AF0D9B03D1CE0BF03F2C53959919E7D87","2026-06-15T23:23:19Z"
"CP1","C:\Users\Danha\Downloads\Organised Actuarial Past Papers\CP1\CP1 Paper 2\Apr25\CP1_Paper2_April2025_Exam Paper.pdf","resources/past-papers/raw/CP1/CP1 Paper 2/Apr25/CP1_Paper2_April2025_Exam Paper.pdf","CP1/CP1 Paper 2/Apr25/CP1_Paper2_April2025_Exam Paper.pdf",".pdf","166438","6EB85675022394E7D4B328F2D6E22ED536C4381D559A2970FAB46C4007C5F319","2026-06-15T23:23:19Z"
"CP1","C:\Users\Danha\Downloads\Organised Actuarial Past Papers\CP1\CP1 Paper 2\Apr25\CP1_Paper2_April2025_Examiners' Report.pdf","resources/past-papers/raw/CP1/CP1 Paper 2/Apr25/CP1_Paper2_April2025_Examiners' Report.pdf","CP1/CP1 Paper 2/Apr25/CP1_Paper2_April2025_Examiners' Report.pdf",".pdf","754247","C487E9F879493755FD7F1C838F4843B9E76B223EB717974E8B4EA0F2A7B214CB","2026-06-15T23:23:19Z"
"CP1","C:\Users\Danha\Downloads\Organised Actuarial Past Papers\CP1\CP1 Paper 2\Sep20\IandF_CP1_paper2_202009_Examiners_Report.pdf","resources/past-papers/raw/CP1/CP1 Paper 2/Sep20/IandF_CP1_paper2_202009_Examiners_Report.pdf","CP1/CP1 Paper 2/Sep20/IandF_CP1_paper2_202009_Examiners_Report.pdf",".pdf","138737","C1EF084F3F0603219F25B885E2A183805729464A13D3C639AD991DE47F63C24B","2026-06-15T23:23:19Z"
"CP1","C:\Users\Danha\Downloads\Organised Actuarial Past Papers\CP1\CP1 Paper 2\Sep20\IandF_CP1_paper2_202009_ExamPaper.pdf","resources/past-papers/raw/CP1/CP1 Paper 2/Sep20/IandF_CP1_paper2_202009_ExamPaper.pdf","CP1/CP1 Paper 2/Sep20/IandF_CP1_paper2_202009_ExamPaper.pdf",".pdf","163247","C9B738A0F2CEF2BEBD631FCC921A8A259C6CCFDB5FA453B2DE5D0E266631237C","2026-06-15T23:23:19Z"
"CP1","C:\Users\Danha\Downloads\Organised Actuarial Past Papers\CP1\CP1 Paper 2\Sep21\CP12_221_EXAM_Final Clean.pdf","resources/past-papers/raw/CP1/CP1 Paper 2/Sep21/CP12_221_EXAM_Final Clean.pdf","CP1/CP1 Paper 2/Sep21/CP12_221_EXAM_Final Clean.pdf",".pdf","198774","EE4846452B71E5B4CE5D59F2AE71876990369CEEAB905637A5039C0B768B392A","2026-06-15T23:23:19Z"
"CP1","C:\Users\Danha\Downloads\Organised Actuarial Past Papers\CP1\CP1 Paper 2\Sep21\IandF_CP1_Paper 2_202109_Examiner Report.pdf","resources/past-papers/raw/CP1/CP1 Paper 2/Sep21/IandF_CP1_Paper 2_202109_Examiner Report.pdf","CP1/CP1 Paper 2/Sep21/IandF_CP1_Paper 2_202109_Examiner Report.pdf",".pdf","167221","DA2EE830EDD50477632CB48C0058DD8EE785F848E1123910EF310F771AECA9CA","2026-06-15T23:23:19Z"
"CP1","C:\Users\Danha\Downloads\Organised Actuarial Past Papers\CP1\CP1 Paper 2\Sep22\CP1-2_September22_EXAM.pdf","resources/past-papers/raw/CP1/CP1 Paper 2/Sep22/CP1-2_September22_EXAM.pdf","CP1/CP1 Paper 2/Sep22/CP1-2_September22_EXAM.pdf",".pdf","167076","B78C8B17444817A630DD613C90FEC309BA5F5C040CE87F28094FD14F771D6EA0","2026-06-15T23:23:19Z"
"CP1","C:\Users\Danha\Downloads\Organised Actuarial Past Papers\CP1\CP1 Paper 2\Sep22\IandF_CP1 Paper 2_202209_Examiner Report.pdf","resources/past-papers/raw/CP1/CP1 Paper 2/Sep22/IandF_CP1 Paper 2_202209_Examiner Report.pdf","CP1/CP1 Paper 2/Sep22/IandF_CP1 Paper 2_202209_Examiner Report.pdf",".pdf","126929","89B394265479EF9E40315728B655433B2F80F4EF9F3B72C286A334FE71EE827A","2026-06-15T23:23:19Z"
"CP1","C:\Users\Danha\Downloads\Organised Actuarial Past Papers\CP1\CP1 Paper 2\Sep23\CP12_September23_EXAM_Clean Proof.pdf","resources/past-papers/raw/CP1/CP1 Paper 2/Sep23/CP12_September23_EXAM_Clean Proof.pdf","CP1/CP1 Paper 2/Sep23/CP12_September23_EXAM_Clean Proof.pdf",".pdf","178490","9ADF2D360949B0899246C1710C5B1605FF85A007324CC45AA54D540DBF9DCA2F","2026-06-15T23:23:19Z"
"CP1","C:\Users\Danha\Downloads\Organised Actuarial Past Papers\CP1\CP1 Paper 2\Sep23\IandF_CP12_202309_Examiner Report.pdf","resources/past-papers/raw/CP1/CP1 Paper 2/Sep23/IandF_CP12_202309_Examiner Report.pdf","CP1/CP1 Paper 2/Sep23/IandF_CP12_202309_Examiner Report.pdf",".pdf","153811","4094DE2754BC266D79B1CEDDB8B189A99BA79B9BEA5837B7BEF907772BEB80F8","2026-06-15T23:23:19Z"
"CP1","C:\Users\Danha\Downloads\Organised Actuarial Past Papers\CP1\CP1 Paper 2\Sep24\CP1-2_September 2024_Exam Paper.pdf","resources/past-papers/raw/CP1/CP1 Paper 2/Sep24/CP1-2_September 2024_Exam Paper.pdf","CP1/CP1 Paper 2/Sep24/CP1-2_September 2024_Exam Paper.pdf",".pdf","141592","BFEC8B868EFE1C98128510E081EFECAD79108A563558D77F1F6B42B342F0CA9C","2026-06-15T23:23:19Z"
"CP1","C:\Users\Danha\Downloads\Organised Actuarial Past Papers\CP1\CP1 Paper 2\Sep24\CP1-2_September 2024_Examiner Report.pdf","resources/past-papers/raw/CP1/CP1 Paper 2/Sep24/CP1-2_September 2024_Examiner Report.pdf","CP1/CP1 Paper 2/Sep24/CP1-2_September 2024_Examiner Report.pdf",".pdf","406380","C110A2A70B00F349BBFFB4BC00710472C8EA4FB24312B095246F9E2852ED8741","2026-06-15T23:23:19Z"
"CP1","C:\Users\Danha\Downloads\Organised Actuarial Past Papers\CP1\CP1 Paper 2\Sep25\CP12_Sept 2025_Exam.pdf","resources/past-papers/raw/CP1/CP1 Paper 2/Sep25/CP12_Sept 2025_Exam.pdf","CP1/CP1 Paper 2/Sep25/CP12_Sept 2025_Exam.pdf",".pdf","157994","736400822C47BB573F8D7B775468F74193830335F2B77655DDF641999C0BD89E","2026-06-15T23:23:19Z"
"CP2","C:\Users\Danha\Downloads\Organised Actuarial Past Papers\CP2\CP2 Paper 1\Apr21\121_CP2-P1_Audit trail v5.docx","resources/past-papers/raw/CP2/CP2 Paper 1/Apr21/121_CP2-P1_Audit trail v5.docx","CP2/CP2 Paper 1/Apr21/121_CP2-P1_Audit trail v5.docx",".docx","41188","9407DE588BDEA212CFCA40822A1F645AE4637AF6A6623C1F5492A9569337B2D7","2026-06-15T23:23:19Z"
"CP2","C:\Users\Danha\Downloads\Organised Actuarial Past Papers\CP2\CP2 Paper 1\Apr21\121_CP2-P1_Data for candidate v3.xlsx","resources/past-papers/raw/CP2/CP2 Paper 1/Apr21/121_CP2-P1_Data for candidate v3.xlsx","CP2/CP2 Paper 1/Apr21/121_CP2-P1_Data for candidate v3.xlsx",".xlsx","784740","A4432FB17F38FB1135AF27C80AD40E573629B95A1A1775EDDE4D6B52735C1253","2026-06-15T23:23:19Z"
"CP2","C:\Users\Danha\Downloads\Organised Actuarial Past Papers\CP2\CP2 Paper 1\Apr21\121_CP2-P1_Model for Solution_v12.xlsx","resources/past-papers/raw/CP2/CP2 Paper 1/Apr21/121_CP2-P1_Model for Solution_v12.xlsx","CP2/CP2 Paper 1/Apr21/121_CP2-P1_Model for Solution_v12.xlsx",".xlsx","5350492","C3026F219732A7E8865B2AC7D18A81D2F585B022126244343C63D8446D430EE1","2026-06-15T23:23:19Z"
"CP2","C:\Users\Danha\Downloads\Organised Actuarial Past Papers\CP2\CP2 Paper 1\Apr21\CP2-1_121_EXAM_Clean Proof.pdf","resources/past-papers/raw/CP2/CP2 Paper 1/Apr21/CP2-1_121_EXAM_Clean Proof.pdf","CP2/CP2 Paper 1/Apr21/CP2-1_121_EXAM_Clean Proof.pdf",".pdf","174309","98476E3B2161D8CEB328826341A043F273625176943128577AF255EF4B882A83","2026-06-15T23:23:19Z"
"CP2","C:\Users\Danha\Downloads\Organised Actuarial Past Papers\CP2\CP2 Paper 1\Apr21\IandF_CP2_202104_Examiners_Report_v1.pdf","resources/past-papers/raw/CP2/CP2 Paper 1/Apr21/IandF_CP2_202104_Examiners_Report_v1.pdf","CP2/CP2 Paper 1/Apr21/IandF_CP2_202104_Examiners_Report_v1.pdf",".pdf","115849","19EC9FCD605CF87C2E082F5FAC65D62AE0D35B4A0A6E6C5D5E0759749E8F0375","2026-06-15T23:23:19Z"
"CP2","C:\Users\Danha\Downloads\Organised Actuarial Past Papers\CP2\CP2 Paper 1\Apr22\122_CP2_P1_Audit trail.docx","resources/past-papers/raw/CP2/CP2 Paper 1/Apr22/122_CP2_P1_Audit trail.docx","CP2/CP2 Paper 1/Apr22/122_CP2_P1_Audit trail.docx",".docx","43052","7A6FC0946B0E0F0B020D3D8101CC43154D31981870324E003B09C4252D396960","2026-06-15T23:23:19Z"
"CP2","C:\Users\Danha\Downloads\Organised Actuarial Past Papers\CP2\CP2 Paper 1\Apr22\122_CP2_P1_Data for Candidate.xlsx","resources/past-papers/raw/CP2/CP2 Paper 1/Apr22/122_CP2_P1_Data for Candidate.xlsx","CP2/CP2 Paper 1/Apr22/122_CP2_P1_Data for Candidate.xlsx",".xlsx","80871","0EDDF157AE2B2346A19E618048232EA71DD4896141FF0BA70BAA7578FE4055FD","2026-06-15T23:23:19Z"
"CP2","C:\Users\Danha\Downloads\Organised Actuarial Past Papers\CP2\CP2 Paper 1\Apr22\122_CP2_P1_Model for solution.xlsx","resources/past-papers/raw/CP2/CP2 Paper 1/Apr22/122_CP2_P1_Model for solution.xlsx","CP2/CP2 Paper 1/Apr22/122_CP2_P1_Model for solution.xlsx",".xlsx","495608","578FC16A2BB270ECF876C6CA3BFB177879BCB248A2437CA939CD07179C0BF37E","2026-06-15T23:23:19Z"
"CP2","C:\Users\Danha\Downloads\Organised Actuarial Past Papers\CP2\CP2 Paper 1\Apr22\CP2-1_April22_EXAM_Clean Proof.pdf","resources/past-papers/raw/CP2/CP2 Paper 1/Apr22/CP2-1_April22_EXAM_Clean Proof.pdf","CP2/CP2 Paper 1/Apr22/CP2-1_April22_EXAM_Clean Proof.pdf",".pdf","261742","FB8F397818E1DB0246AB2CAC9D02EDE3FEB93F77829068A54F22FBF15C74D96B","2026-06-15T23:23:19Z"
"CP2","C:\Users\Danha\Downloads\Organised Actuarial Past Papers\CP2\CP2 Paper 1\Apr22\IandF_CP2_paper 1_202204_Examiner Report.pdf","resources/past-papers/raw/CP2/CP2 Paper 1/Apr22/IandF_CP2_paper 1_202204_Examiner Report.pdf","CP2/CP2 Paper 1/Apr22/IandF_CP2_paper 1_202204_Examiner Report.pdf",".pdf","68434","4C04F3A0AC3BA8A08E8D61DA556A776A05AC59B94A3D3FAF2E5D4CD041802EAF","2026-06-15T23:23:19Z"
"CP2","C:\Users\Danha\Downloads\Organised Actuarial Past Papers\CP2\CP2 Paper 1\Apr23\123_CP2_P1_Audit trail.docx","resources/past-papers/raw/CP2/CP2 Paper 1/Apr23/123_CP2_P1_Audit trail.docx","CP2/CP2 Paper 1/Apr23/123_CP2_P1_Audit trail.docx",".docx","35586","CC2FA3ECD8D59758485544F3D240818796519E6B96EC11D0E03671370146FEA5","2026-06-15T23:23:19Z"
"CP2","C:\Users\Danha\Downloads\Organised Actuarial Past Papers\CP2\CP2 Paper 1\Apr23\123_CP2_P1_data_for_candidates.xlsx","resources/past-papers/raw/CP2/CP2 Paper 1/Apr23/123_CP2_P1_data_for_candidates.xlsx","CP2/CP2 Paper 1/Apr23/123_CP2_P1_data_for_candidates.xlsx",".xlsx","260032","940F0A0D43F1FCCF0B693B750FAD268DD6CD979548AB0C739673314E58984293","2026-06-15T23:23:19Z"
"CP2","C:\Users\Danha\Downloads\Organised Actuarial Past Papers\CP2\CP2 Paper 1\Apr23\123_CP2_P1_solution.xlsx","resources/past-papers/raw/CP2/CP2 Paper 1/Apr23/123_CP2_P1_solution.xlsx","CP2/CP2 Paper 1/Apr23/123_CP2_P1_solution.xlsx",".xlsx","2126545","24CE64602BC5359F50DFED6FABFDD58C271ED661C6AAC70B8554588F7F2B65DC","2026-06-15T23:23:19Z"
"CP2","C:\Users\Danha\Downloads\Organised Actuarial Past Papers\CP2\CP2 Paper 1\Apr23\CP2-1_April23_EXAM_Clean Proof.pdf","resources/past-papers/raw/CP2/CP2 Paper 1/Apr23/CP2-1_April23_EXAM_Clean Proof.pdf","CP2/CP2 Paper 1/Apr23/CP2-1_April23_EXAM_Clean Proof.pdf",".pdf","896442","91B3B7B4F1696D62A813062C597108DC02FF1393A6F9391B60FABAFA9D6A4F34","2026-06-15T23:23:19Z"
"CP2","C:\Users\Danha\Downloads\Organised Actuarial Past Papers\CP2\CP2 Paper 1\Apr23\IandF_CP21_202304_Examiner Report.pdf","resources/past-papers/raw/CP2/CP2 Paper 1/Apr23/IandF_CP21_202304_Examiner Report.pdf","CP2/CP2 Paper 1/Apr23/IandF_CP21_202304_Examiner Report.pdf",".pdf","92230","C8A3AB5F5ED1BC8FDF1C69ED8ADB89D6917E687EB3DD60F82A096722EC37A3E5","2026-06-15T23:23:19Z"
"CP2","C:\Users\Danha\Downloads\Organised Actuarial Past Papers\CP2\CP2 Paper 1\Apr24\CP2-1_April 2024_Examiner Report.pdf","resources/past-papers/raw/CP2/CP2 Paper 1/Apr24/CP2-1_April 2024_Examiner Report.pdf","CP2/CP2 Paper 1/Apr24/CP2-1_April 2024_Examiner Report.pdf",".pdf","295097","C8196A453DFBCD10AD15291EDEE21467D0D7E2E1D1CEDB894B4098EB51077C99","2026-06-15T23:23:19Z"
"CP2","C:\Users\Danha\Downloads\Organised Actuarial Past Papers\CP2\CP2 Paper 1\Apr24\CP2-1_April_2024_Data_for_candidate.xlsx","resources/past-papers/raw/CP2/CP2 Paper 1/Apr24/CP2-1_April_2024_Data_for_candidate.xlsx","CP2/CP2 Paper 1/Apr24/CP2-1_April_2024_Data_for_candidate.xlsx",".xlsx","108125","A194830F26C51B512510718131A10B5CEB8B8EBBEEA193C880191DCA2E94F383","2026-06-15T23:23:19Z"
"CP2","C:\Users\Danha\Downloads\Organised Actuarial Past Papers\CP2\CP2 Paper 1\Apr24\CP2-1_April_2024_Exam_Paper.pdf","resources/past-papers/raw/CP2/CP2 Paper 1/Apr24/CP2-1_April_2024_Exam_Paper.pdf","CP2/CP2 Paper 1/Apr24/CP2-1_April_2024_Exam_Paper.pdf",".pdf","240546","3EEE074EA7B7CD5BEF814D3976E55D8CF8F5F879CA2277928D076C459192B826","2026-06-15T23:23:19Z"
"CP2","C:\Users\Danha\Downloads\Organised Actuarial Past Papers\CP2\CP2 Paper 1\Apr24\CP2-1_Audit trail.docx","resources/past-papers/raw/CP2/CP2 Paper 1/Apr24/CP2-1_Audit trail.docx","CP2/CP2 Paper 1/Apr24/CP2-1_Audit trail.docx",".docx","42121","8801E99C134157D023F68BFB515B8F9BFE3777FCA91E0A85DD6FF7AEFE94925F","2026-06-15T23:23:19Z"
"CP2","C:\Users\Danha\Downloads\Organised Actuarial Past Papers\CP2\CP2 Paper 1\Apr24\CP2-1_Model for solution.xlsx","resources/past-papers/raw/CP2/CP2 Paper 1/Apr24/CP2-1_Model for solution.xlsx","CP2/CP2 Paper 1/Apr24/CP2-1_Model for solution.xlsx",".xlsx","949113","59A6FF886399088B234A75328492EB8384AEAC275D723BC7EC7C35D91611877B","2026-06-15T23:23:19Z"
"CP2","C:\Users\Danha\Downloads\Organised Actuarial Past Papers\CP2\CP2 Paper 1\Apr25\CP2_P1_April2025_ Exam Paper.pdf","resources/past-papers/raw/CP2/CP2 Paper 1/Apr25/CP2_P1_April2025_ Exam Paper.pdf","CP2/CP2 Paper 1/Apr25/CP2_P1_April2025_ Exam Paper.pdf",".pdf","194474","705F9B036DF2042385F551909314D25582EE64E17F76CAA37E523E7674CF7124","2026-06-15T23:23:19Z"
"CP2","C:\Users\Danha\Downloads\Organised Actuarial Past Papers\CP2\CP2 Paper 1\Apr25\CP2_P1_April2025_Audit trail.docx","resources/past-papers/raw/CP2/CP2 Paper 1/Apr25/CP2_P1_April2025_Audit trail.docx","CP2/CP2 Paper 1/Apr25/CP2_P1_April2025_Audit trail.docx",".docx","54672","C41EFCA270D42A0806A4FB04D4DDCE7AEEAA9AD81EE8945F64BCB0D5032BB61C","2026-06-15T23:23:19Z"
"CP2","C:\Users\Danha\Downloads\Organised Actuarial Past Papers\CP2\CP2 Paper 1\Apr25\CP2_P1_April2025_Data for candidate.xlsx","resources/past-papers/raw/CP2/CP2 Paper 1/Apr25/CP2_P1_April2025_Data for candidate.xlsx","CP2/CP2 Paper 1/Apr25/CP2_P1_April2025_Data for candidate.xlsx",".xlsx","21271","565B7831A9C14E1F232274A791A41B849528F027BA701D6CC486825FCB39876C","2026-06-15T23:23:19Z"
"CP2","C:\Users\Danha\Downloads\Organised Actuarial Past Papers\CP2\CP2 Paper 1\Apr25\CP2_P1_April2025_Examiners' Report.pdf","resources/past-papers/raw/CP2/CP2 Paper 1/Apr25/CP2_P1_April2025_Examiners' Report.pdf","CP2/CP2 Paper 1/Apr25/CP2_P1_April2025_Examiners' Report.pdf",".pdf","687809","8CA6FB0E7FBFEBBA882DF5071A8184B8B0A55EE53EB124FBD4A0D815FCE441EE","2026-06-15T23:23:19Z"
"CP2","C:\Users\Danha\Downloads\Organised Actuarial Past Papers\CP2\CP2 Paper 1\Apr25\CP2_P1_April2025_Model for solution.xlsx","resources/past-papers/raw/CP2/CP2 Paper 1/Apr25/CP2_P1_April2025_Model for solution.xlsx","CP2/CP2 Paper 1/Apr25/CP2_P1_April2025_Model for solution.xlsx",".xlsx","112622","1CD0FDD5AA3CB65E6B79AA5F88D044099BD886DA6C6F04876CD069107A2BC144","2026-06-15T23:23:19Z"
"CP2","C:\Users\Danha\Downloads\Organised Actuarial Past Papers\CP2\CP2 Paper 1\Sep20\220_CP2-P1_Audit trail v3.docx","resources/past-papers/raw/CP2/CP2 Paper 1/Sep20/220_CP2-P1_Audit trail v3.docx","CP2/CP2 Paper 1/Sep20/220_CP2-P1_Audit trail v3.docx",".docx","28784","888338250CB7FF293F6CC5815DC7120C04A99157FB5CCBD876C6F57C8E9F47F5","2026-06-15T23:23:19Z"
"CP2","C:\Users\Danha\Downloads\Organised Actuarial Past Papers\CP2\CP2 Paper 1\Sep20\220_CP2-P1_Model solution v2.xlsx","resources/past-papers/raw/CP2/CP2 Paper 1/Sep20/220_CP2-P1_Model solution v2.xlsx","CP2/CP2 Paper 1/Sep20/220_CP2-P1_Model solution v2.xlsx",".xlsx","177846","CEB4F711F322254718CABA44223203676AC94338DB6C472FC1D199F72AEE9DF8","2026-06-15T23:23:19Z"
"CP2","C:\Users\Danha\Downloads\Organised Actuarial Past Papers\CP2\CP2 Paper 1\Sep20\IandF_CP2_202009_Examiners_Report.pdf","resources/past-papers/raw/CP2/CP2 Paper 1/Sep20/IandF_CP2_202009_Examiners_Report.pdf","CP2/CP2 Paper 1/Sep20/IandF_CP2_202009_Examiners_Report.pdf",".pdf","82602","E44AD33BAAC2A9F6FA9CDA3831C4DB4394D8AA350637FA15B6AFDF4A4958C239","2026-06-15T23:23:19Z"
"CP2","C:\Users\Danha\Downloads\Organised Actuarial Past Papers\CP2\CP2 Paper 1\Sep20\IandF_CP2_paper1_202009_Data for candidate.xlsx","resources/past-papers/raw/CP2/CP2 Paper 1/Sep20/IandF_CP2_paper1_202009_Data for candidate.xlsx","CP2/CP2 Paper 1/Sep20/IandF_CP2_paper1_202009_Data for candidate.xlsx",".xlsx","22546","728A26FB70696686FC2124392F6871201627E78543133DDFB7F8C6DC3F50B085","2026-06-15T23:23:19Z"
"CP2","C:\Users\Danha\Downloads\Organised Actuarial Past Papers\CP2\CP2 Paper 1\Sep20\IandF_CP2_paper1_202009_ExamPaper.pdf","resources/past-papers/raw/CP2/CP2 Paper 1/Sep20/IandF_CP2_paper1_202009_ExamPaper.pdf","CP2/CP2 Paper 1/Sep20/IandF_CP2_paper1_202009_ExamPaper.pdf",".pdf","284936","619573C251BC80F7F4AE77E990C398AA443D0A559EA5C10D8A0D84B25F99325A","2026-06-15T23:23:19Z"
"CP2","C:\Users\Danha\Downloads\Organised Actuarial Past Papers\CP2\CP2 Paper 1\Sep21\221 CP2 P2  Model for candidate.xlsx","resources/past-papers/raw/CP2/CP2 Paper 1/Sep21/221 CP2 P2  Model for candidate.xlsx","CP2/CP2 Paper 1/Sep21/221 CP2 P2  Model for candidate.xlsx",".xlsx","52643","3D373BB43196B2BC007B0E35ABF09A03E783A19B6BCE8DD4A0E34704D36E6E82","2026-06-15T23:23:19Z"
"CP2","C:\Users\Danha\Downloads\Organised Actuarial Past Papers\CP2\CP2 Paper 1\Sep21\221 CP2 P2 Model solution.xlsx","resources/past-papers/raw/CP2/CP2 Paper 1/Sep21/221 CP2 P2 Model solution.xlsx","CP2/CP2 Paper 1/Sep21/221 CP2 P2 Model solution.xlsx",".xlsx","96821","05F6386E8DDF7E82C7278F5894E19CF04639DFCB8209935B2DEA1F5BC5B729A5","2026-06-15T23:23:19Z"
"CP2","C:\Users\Danha\Downloads\Organised Actuarial Past Papers\CP2\CP2 Paper 1\Sep21\221 CP2 P2 Summary solution Final.pdf","resources/past-papers/raw/CP2/CP2 Paper 1/Sep21/221 CP2 P2 Summary solution Final.pdf","CP2/CP2 Paper 1/Sep21/221 CP2 P2 Summary solution Final.pdf",".pdf","88940","0ED8959C291D1787D8A346A3A37AD8B33F8692C187D6FA90D8BD870C44A80EDC","2026-06-15T23:23:19Z"
"CP2","C:\Users\Danha\Downloads\Organised Actuarial Past Papers\CP2\CP2 Paper 1\Sep21\221_CP2_P1_Audit trail_v3.pdf","resources/past-papers/raw/CP2/CP2 Paper 1/Sep21/221_CP2_P1_Audit trail_v3.pdf","CP2/CP2 Paper 1/Sep21/221_CP2_P1_Audit trail_v3.pdf",".pdf","47698","3740E5755C9C38D1A694B19906B561672A202A14BC52258947B550CBE1591040","2026-06-15T23:23:19Z"
"CP2","C:\Users\Danha\Downloads\Organised Actuarial Past Papers\CP2\CP2 Paper 1\Sep21\221_CP2_P1_Data for candidate.xlsx","resources/past-papers/raw/CP2/CP2 Paper 1/Sep21/221_CP2_P1_Data for candidate.xlsx","CP2/CP2 Paper 1/Sep21/221_CP2_P1_Data for candidate.xlsx",".xlsx","45277","C41D3B66FDAD2095BA8C0F44B9AA1431DD074B801FF556EE89EF74465D0AD153","2026-06-15T23:23:19Z"
"CP2","C:\Users\Danha\Downloads\Organised Actuarial Past Papers\CP2\CP2 Paper 1\Sep21\221_CP2_P1_Model solution_v3.xlsx","resources/past-papers/raw/CP2/CP2 Paper 1/Sep21/221_CP2_P1_Model solution_v3.xlsx","CP2/CP2 Paper 1/Sep21/221_CP2_P1_Model solution_v3.xlsx",".xlsx","496725","642F06951002FDD921746E701884AA42F3BEFA37759EF92A86F65CBA5ECA1838","2026-06-15T23:23:19Z"
"CP2","C:\Users\Danha\Downloads\Organised Actuarial Past Papers\CP2\CP2 Paper 1\Sep21\CP2-1_221_EXAM_Final Clean.pdf","resources/past-papers/raw/CP2/CP2 Paper 1/Sep21/CP2-1_221_EXAM_Final Clean.pdf","CP2/CP2 Paper 1/Sep21/CP2-1_221_EXAM_Final Clean.pdf",".pdf","213338","13942F710ADD1E3E7AE95653D4077F76346209CB8BD3E326E3F07B6EBB7F2FF1","2026-06-15T23:23:19Z"
"CP2","C:\Users\Danha\Downloads\Organised Actuarial Past Papers\CP2\CP2 Paper 1\Sep21\CP2-2_221_EXAM_Final Clean.pdf","resources/past-papers/raw/CP2/CP2 Paper 1/Sep21/CP2-2_221_EXAM_Final Clean.pdf","CP2/CP2 Paper 1/Sep21/CP2-2_221_EXAM_Final Clean.pdf",".pdf","224407","E15B58625DDF946066C9C47D1968A17FFC3C75E959F786D2FC3BDC6A68EC4F1A","2026-06-15T23:23:19Z"
"CP2","C:\Users\Danha\Downloads\Organised Actuarial Past Papers\CP2\CP2 Paper 1\Sep21\IandF_CP2_paper 1_202109_Examiner Report.pdf","resources/past-papers/raw/CP2/CP2 Paper 1/Sep21/IandF_CP2_paper 1_202109_Examiner Report.pdf","CP2/CP2 Paper 1/Sep21/IandF_CP2_paper 1_202109_Examiner Report.pdf",".pdf","65415","B23DBA655A0181E6F5D7E83FD127F98BFB222B426287E6780E000EB2AB600889","2026-06-15T23:23:19Z"
"CP2","C:\Users\Danha\Downloads\Organised Actuarial Past Papers\CP2\CP2 Paper 1\Sep21\IandF_CP2_paper 2_202109_Examiner Report.pdf","resources/past-papers/raw/CP2/CP2 Paper 1/Sep21/IandF_CP2_paper 2_202109_Examiner Report.pdf","CP2/CP2 Paper 1/Sep21/IandF_CP2_paper 2_202109_Examiner Report.pdf",".pdf","63371","1061862D0671D23E7D083419526BD100E2EB0EBE2191A4FF536C79BCD25D235A","2026-06-15T23:23:19Z"
"CP2","C:\Users\Danha\Downloads\Organised Actuarial Past Papers\CP2\CP2 Paper 1\Sep22\222_CP2_P1_Audit trail (1).docx","resources/past-papers/raw/CP2/CP2 Paper 1/Sep22/222_CP2_P1_Audit trail (1).docx","CP2/CP2 Paper 1/Sep22/222_CP2_P1_Audit trail (1).docx",".docx","30490","8999A5A11126A6C0C4DEE572C323B81D81114F7BCEEE84829C2283148A00249A","2026-06-15T23:23:19Z"
"CP2","C:\Users\Danha\Downloads\Organised Actuarial Past Papers\CP2\CP2 Paper 1\Sep22\222_CP2_P1_Data for Candidate.xlsx","resources/past-papers/raw/CP2/CP2 Paper 1/Sep22/222_CP2_P1_Data for Candidate.xlsx","CP2/CP2 Paper 1/Sep22/222_CP2_P1_Data for Candidate.xlsx",".xlsx","34398","CA28A7D9E3FB180E56C198A0EF912023184C8FA10B62E1E23724E38B16062B9F","2026-06-15T23:23:19Z"
"CP2","C:\Users\Danha\Downloads\Organised Actuarial Past Papers\CP2\CP2 Paper 1\Sep22\222_CP2_P1_Model for Solution.xlsx","resources/past-papers/raw/CP2/CP2 Paper 1/Sep22/222_CP2_P1_Model for Solution.xlsx","CP2/CP2 Paper 1/Sep22/222_CP2_P1_Model for Solution.xlsx",".xlsx","632903","F4148F6959B427BC3BEB5FCEB13E077356BC688DF6D85592479EF216D24713D5","2026-06-15T23:23:19Z"
"CP2","C:\Users\Danha\Downloads\Organised Actuarial Past Papers\CP2\CP2 Paper 1\Sep22\CP2-1_September22_EXAM.pdf","resources/past-papers/raw/CP2/CP2 Paper 1/Sep22/CP2-1_September22_EXAM.pdf","CP2/CP2 Paper 1/Sep22/CP2-1_September22_EXAM.pdf",".pdf","182408","E75C43B3244108F74607B4CC949242E02A83F5138101FFE890B8AB3F80A786EF","2026-06-15T23:23:19Z"
"CP2","C:\Users\Danha\Downloads\Organised Actuarial Past Papers\CP2\CP2 Paper 1\Sep22\IandF_CP2 Paper 1_202209_Examiner Report.pdf","resources/past-papers/raw/CP2/CP2 Paper 1/Sep22/IandF_CP2 Paper 1_202209_Examiner Report.pdf","CP2/CP2 Paper 1/Sep22/IandF_CP2 Paper 1_202209_Examiner Report.pdf",".pdf","120415","3D4EC6D786095F242566756DD130DB4DD9F39A527E98DE3765581F757BBAB0B8","2026-06-15T23:23:19Z"
"CP2","C:\Users\Danha\Downloads\Organised Actuarial Past Papers\CP2\CP2 Paper 1\Sep23\223_CP2_P1_Audit trail.pdf","resources/past-papers/raw/CP2/CP2 Paper 1/Sep23/223_CP2_P1_Audit trail.pdf","CP2/CP2 Paper 1/Sep23/223_CP2_P1_Audit trail.pdf",".pdf","62741","82F386341C20F71B2093EBA1614BFF0982C1EB5C6EDC291AEFE79F818F20D607","2026-06-15T23:23:19Z"
"CP2","C:\Users\Danha\Downloads\Organised Actuarial Past Papers\CP2\CP2 Paper 1\Sep23\223_CP2_P1_Data for Candidate.xlsx","resources/past-papers/raw/CP2/CP2 Paper 1/Sep23/223_CP2_P1_Data for Candidate.xlsx","CP2/CP2 Paper 1/Sep23/223_CP2_P1_Data for Candidate.xlsx",".xlsx","1120415","F0D9CF21531174AEEE9928EBDD6AB5A365781BC463C2675C7C6154CB9279A5CB","2026-06-15T23:23:19Z"
"CP2","C:\Users\Danha\Downloads\Organised Actuarial Past Papers\CP2\CP2 Paper 1\Sep23\223_CP2_P1_Model Solution (1).xlsx","resources/past-papers/raw/CP2/CP2 Paper 1/Sep23/223_CP2_P1_Model Solution (1).xlsx","CP2/CP2 Paper 1/Sep23/223_CP2_P1_Model Solution (1).xlsx",".xlsx","7423075","6E5511835EA5F33331D63287B7EAEF6EE30A559D4AFC982C59163BD9FDA51835","2026-06-15T23:23:19Z"
"CP2","C:\Users\Danha\Downloads\Organised Actuarial Past Papers\CP2\CP2 Paper 1\Sep23\CP2-1_September23_EXAM_Clean Proof.pdf","resources/past-papers/raw/CP2/CP2 Paper 1/Sep23/CP2-1_September23_EXAM_Clean Proof.pdf","CP2/CP2 Paper 1/Sep23/CP2-1_September23_EXAM_Clean Proof.pdf",".pdf","828301","79D33E7830A6595C85BF56B280A480402FF081D199203AA8B7F3F750C79F79D3","2026-06-15T23:23:19Z"
"CP2","C:\Users\Danha\Downloads\Organised Actuarial Past Papers\CP2\CP2 Paper 1\Sep23\IandF_CP21_202309_Examiner Report.pdf","resources/past-papers/raw/CP2/CP2 Paper 1/Sep23/IandF_CP21_202309_Examiner Report.pdf","CP2/CP2 Paper 1/Sep23/IandF_CP21_202309_Examiner Report.pdf",".pdf","83032","462752CF18AB499FDB94FC01B35B9576450E521A8D9E6BA72778A5398860D978","2026-06-15T23:23:19Z"
"CP2","C:\Users\Danha\Downloads\Organised Actuarial Past Papers\CP2\CP2 Paper 1\Sep24\CP2-1_September 2024_Audit trail.docx","resources/past-papers/raw/CP2/CP2 Paper 1/Sep24/CP2-1_September 2024_Audit trail.docx","CP2/CP2 Paper 1/Sep24/CP2-1_September 2024_Audit trail.docx",".docx","47232","D07ABF32B28E226473780545319C374B3B42C56D83A7B3AE2CC606F8378B50ED","2026-06-15T23:23:19Z"
"CP2","C:\Users\Danha\Downloads\Organised Actuarial Past Papers\CP2\CP2 Paper 1\Sep24\CP2-1_September 2024_Data for candidates.xlsx","resources/past-papers/raw/CP2/CP2 Paper 1/Sep24/CP2-1_September 2024_Data for candidates.xlsx","CP2/CP2 Paper 1/Sep24/CP2-1_September 2024_Data for candidates.xlsx",".xlsx","85149","22B8A1D891A5DC631A40BAF9CD6FEF4DE979A21CE757F9A4E7FFD7FB11731FD4","2026-06-15T23:23:19Z"
"CP2","C:\Users\Danha\Downloads\Organised Actuarial Past Papers\CP2\CP2 Paper 1\Sep24\CP2-1_September 2024_Exam Paper.pdf","resources/past-papers/raw/CP2/CP2 Paper 1/Sep24/CP2-1_September 2024_Exam Paper.pdf","CP2/CP2 Paper 1/Sep24/CP2-1_September 2024_Exam Paper.pdf",".pdf","211414","E57FCD2E4E2CF845E14906132F3AE4917DE285315247E9A6AEC75DF5F0BE8B5E","2026-06-15T23:23:19Z"
"CP2","C:\Users\Danha\Downloads\Organised Actuarial Past Papers\CP2\CP2 Paper 1\Sep24\CP2-1_September 2024_Examiner Report.pdf","resources/past-papers/raw/CP2/CP2 Paper 1/Sep24/CP2-1_September 2024_Examiner Report.pdf","CP2/CP2 Paper 1/Sep24/CP2-1_September 2024_Examiner Report.pdf",".pdf","298154","A7E921AEB74D2A62237EE653C2B11A157C53E49BEA10CFEADBBFBF7BF447B9C2","2026-06-15T23:23:19Z"
"CP2","C:\Users\Danha\Downloads\Organised Actuarial Past Papers\CP2\CP2 Paper 1\Sep24\CP2-P1_September 2024_Model for solution.xlsx","resources/past-papers/raw/CP2/CP2 Paper 1/Sep24/CP2-P1_September 2024_Model for solution.xlsx","CP2/CP2 Paper 1/Sep24/CP2-P1_September 2024_Model for solution.xlsx",".xlsx","1207799","439C604D6814213518E9A080D065F15D0E15F025BA9C3FB58563DB675A464E70","2026-06-15T23:23:19Z"
"CP2","C:\Users\Danha\Downloads\Organised Actuarial Past Papers\CP2\CP2 Paper 1\Sep25\CP2_P1_data for candidate.xlsx","resources/past-papers/raw/CP2/CP2 Paper 1/Sep25/CP2_P1_data for candidate.xlsx","CP2/CP2 Paper 1/Sep25/CP2_P1_data for candidate.xlsx",".xlsx","27232","F2FD15DB2A7C500C719B9C1E0C1E16A3138ED68D5AC872B3E8758B96D8C7B78C","2026-06-15T23:23:19Z"
"CP2","C:\Users\Danha\Downloads\Organised Actuarial Past Papers\CP2\CP2 Paper 1\Sep25\CP21_Sept2025_Exam.pdf","resources/past-papers/raw/CP2/CP2 Paper 1/Sep25/CP21_Sept2025_Exam.pdf","CP2/CP2 Paper 1/Sep25/CP21_Sept2025_Exam.pdf",".pdf","273695","C4DBC6A8A5EBF35FE34F1DFA04627379F3F0601A6269826CBA351B99DCBD6FE6","2026-06-15T23:23:19Z"
"CP2","C:\Users\Danha\Downloads\Organised Actuarial Past Papers\CP2\CP2 Paper 2\Apr21\121_CP2-P2_Model for candidates v12.xlsx","resources/past-papers/raw/CP2/CP2 Paper 2/Apr21/121_CP2-P2_Model for candidates v12.xlsx","CP2/CP2 Paper 2/Apr21/121_CP2-P2_Model for candidates v12.xlsx",".xlsx","138789","5E13099038C1835FEF3899A64711D45CC9B91B953A7EA826C6B7181FBE60854A","2026-06-15T23:23:19Z"
"CP2","C:\Users\Danha\Downloads\Organised Actuarial Past Papers\CP2\CP2 Paper 2\Apr21\121_CP2-P2_Model Solution v15.xlsx","resources/past-papers/raw/CP2/CP2 Paper 2/Apr21/121_CP2-P2_Model Solution v15.xlsx","CP2/CP2 Paper 2/Apr21/121_CP2-P2_Model Solution v15.xlsx",".xlsx","162179","E40FDCAE75A17859D88A21E3A5270D14E66C67D7F72148E8796D99347D0F3A28","2026-06-15T23:23:19Z"
"CP2","C:\Users\Danha\Downloads\Organised Actuarial Past Papers\CP2\CP2 Paper 2\Apr21\121_CP2-P2_Summary v15.docx","resources/past-papers/raw/CP2/CP2 Paper 2/Apr21/121_CP2-P2_Summary v15.docx","CP2/CP2 Paper 2/Apr21/121_CP2-P2_Summary v15.docx",".docx","231475","3F75268710F8D7FCF3FCA7587104191E3B59B050528F48D6E4376AA4EA439F03","2026-06-15T23:23:19Z"
"CP2","C:\Users\Danha\Downloads\Organised Actuarial Past Papers\CP2\CP2 Paper 2\Apr21\CP2-2_121_EXAM_Clean Proof.pdf","resources/past-papers/raw/CP2/CP2 Paper 2/Apr21/CP2-2_121_EXAM_Clean Proof.pdf","CP2/CP2 Paper 2/Apr21/CP2-2_121_EXAM_Clean Proof.pdf",".pdf","243221","DCBBB0F14FE978A0EB397D83B5D1889F340FB1218C958FF9FFEFC5A0F2CC76E9","2026-06-15T23:23:19Z"
"CP2","C:\Users\Danha\Downloads\Organised Actuarial Past Papers\CP2\CP2 Paper 2\Apr21\IandF_CP2_202104_Examiners_Report_v1.pdf","resources/past-papers/raw/CP2/CP2 Paper 2/Apr21/IandF_CP2_202104_Examiners_Report_v1.pdf","CP2/CP2 Paper 2/Apr21/IandF_CP2_202104_Examiners_Report_v1.pdf",".pdf","115855","A9C16F1059A2BE866BC5D2368C9AE00A5A2EABA0D713735532FE6E1DDC184A39","2026-06-15T23:23:19Z"
"CP2","C:\Users\Danha\Downloads\Organised Actuarial Past Papers\CP2\CP2 Paper 2\Apr22\122_CP2_P2_Summary_v7.docx","resources/past-papers/raw/CP2/CP2 Paper 2/Apr22/122_CP2_P2_Summary_v7.docx","CP2/CP2 Paper 2/Apr22/122_CP2_P2_Summary_v7.docx",".docx","177230","321DEBDAF4F0BEEFD151EAC4D4373D7DF9892EBEEBE3913758700A106600CB9C","2026-06-15T23:23:19Z"
"CP2","C:\Users\Danha\Downloads\Organised Actuarial Past Papers\CP2\CP2 Paper 2\Apr22\122_CP2-P2_Model for candidate v6.xlsx","resources/past-papers/raw/CP2/CP2 Paper 2/Apr22/122_CP2-P2_Model for candidate v6.xlsx","CP2/CP2 Paper 2/Apr22/122_CP2-P2_Model for candidate v6.xlsx",".xlsx","429966","D91B50D0CE0604AC024E4E072F35B25F3B34A1F998D46F17C7F2AF2184B4A53D","2026-06-15T23:23:19Z"
"CP2","C:\Users\Danha\Downloads\Organised Actuarial Past Papers\CP2\CP2 Paper 2\Apr22\122_CP2-P2_Model solution v7.xlsx","resources/past-papers/raw/CP2/CP2 Paper 2/Apr22/122_CP2-P2_Model solution v7.xlsx","CP2/CP2 Paper 2/Apr22/122_CP2-P2_Model solution v7.xlsx",".xlsx","698902","5961A5DE2597FCD68C18AB1B6AA38C8C0F8E4A6C046E3B8EB06A1587D3D0D723","2026-06-15T23:23:19Z"
"CP2","C:\Users\Danha\Downloads\Organised Actuarial Past Papers\CP2\CP2 Paper 2\Apr22\CP2-2_April22_EXAM_Clean Proof.pdf","resources/past-papers/raw/CP2/CP2 Paper 2/Apr22/CP2-2_April22_EXAM_Clean Proof.pdf","CP2/CP2 Paper 2/Apr22/CP2-2_April22_EXAM_Clean Proof.pdf",".pdf","208212","C52ED21FA41B9CBC9043981F5BB853B184EB36007C05A2F078BF19ED5820E271","2026-06-15T23:23:19Z"
"CP2","C:\Users\Danha\Downloads\Organised Actuarial Past Papers\CP2\CP2 Paper 2\Apr22\IandF_CP2_paper 2_202204_Examiner Report.pdf","resources/past-papers/raw/CP2/CP2 Paper 2/Apr22/IandF_CP2_paper 2_202204_Examiner Report.pdf","CP2/CP2 Paper 2/Apr22/IandF_CP2_paper 2_202204_Examiner Report.pdf",".pdf","51424","F8D9A738E3DBFEDCCCAABE334C9E365CEC4C59A360D0206848C81299BD53543E","2026-06-15T23:23:19Z"
"CP2","C:\Users\Danha\Downloads\Organised Actuarial Past Papers\CP2\CP2 Paper 2\Apr23\123_CP2-P2_Model for Candidate_v2.xlsx","resources/past-papers/raw/CP2/CP2 Paper 2/Apr23/123_CP2-P2_Model for Candidate_v2.xlsx","CP2/CP2 Paper 2/Apr23/123_CP2-P2_Model for Candidate_v2.xlsx",".xlsx","81711","DF81B8B6AAEB0CF275B12BCF5403D1D51D2E3705407571CEE9221853B452C335","2026-06-15T23:23:19Z"
"CP2","C:\Users\Danha\Downloads\Organised Actuarial Past Papers\CP2\CP2 Paper 2\Apr23\123_CP2-P2_Model Solution_V2.xlsx","resources/past-papers/raw/CP2/CP2 Paper 2/Apr23/123_CP2-P2_Model Solution_V2.xlsx","CP2/CP2 Paper 2/Apr23/123_CP2-P2_Model Solution_V2.xlsx",".xlsx","519766","B29CEF10DEB556D8CA3A8DF4D19CB9249253C619A6C2EE924BCE47194F690E1E","2026-06-15T23:23:19Z"
"CP2","C:\Users\Danha\Downloads\Organised Actuarial Past Papers\CP2\CP2 Paper 2\Apr23\123_CP2-P2_Summary_Draft v3.docx","resources/past-papers/raw/CP2/CP2 Paper 2/Apr23/123_CP2-P2_Summary_Draft v3.docx","CP2/CP2 Paper 2/Apr23/123_CP2-P2_Summary_Draft v3.docx",".docx","60667","44B795590F9F7A77B42A822ADC1FA6250094925D921313BF347B8DA5E54EAE88","2026-06-15T23:23:19Z"
"CP2","C:\Users\Danha\Downloads\Organised Actuarial Past Papers\CP2\CP2 Paper 2\Apr23\CP2-2_April23_EXAM_Clean Proof.pdf","resources/past-papers/raw/CP2/CP2 Paper 2/Apr23/CP2-2_April23_EXAM_Clean Proof.pdf","CP2/CP2 Paper 2/Apr23/CP2-2_April23_EXAM_Clean Proof.pdf",".pdf","225322","0EF469D06B9C688D9BC7CC03C2F360F4C56F2FD74368CC72E3884EBEC0F0840E","2026-06-15T23:23:19Z"
"CP2","C:\Users\Danha\Downloads\Organised Actuarial Past Papers\CP2\CP2 Paper 2\Apr23\IandF_CP2 2_202304_Examiner report.pdf","resources/past-papers/raw/CP2/CP2 Paper 2/Apr23/IandF_CP2 2_202304_Examiner report.pdf","CP2/CP2 Paper 2/Apr23/IandF_CP2 2_202304_Examiner report.pdf",".pdf","93233","5611C86A14AC37F0738596C9D7C868D90EA24E53253AD8D33BBC03E1E89ABC8E","2026-06-15T23:23:19Z"
"CP2","C:\Users\Danha\Downloads\Organised Actuarial Past Papers\CP2\CP2 Paper 2\Apr24\CP2-2_April 2024_Examiner Report.pdf","resources/past-papers/raw/CP2/CP2 Paper 2/Apr24/CP2-2_April 2024_Examiner Report.pdf","CP2/CP2 Paper 2/Apr24/CP2-2_April 2024_Examiner Report.pdf",".pdf","318733","FFB26B676337CB8629FBA9E5BBCADDA7D75CB169A0029D2F68FDB51908079A76","2026-06-15T23:23:19Z"
"CP2","C:\Users\Danha\Downloads\Organised Actuarial Past Papers\CP2\CP2 Paper 2\Apr24\CP2-2_April_2024_Exam_Paper.pdf","resources/past-papers/raw/CP2/CP2 Paper 2/Apr24/CP2-2_April_2024_Exam_Paper.pdf","CP2/CP2 Paper 2/Apr24/CP2-2_April_2024_Exam_Paper.pdf",".pdf","223232","E3945C1E07203BD7CFBCF3EB4331AA9800099E41B4F7F573D59834D3B147AC5B","2026-06-15T23:23:19Z"
"CP2","C:\Users\Danha\Downloads\Organised Actuarial Past Papers\CP2\CP2 Paper 2\Apr24\CP2-2_April_2024_Model_for_candidate.xlsx","resources/past-papers/raw/CP2/CP2 Paper 2/Apr24/CP2-2_April_2024_Model_for_candidate.xlsx","CP2/CP2 Paper 2/Apr24/CP2-2_April_2024_Model_for_candidate.xlsx",".xlsx","42436","A36160CBE78C5E13C5B0E0E74766D2A0E200496ADFF3BD8DC667DDE5DA4A5611","2026-06-15T23:23:19Z"
"CP2","C:\Users\Danha\Downloads\Organised Actuarial Past Papers\CP2\CP2 Paper 2\Apr24\CP2-2_Model solution.xlsx","resources/past-papers/raw/CP2/CP2 Paper 2/Apr24/CP2-2_Model solution.xlsx","CP2/CP2 Paper 2/Apr24/CP2-2_Model solution.xlsx",".xlsx","64962","3600F4A3D91E8657EE76B1AAC350531D10A31877889F51A423F593EF0F83849A","2026-06-15T23:23:19Z"
"CP2","C:\Users\Danha\Downloads\Organised Actuarial Past Papers\CP2\CP2 Paper 2\Apr24\CP2-2_Summary Solution_v2.docx","resources/past-papers/raw/CP2/CP2 Paper 2/Apr24/CP2-2_Summary Solution_v2.docx","CP2/CP2 Paper 2/Apr24/CP2-2_Summary Solution_v2.docx",".docx","67538","A055EBC523E462ECDE45D0FC8109240755977857068EE3F7ED44F55AE89CE025","2026-06-15T23:23:19Z"
"CP2","C:\Users\Danha\Downloads\Organised Actuarial Past Papers\CP2\CP2 Paper 2\Apr25\CP2-P2_April2025_Exam Paper.pdf","resources/past-papers/raw/CP2/CP2 Paper 2/Apr25/CP2-P2_April2025_Exam Paper.pdf","CP2/CP2 Paper 2/Apr25/CP2-P2_April2025_Exam Paper.pdf",".pdf","281142","954446C65B3BCB7847B5C6599459ABAD5F3CB0B12DF213E3F0584DCF2B7E5353","2026-06-15T23:23:19Z"
"CP2","C:\Users\Danha\Downloads\Organised Actuarial Past Papers\CP2\CP2 Paper 2\Apr25\CP2-P2_April2025_Examiners' Report.pdf","resources/past-papers/raw/CP2/CP2 Paper 2/Apr25/CP2-P2_April2025_Examiners' Report.pdf","CP2/CP2 Paper 2/Apr25/CP2-P2_April2025_Examiners' Report.pdf",".pdf","726580","CB74289C23CD3A19375B1458D364A8EC725F1D8117D36F5D8B81A57B58C2D372","2026-06-15T23:23:19Z"
"CP2","C:\Users\Danha\Downloads\Organised Actuarial Past Papers\CP2\CP2 Paper 2\Apr25\CP2-P2_April2025_Model For Candidate.xlsx","resources/past-papers/raw/CP2/CP2 Paper 2/Apr25/CP2-P2_April2025_Model For Candidate.xlsx","CP2/CP2 Paper 2/Apr25/CP2-P2_April2025_Model For Candidate.xlsx",".xlsx","75866","8EB1EC5DAAFDC6E27967A934B4C9282B98E7338DABACB2D3B062A0CD4FF577D0","2026-06-15T23:23:19Z"
"CP2","C:\Users\Danha\Downloads\Organised Actuarial Past Papers\CP2\CP2 Paper 2\Apr25\CP2-P2_April2025_Model For Solution.xlsx","resources/past-papers/raw/CP2/CP2 Paper 2/Apr25/CP2-P2_April2025_Model For Solution.xlsx","CP2/CP2 Paper 2/Apr25/CP2-P2_April2025_Model For Solution.xlsx",".xlsx","121747","511227BA3184D254AB6F0E919C0BDC5E82BCC28D5C535ABFA7ED2C7BB7CCD9C3","2026-06-15T23:23:19Z"
"CP2","C:\Users\Danha\Downloads\Organised Actuarial Past Papers\CP2\CP2 Paper 2\Apr25\CP2-P2_April2025_Summary Document.docx","resources/past-papers/raw/CP2/CP2 Paper 2/Apr25/CP2-P2_April2025_Summary Document.docx","CP2/CP2 Paper 2/Apr25/CP2-P2_April2025_Summary Document.docx",".docx","68731","343261F0770DE08E03B6BC23EA08CDE08CCC7450E9CDC09843179EC300EA44E1","2026-06-15T23:23:19Z"
"CP2","C:\Users\Danha\Downloads\Organised Actuarial Past Papers\CP2\CP2 Paper 2\Sep20\220_CP2-P2_Model Solution v3.xlsx","resources/past-papers/raw/CP2/CP2 Paper 2/Sep20/220_CP2-P2_Model Solution v3.xlsx","CP2/CP2 Paper 2/Sep20/220_CP2-P2_Model Solution v3.xlsx",".xlsx","58309","61382D86DE82FC253D4FE48BF7FCAAC65881FC6DF127454E2AD01530AB7BF01E","2026-06-15T23:23:19Z"
"CP2","C:\Users\Danha\Downloads\Organised Actuarial Past Papers\CP2\CP2 Paper 2\Sep20\220_CP2-P2_Summary Document v3.docx","resources/past-papers/raw/CP2/CP2 Paper 2/Sep20/220_CP2-P2_Summary Document v3.docx","CP2/CP2 Paper 2/Sep20/220_CP2-P2_Summary Document v3.docx",".docx","76877","865F16B63BC0D2DC14A6A371E92E4D40D61FE205AB69F121020B04CC028E014D","2026-06-15T23:23:19Z"
"CP2","C:\Users\Danha\Downloads\Organised Actuarial Past Papers\CP2\CP2 Paper 2\Sep20\IandF_CP2_202009_Examiners_Report.pdf","resources/past-papers/raw/CP2/CP2 Paper 2/Sep20/IandF_CP2_202009_Examiners_Report.pdf","CP2/CP2 Paper 2/Sep20/IandF_CP2_202009_Examiners_Report.pdf",".pdf","82602","E44AD33BAAC2A9F6FA9CDA3831C4DB4394D8AA350637FA15B6AFDF4A4958C239","2026-06-15T23:23:19Z"
"CP2","C:\Users\Danha\Downloads\Organised Actuarial Past Papers\CP2\CP2 Paper 2\Sep20\IandF_CP2_paper2_202009_ExamPaper.pdf","resources/past-papers/raw/CP2/CP2 Paper 2/Sep20/IandF_CP2_paper2_202009_ExamPaper.pdf","CP2/CP2 Paper 2/Sep20/IandF_CP2_paper2_202009_ExamPaper.pdf",".pdf","234925","46EDC79D71B12DB3B3DB5B7561631536D811F1ED06B553EA95C7D15891788F45","2026-06-15T23:23:19Z"
"CP2","C:\Users\Danha\Downloads\Organised Actuarial Past Papers\CP2\CP2 Paper 2\Sep20\IandF_CP2_paper2_202009_Model for Candidate.xlsx","resources/past-papers/raw/CP2/CP2 Paper 2/Sep20/IandF_CP2_paper2_202009_Model for Candidate.xlsx","CP2/CP2 Paper 2/Sep20/IandF_CP2_paper2_202009_Model for Candidate.xlsx",".xlsx","25255","98A552B81C7ABE19B24907193819D0CB081945089D9817CFC3C78B4430916F25","2026-06-15T23:23:19Z"
"CP2","C:\Users\Danha\Downloads\Organised Actuarial Past Papers\CP2\CP2 Paper 2\Sep22\222_CP2-P2_Model for candidate.xlsx","resources/past-papers/raw/CP2/CP2 Paper 2/Sep22/222_CP2-P2_Model for candidate.xlsx","CP2/CP2 Paper 2/Sep22/222_CP2-P2_Model for candidate.xlsx",".xlsx","77478","4AD81F313B1236EE553ABCCA9EE562C655FFB3935E03E990DFE87AFF36525FB3","2026-06-15T23:23:19Z"
"CP2","C:\Users\Danha\Downloads\Organised Actuarial Past Papers\CP2\CP2 Paper 2\Sep22\222_CP2-P2_Model solution.xlsx","resources/past-papers/raw/CP2/CP2 Paper 2/Sep22/222_CP2-P2_Model solution.xlsx","CP2/CP2 Paper 2/Sep22/222_CP2-P2_Model solution.xlsx",".xlsx","117935","A6BD6005B105EEDE6A91587E3B90BCE5732F3D6E105327E14CF760558B76A37E","2026-06-15T23:23:19Z"
"CP2","C:\Users\Danha\Downloads\Organised Actuarial Past Papers\CP2\CP2 Paper 2\Sep22\222_CP2-P2_Summary.docx","resources/past-papers/raw/CP2/CP2 Paper 2/Sep22/222_CP2-P2_Summary.docx","CP2/CP2 Paper 2/Sep22/222_CP2-P2_Summary.docx",".docx","55028","95E28A9843255791CA94775CBB66BC13BD4FA0FCFECAB823BECFC0F98D215A2B","2026-06-15T23:23:19Z"
"CP2","C:\Users\Danha\Downloads\Organised Actuarial Past Papers\CP2\CP2 Paper 2\Sep22\CP2-2_September22_EXAM.pdf","resources/past-papers/raw/CP2/CP2 Paper 2/Sep22/CP2-2_September22_EXAM.pdf","CP2/CP2 Paper 2/Sep22/CP2-2_September22_EXAM.pdf",".pdf","194725","E2EBE3600B7BAD9FFEFDE6EAFDABFAACEDFCA1CF8217E20FE40AE51FDFB6329A","2026-06-15T23:23:19Z"
"CP2","C:\Users\Danha\Downloads\Organised Actuarial Past Papers\CP2\CP2 Paper 2\Sep22\IandF_CP2 Paper 2_202209_Examiner Report.pdf","resources/past-papers/raw/CP2/CP2 Paper 2/Sep22/IandF_CP2 Paper 2_202209_Examiner Report.pdf","CP2/CP2 Paper 2/Sep22/IandF_CP2 Paper 2_202209_Examiner Report.pdf",".pdf","119459","820678D6F9374834246931D023238D0202F90BAD444D754259A93971E1D1D116","2026-06-15T23:23:19Z"
"CP2","C:\Users\Danha\Downloads\Organised Actuarial Past Papers\CP2\CP2 Paper 2\Sep23\2023_CP2_P2_Model for solution.xlsx","resources/past-papers/raw/CP2/CP2 Paper 2/Sep23/2023_CP2_P2_Model for solution.xlsx","CP2/CP2 Paper 2/Sep23/2023_CP2_P2_Model for solution.xlsx",".xlsx","6085526","4BD06006BA5112D325338FFDD47BA1C389AC8BC373EA9838C1FF56398EF37B84","2026-06-15T23:23:19Z"
"CP2","C:\Users\Danha\Downloads\Organised Actuarial Past Papers\CP2\CP2 Paper 2\Sep23\223_CP2_P2_Model_for_candidates.xlsx","resources/past-papers/raw/CP2/CP2 Paper 2/Sep23/223_CP2_P2_Model_for_candidates.xlsx","CP2/CP2 Paper 2/Sep23/223_CP2_P2_Model_for_candidates.xlsx",".xlsx","2822168","111471558D30015E84BEDE67CE4139CA91BC935148512BD8EEDD793A2292542E","2026-06-15T23:23:19Z"
"CP2","C:\Users\Danha\Downloads\Organised Actuarial Past Papers\CP2\CP2 Paper 2\Sep23\223_CP2-P2_Summary Document_v1.docx","resources/past-papers/raw/CP2/CP2 Paper 2/Sep23/223_CP2-P2_Summary Document_v1.docx","CP2/CP2 Paper 2/Sep23/223_CP2-P2_Summary Document_v1.docx",".docx","88115","A096F3EA0E832844A602E5844E9156312F34CCF9C2601170FCF4E1142C6562DB","2026-06-15T23:23:19Z"
"CP2","C:\Users\Danha\Downloads\Organised Actuarial Past Papers\CP2\CP2 Paper 2\Sep23\CP2-2_September23_EXAM_Clean Proof.pdf","resources/past-papers/raw/CP2/CP2 Paper 2/Sep23/CP2-2_September23_EXAM_Clean Proof.pdf","CP2/CP2 Paper 2/Sep23/CP2-2_September23_EXAM_Clean Proof.pdf",".pdf","831210","A5F817CDF72CBA2B5EC21E1450A67466BED61E5F3478058E7FBAAE269939EFF3","2026-06-15T23:23:19Z"
"CP2","C:\Users\Danha\Downloads\Organised Actuarial Past Papers\CP2\CP2 Paper 2\Sep23\IandF_CP22_202309_Examiner Report.pdf","resources/past-papers/raw/CP2/CP2 Paper 2/Sep23/IandF_CP22_202309_Examiner Report.pdf","CP2/CP2 Paper 2/Sep23/IandF_CP22_202309_Examiner Report.pdf",".pdf","100422","528818AFC2F3D90A3C131FF3E279566ED82C9035C12A6990D4576023F7211F77","2026-06-15T23:23:19Z"
"CP2","C:\Users\Danha\Downloads\Organised Actuarial Past Papers\CP2\CP2 Paper 2\Sep24\CP2-2_September 2024_Exam Paper.pdf","resources/past-papers/raw/CP2/CP2 Paper 2/Sep24/CP2-2_September 2024_Exam Paper.pdf","CP2/CP2 Paper 2/Sep24/CP2-2_September 2024_Exam Paper.pdf",".pdf","280842","EC6EA2BA7B602D44D16A07E3F287FF123CACD8B91468CC1228E829B17F80511E","2026-06-15T23:23:19Z"
"CP2","C:\Users\Danha\Downloads\Organised Actuarial Past Papers\CP2\CP2 Paper 2\Sep24\CP2-2_September 2024_Examiner Report.pdf","resources/past-papers/raw/CP2/CP2 Paper 2/Sep24/CP2-2_September 2024_Examiner Report.pdf","CP2/CP2 Paper 2/Sep24/CP2-2_September 2024_Examiner Report.pdf",".pdf","350727","1390E8BBC60FCF5C8F9059516836C62A129EB27EC8B0A5BEB321FDAA7DA25ABC","2026-06-15T23:23:19Z"
"CP2","C:\Users\Danha\Downloads\Organised Actuarial Past Papers\CP2\CP2 Paper 2\Sep24\CP2-2_September 2024_Model for candidate.xlsx","resources/past-papers/raw/CP2/CP2 Paper 2/Sep24/CP2-2_September 2024_Model for candidate.xlsx","CP2/CP2 Paper 2/Sep24/CP2-2_September 2024_Model for candidate.xlsx",".xlsx","655691","6CAA40A60EC3EBBADDD39AC84E44FC23F1B4EA426BF3F47EDF7FDAE21F29E399","2026-06-15T23:23:19Z"
"CP2","C:\Users\Danha\Downloads\Organised Actuarial Past Papers\CP2\CP2 Paper 2\Sep24\CP2-2_September 2024_Model solution.xlsx","resources/past-papers/raw/CP2/CP2 Paper 2/Sep24/CP2-2_September 2024_Model solution.xlsx","CP2/CP2 Paper 2/Sep24/CP2-2_September 2024_Model solution.xlsx",".xlsx","917232","7766857C146A015135857FCAC3D7E5A7F603F8BF0892AA6D40C63F9B32E6697A","2026-06-15T23:23:19Z"
"CP2","C:\Users\Danha\Downloads\Organised Actuarial Past Papers\CP2\CP2 Paper 2\Sep24\CP2-2_September 2024_Summary.docx","resources/past-papers/raw/CP2/CP2 Paper 2/Sep24/CP2-2_September 2024_Summary.docx","CP2/CP2 Paper 2/Sep24/CP2-2_September 2024_Summary.docx",".docx","305309","3997967A0E1AA0AA39274DB2680B85BC108A25C95ED394B444F0262E91A1FC7C","2026-06-15T23:23:19Z"
"CP2","C:\Users\Danha\Downloads\Organised Actuarial Past Papers\CP2\CP2 Paper 2\Sep25\CP2_P2_Sept2025_Model for Candidate.xlsx","resources/past-papers/raw/CP2/CP2 Paper 2/Sep25/CP2_P2_Sept2025_Model for Candidate.xlsx","CP2/CP2 Paper 2/Sep25/CP2_P2_Sept2025_Model for Candidate.xlsx",".xlsx","34034","0478EF5931219B8FF33232DFED249855BD7958A0CD9A6C706BA6DEDB5E1D4CB4","2026-06-15T23:23:19Z"
"CP2","C:\Users\Danha\Downloads\Organised Actuarial Past Papers\CP2\CP2 Paper 2\Sep25\CP22_Sept2025_Exam.pdf","resources/past-papers/raw/CP2/CP2 Paper 2/Sep25/CP22_Sept2025_Exam.pdf","CP2/CP2 Paper 2/Sep25/CP22_Sept2025_Exam.pdf",".pdf","251836","D05C3046657F284CA9FA1482206AD6A09905B8BB0717B14AA2D368C790F4A71A","2026-06-15T23:23:19Z"
"CP2","C:\Users\Danha\Downloads\Organised Actuarial Past Papers\CP2\Sep20\IandF_CP2_202009_Examiners_Report.pdf","resources/past-papers/raw/CP2/Sep20/IandF_CP2_202009_Examiners_Report.pdf","CP2/Sep20/IandF_CP2_202009_Examiners_Report.pdf",".pdf","82602","E44AD33BAAC2A9F6FA9CDA3831C4DB4394D8AA350637FA15B6AFDF4A4958C239","2026-06-15T23:23:19Z"
"CP3","C:\Users\Danha\Downloads\Organised Actuarial Past Papers\CP3\Apr21\CP3_121_EXAM.pdf","resources/past-papers/raw/CP3/Apr21/CP3_121_EXAM.pdf","CP3/Apr21/CP3_121_EXAM.pdf",".pdf","194116","4C5A60F6DB57EDABF3955CB242D7EAD7369C249436FFC3909C894EAF0ABBC00E","2026-06-15T23:23:19Z"
"CP3","C:\Users\Danha\Downloads\Organised Actuarial Past Papers\CP3\Apr21\CP3_121_Sample Answer.docx","resources/past-papers/raw/CP3/Apr21/CP3_121_Sample Answer.docx","CP3/Apr21/CP3_121_Sample Answer.docx",".docx","21858","57EB34FC4F58254D236D71BB6A250DFEB57E97F9BBE021F4A113719F905913CC","2026-06-15T23:23:19Z"
"CP3","C:\Users\Danha\Downloads\Organised Actuarial Past Papers\CP3\Apr21\CP3_121_SM.pdf","resources/past-papers/raw/CP3/Apr21/CP3_121_SM.pdf","CP3/Apr21/CP3_121_SM.pdf",".pdf","164997","B9CFD53BCAF525A568FA93345D7C61F408B916BBB3CD797AB892A78D4364BABC","2026-06-15T23:23:19Z"
"CP3","C:\Users\Danha\Downloads\Organised Actuarial Past Papers\CP3\Apr21\IandF_CP3_202104_Examiners_Report_v1.pdf","resources/past-papers/raw/CP3/Apr21/IandF_CP3_202104_Examiners_Report_v1.pdf","CP3/Apr21/IandF_CP3_202104_Examiners_Report_v1.pdf",".pdf","124292","510BA70523042502FE186B4CD3635CFBE006C9590D5F9E7462BD989DECF33A9A","2026-06-15T23:23:19Z"
"CP3","C:\Users\Danha\Downloads\Organised Actuarial Past Papers\CP3\Apr22\CP3_122_Sample Answer.docx","resources/past-papers/raw/CP3/Apr22/CP3_122_Sample Answer.docx","CP3/Apr22/CP3_122_Sample Answer.docx",".docx","29371","9FD175458C620114F9F43AD26D60AA96F7EC1C26AA10B30BAA15908C6C417A35","2026-06-15T23:23:19Z"
"CP3","C:\Users\Danha\Downloads\Organised Actuarial Past Papers\CP3\Apr22\CP3_April22_EXAM_Clean Proof.pdf","resources/past-papers/raw/CP3/Apr22/CP3_April22_EXAM_Clean Proof.pdf","CP3/Apr22/CP3_April22_EXAM_Clean Proof.pdf",".pdf","179764","40F0C7A4F65FB867EB1891CDACB1485FB3E4D2E4882CF6D2C9B48CDF3BD12B93","2026-06-15T23:23:19Z"
"CP3","C:\Users\Danha\Downloads\Organised Actuarial Past Papers\CP3\Apr22\CP3_April22_SM_Clean Proof.pdf","resources/past-papers/raw/CP3/Apr22/CP3_April22_SM_Clean Proof.pdf","CP3/Apr22/CP3_April22_SM_Clean Proof.pdf",".pdf","244396","D025FF3A1D90236538A64B7339DAC61EE5253A8F17BCF95FC8D9E7BAF28950FD","2026-06-15T23:23:19Z"
"CP3","C:\Users\Danha\Downloads\Organised Actuarial Past Papers\CP3\Apr22\landF_CP3_202204_Examiner Report.pdf","resources/past-papers/raw/CP3/Apr22/landF_CP3_202204_Examiner Report.pdf","CP3/Apr22/landF_CP3_202204_Examiner Report.pdf",".pdf","63888","47177165B048170321F2257CCB5A1CA1743E3273B6AE1E12E24BB04C51F1E724","2026-06-15T23:23:19Z"
"CP3","C:\Users\Danha\Downloads\Organised Actuarial Past Papers\CP3\Apr23\CP3_April23_EXAM_Clean Proof.pdf","resources/past-papers/raw/CP3/Apr23/CP3_April23_EXAM_Clean Proof.pdf","CP3/Apr23/CP3_April23_EXAM_Clean Proof.pdf",".pdf","179653","BF09EDE49A25E982C1293CEFDA5525031CF7421C9EB9867301BF9C094B5633C9","2026-06-15T23:23:19Z"
"CP3","C:\Users\Danha\Downloads\Organised Actuarial Past Papers\CP3\Apr23\CP3_April23_SM_Clean Proof.pdf","resources/past-papers/raw/CP3/Apr23/CP3_April23_SM_Clean Proof.pdf","CP3/Apr23/CP3_April23_SM_Clean Proof.pdf",".pdf","738518","65784F9A4253C07836A8D9F10F7B3E142992724109FDE9FFEDD98E801F7C5865","2026-06-15T23:23:19Z"
"CP3","C:\Users\Danha\Downloads\Organised Actuarial Past Papers\CP3\Apr23\IandF_CP3_202304_Examiner Report.pdf","resources/past-papers/raw/CP3/Apr23/IandF_CP3_202304_Examiner Report.pdf","CP3/Apr23/IandF_CP3_202304_Examiner Report.pdf",".pdf","154042","68AED7F73C4EC2B399E0C3735744A8AF4E7A16BE48F6C7BB268F228C76C4532E","2026-06-15T23:23:19Z"
"CP3","C:\Users\Danha\Downloads\Organised Actuarial Past Papers\CP3\Apr24\CP3_April 2024_Examiner Report.pdf","resources/past-papers/raw/CP3/Apr24/CP3_April 2024_Examiner Report.pdf","CP3/Apr24/CP3_April 2024_Examiner Report.pdf",".pdf","293753","8F9E8F8AD5B7D11C8A7E8A49722B76D008C11B751FDE7BBC14ED95407F6322E8","2026-06-15T23:23:19Z"
"CP3","C:\Users\Danha\Downloads\Organised Actuarial Past Papers\CP3\Apr24\CP3_April 2024_Sample Answer.docx","resources/past-papers/raw/CP3/Apr24/CP3_April 2024_Sample Answer.docx","CP3/Apr24/CP3_April 2024_Sample Answer.docx",".docx","38880","B9CF341A10CD576D4A5F9C60F803E6BEBDF463A931FFD46AF066C1057666614F","2026-06-15T23:23:19Z"
"CP3","C:\Users\Danha\Downloads\Organised Actuarial Past Papers\CP3\Apr24\CP3_April_2024_Exam_Paper.pdf","resources/past-papers/raw/CP3/Apr24/CP3_April_2024_Exam_Paper.pdf","CP3/Apr24/CP3_April_2024_Exam_Paper.pdf",".pdf","143397","24EE4A50C382CC7F0F54659ABB53B2EC3DC328B644D6A782A7AF8AEAAAB6B7DF","2026-06-15T23:23:19Z"
"CP3","C:\Users\Danha\Downloads\Organised Actuarial Past Papers\CP3\Apr24\CP3_April_2024_Scenario Material.pdf","resources/past-papers/raw/CP3/Apr24/CP3_April_2024_Scenario Material.pdf","CP3/Apr24/CP3_April_2024_Scenario Material.pdf",".pdf","199358","07A5A3895AFA121716ADA082E8E4E3D3C2BFE31E2E921FF2D8AD67382C5D8F67","2026-06-15T23:23:19Z"
"CP3","C:\Users\Danha\Downloads\Organised Actuarial Past Papers\CP3\Apr25\CP3_April 2025 Exam Data.xlsx","resources/past-papers/raw/CP3/Apr25/CP3_April 2025 Exam Data.xlsx","CP3/Apr25/CP3_April 2025 Exam Data.xlsx",".xlsx","19056","00659F94968921C26BF1F12EA2334CA8A3AA6EBBE9BB950D2B658F9AB2893F9C","2026-06-15T23:23:19Z"
"CP3","C:\Users\Danha\Downloads\Organised Actuarial Past Papers\CP3\Apr25\CP3_April2025_Exam Paper.pdf","resources/past-papers/raw/CP3/Apr25/CP3_April2025_Exam Paper.pdf","CP3/Apr25/CP3_April2025_Exam Paper.pdf",".pdf","183935","67C749524A861E7A04ACD6A76D1C1FECF902448F53EA6A2F9F43C7042A35AFDE","2026-06-15T23:23:19Z"
"CP3","C:\Users\Danha\Downloads\Organised Actuarial Past Papers\CP3\Apr25\CP3_April2025_Examiners' Report.pdf","resources/past-papers/raw/CP3/Apr25/CP3_April2025_Examiners' Report.pdf","CP3/Apr25/CP3_April2025_Examiners' Report.pdf",".pdf","945619","7B22AF9FAC15B445E277FCBDF76694D14BDE15875B8E9B1048CF3283BAD132CD","2026-06-15T23:23:19Z"
"CP3","C:\Users\Danha\Downloads\Organised Actuarial Past Papers\CP3\Apr25\CP3_April2025_Sample Answer.docx","resources/past-papers/raw/CP3/Apr25/CP3_April2025_Sample Answer.docx","CP3/Apr25/CP3_April2025_Sample Answer.docx",".docx","65682","5E3B94424A22A954F62662576DF93A8A98A5EF624BBA174837C0C2687CE37E63","2026-06-15T23:23:19Z"
"CP3","C:\Users\Danha\Downloads\Organised Actuarial Past Papers\CP3\Apr25\CP3_April2025_Scenario Material.pdf","resources/past-papers/raw/CP3/Apr25/CP3_April2025_Scenario Material.pdf","CP3/Apr25/CP3_April2025_Scenario Material.pdf",".pdf","204444","458D54A8831906F0B0E9ACAFC27B7BA7573A5C9D65F5FE66A83B1B484E4CDB60","2026-06-15T23:23:19Z"
"CP3","C:\Users\Danha\Downloads\Organised Actuarial Past Papers\CP3\Sep20\IandF_CP3_202009_Examiners_Report.pdf","resources/past-papers/raw/CP3/Sep20/IandF_CP3_202009_Examiners_Report.pdf","CP3/Sep20/IandF_CP3_202009_Examiners_Report.pdf",".pdf","99851","D58CC3D4BCFD65CB481F94D3649C20076A00913A90A21663677B0A0E50566CCC","2026-06-15T23:23:19Z"
"CP3","C:\Users\Danha\Downloads\Organised Actuarial Past Papers\CP3\Sep20\IandF_CP3_202009_ExamPaper.pdf","resources/past-papers/raw/CP3/Sep20/IandF_CP3_202009_ExamPaper.pdf","CP3/Sep20/IandF_CP3_202009_ExamPaper.pdf",".pdf","185801","0C3997896E2826F16CC24A99320D476D61537A1C7DE4936FB3631B69FEBAB002","2026-06-15T23:23:19Z"
"CP3","C:\Users\Danha\Downloads\Organised Actuarial Past Papers\CP3\Sep20\IandF_CP3_202009_QuestionPaper_BusinessPlan.xlsx","resources/past-papers/raw/CP3/Sep20/IandF_CP3_202009_QuestionPaper_BusinessPlan.xlsx","CP3/Sep20/IandF_CP3_202009_QuestionPaper_BusinessPlan.xlsx",".xlsx","45848","F31B5DC2B6183C29FB471D06465CE0E3E3DFBC3D25A0E12FFAE275A2F859F514","2026-06-15T23:23:19Z"
"CP3","C:\Users\Danha\Downloads\Organised Actuarial Past Papers\CP3\Sep20\IandF_CP3_202009_ScenarioMaterial.pdf","resources/past-papers/raw/CP3/Sep20/IandF_CP3_202009_ScenarioMaterial.pdf","CP3/Sep20/IandF_CP3_202009_ScenarioMaterial.pdf",".pdf","185227","980F8AFD3C5130CB33F5D3104F2F216E9E55576F13E035369323BA37983765D4","2026-06-15T23:23:19Z"
"CP3","C:\Users\Danha\Downloads\Organised Actuarial Past Papers\CP3\Sep20\IandF_CP3_202009_ScenarioMaterial_BusinessPlan.xlsx","resources/past-papers/raw/CP3/Sep20/IandF_CP3_202009_ScenarioMaterial_BusinessPlan.xlsx","CP3/Sep20/IandF_CP3_202009_ScenarioMaterial_BusinessPlan.xlsx",".xlsx","27613","4FFE511E8FE318D3AA9F9FF6095FFBBA9BD11B31355831EDD072931B4AA17BAB","2026-06-15T23:23:19Z"
"CP3","C:\Users\Danha\Downloads\Organised Actuarial Past Papers\CP3\Sep21\CP3_221_EXAM_Clean Proof.pdf","resources/past-papers/raw/CP3/Sep21/CP3_221_EXAM_Clean Proof.pdf","CP3/Sep21/CP3_221_EXAM_Clean Proof.pdf",".pdf","223653","2443D9F2802539FB361187D69ADC486B535291B8E17B75F68D60EC94EC691631","2026-06-15T23:23:19Z"
"CP3","C:\Users\Danha\Downloads\Organised Actuarial Past Papers\CP3\Sep21\CP3_221_SA.pdf","resources/past-papers/raw/CP3/Sep21/CP3_221_SA.pdf","CP3/Sep21/CP3_221_SA.pdf",".pdf","30610","5691838F25F3AC2F69BEFB8E2C048E44FD983A0D27D201C96B4E024F2339963A","2026-06-15T23:23:19Z"
"CP3","C:\Users\Danha\Downloads\Organised Actuarial Past Papers\CP3\Sep21\CP3_221_SM_Clean Proof.pdf","resources/past-papers/raw/CP3/Sep21/CP3_221_SM_Clean Proof.pdf","CP3/Sep21/CP3_221_SM_Clean Proof.pdf",".pdf","246596","36462BEFBB02CE7B7B362C8E87F6ED1664A3F284500FD4663B1EC0583C2857BE","2026-06-15T23:23:19Z"
"CP3","C:\Users\Danha\Downloads\Organised Actuarial Past Papers\CP3\Sep21\IandF_CP3_202109_Examiner Report.pdf","resources/past-papers/raw/CP3/Sep21/IandF_CP3_202109_Examiner Report.pdf","CP3/Sep21/IandF_CP3_202109_Examiner Report.pdf",".pdf","51230","14B13D717E4B4BEEC2D62AB7737452246E283DB924F7325CC107F8E1D60E926B","2026-06-15T23:23:19Z"
"CP3","C:\Users\Danha\Downloads\Organised Actuarial Past Papers\CP3\Sep22\CP3_ September22_EXAM.pdf","resources/past-papers/raw/CP3/Sep22/CP3_ September22_EXAM.pdf","CP3/Sep22/CP3_ September22_EXAM.pdf",".pdf","157168","22D5096187C0DAADA5B716C596FF67404D07CEB08022493564F7C6AB7FA3830B","2026-06-15T23:23:19Z"
"CP3","C:\Users\Danha\Downloads\Organised Actuarial Past Papers\CP3\Sep22\CP3_ September22_Scenario material.pdf","resources/past-papers/raw/CP3/Sep22/CP3_ September22_Scenario material.pdf","CP3/Sep22/CP3_ September22_Scenario material.pdf",".pdf","196162","4F28F054F2CF961037A4CA0203FA46ED0C9FFD637AC7844937E15676E1DFA30B","2026-06-15T23:23:19Z"
"CP3","C:\Users\Danha\Downloads\Organised Actuarial Past Papers\CP3\Sep22\IandF_CP3_202209_Examiner Report.pdf","resources/past-papers/raw/CP3/Sep22/IandF_CP3_202209_Examiner Report.pdf","CP3/Sep22/IandF_CP3_202209_Examiner Report.pdf",".pdf","146553","784B9EECEBC1B52922E5CDAA8ED230ABE3DD40FBE71619F2E74C5F957BC660AE","2026-06-15T23:23:19Z"
"CP3","C:\Users\Danha\Downloads\Organised Actuarial Past Papers\CP3\Sep23\CP3_September23_EXAM_Clean Proof.pdf","resources/past-papers/raw/CP3/Sep23/CP3_September23_EXAM_Clean Proof.pdf","CP3/Sep23/CP3_September23_EXAM_Clean Proof.pdf",".pdf","197753","C23EF061E89702B5CD2FC76BE0F3B99209A53579C611B376F59D4E4A0087F212","2026-06-15T23:23:19Z"
"CP3","C:\Users\Danha\Downloads\Organised Actuarial Past Papers\CP3\Sep23\CP3_September23_Sample Answer.pdf","resources/past-papers/raw/CP3/Sep23/CP3_September23_Sample Answer.pdf","CP3/Sep23/CP3_September23_Sample Answer.pdf",".pdf","124272","B79BA6C666F185333FAEE006CA62F7BFB8286CE92F3F92E79F51ADB0F87D3188","2026-06-15T23:23:19Z"
"CP3","C:\Users\Danha\Downloads\Organised Actuarial Past Papers\CP3\Sep23\CP3_September23_SM_Clean Proof.pdf","resources/past-papers/raw/CP3/Sep23/CP3_September23_SM_Clean Proof.pdf","CP3/Sep23/CP3_September23_SM_Clean Proof.pdf",".pdf","196354","58455F3DC11998F3080F242121EBC3A1A4781FFBAFB29372D900F9DBF7BA402A","2026-06-15T23:23:19Z"
"CP3","C:\Users\Danha\Downloads\Organised Actuarial Past Papers\CP3\Sep23\IandF_CP3_202309_Examiner Report.pdf","resources/past-papers/raw/CP3/Sep23/IandF_CP3_202309_Examiner Report.pdf","CP3/Sep23/IandF_CP3_202309_Examiner Report.pdf",".pdf","139126","2A1EB2E40F24201665D0D2C761D1895636132041BB74670B926472E9E8C88631","2026-06-15T23:23:19Z"
"CP3","C:\Users\Danha\Downloads\Organised Actuarial Past Papers\CP3\Sep24\CP3_September 2024_Exam Paper.pdf","resources/past-papers/raw/CP3/Sep24/CP3_September 2024_Exam Paper.pdf","CP3/Sep24/CP3_September 2024_Exam Paper.pdf",".pdf","169576","9C509EF046C82CC0D5446A42DE30E701A3CF31E35D99C18EE3342386C1D56120","2026-06-15T23:23:19Z"
"CP3","C:\Users\Danha\Downloads\Organised Actuarial Past Papers\CP3\Sep24\CP3_September 2024_Examiner Report.pdf","resources/past-papers/raw/CP3/Sep24/CP3_September 2024_Examiner Report.pdf","CP3/Sep24/CP3_September 2024_Examiner Report.pdf",".pdf","351780","C7D4751D2339D4E2689C4C4022FBE60470F427D9AB9831CF7A17B6AC04A3C151","2026-06-15T23:23:19Z"
"CP3","C:\Users\Danha\Downloads\Organised Actuarial Past Papers\CP3\Sep24\CP3_September 2024_Scenario Material.pdf","resources/past-papers/raw/CP3/Sep24/CP3_September 2024_Scenario Material.pdf","CP3/Sep24/CP3_September 2024_Scenario Material.pdf",".pdf","187725","9A223A0E0085AF84B282981856241876C77F78EBE7C3F0984FAFE505E49C6858","2026-06-15T23:23:19Z"
"CP3","C:\Users\Danha\Downloads\Organised Actuarial Past Papers\CP3\Sep25\CP3 Sept2025 exam data.xlsx","resources/past-papers/raw/CP3/Sep25/CP3 Sept2025 exam data.xlsx","CP3/Sep25/CP3 Sept2025 exam data.xlsx",".xlsx","20794","4A4BF02D628DB3176EEE5005EEE161F791B7DD12AB3D1017BD916FA56D6A3D22","2026-06-15T23:23:19Z"
"CP3","C:\Users\Danha\Downloads\Organised Actuarial Past Papers\CP3\Sep25\CP3_Sept2025_Exam.pdf","resources/past-papers/raw/CP3/Sep25/CP3_Sept2025_Exam.pdf","CP3/Sep25/CP3_Sept2025_Exam.pdf",".pdf","164153","83B86BF6AE1364A49EBC408F3BA27317573FC6A05DC3471AD37BC12881618C66","2026-06-15T23:23:19Z"
"CP3","C:\Users\Danha\Downloads\Organised Actuarial Past Papers\CP3\Sep25\CP3_Sept2025_Scenario Material.pdf","resources/past-papers/raw/CP3/Sep25/CP3_Sept2025_Scenario Material.pdf","CP3/Sep25/CP3_Sept2025_Scenario Material.pdf",".pdf","261780","A2801670888C7195D5F3C60F03DFDA4D2A1C3ED163D424C2E125B0AD4F54B1FC","2026-06-15T23:23:19Z"
"CS1","C:\Users\Danha\Downloads\Organised Actuarial Past Papers\CS1\CS1A\Apr21\CS1A_121_EXAM.pdf","resources/past-papers/raw/CS1/CS1A/Apr21/CS1A_121_EXAM.pdf","CS1/CS1A/Apr21/CS1A_121_EXAM.pdf",".pdf","247983","391AE401FC3C02E9523FF5ECAA9828110934147D82C749333C03185D6A046234","2026-06-15T23:23:19Z"
"CS1","C:\Users\Danha\Downloads\Organised Actuarial Past Papers\CS1\CS1A\Apr21\IandF_CS1 Paper A_202104_Examiners_Report.pdf","resources/past-papers/raw/CS1/CS1A/Apr21/IandF_CS1 Paper A_202104_Examiners_Report.pdf","CS1/CS1A/Apr21/IandF_CS1 Paper A_202104_Examiners_Report.pdf",".pdf","186962","A4ED3AB14ED5BD57B32AEF0E6A68658986B294592D30FB912A6EB2B8D7B4A471","2026-06-15T23:23:19Z"
"CS1","C:\Users\Danha\Downloads\Organised Actuarial Past Papers\CS1\CS1A\Apr22\CS1A_April22_EXAM_Clean Proof.pdf","resources/past-papers/raw/CS1/CS1A/Apr22/CS1A_April22_EXAM_Clean Proof.pdf","CS1/CS1A/Apr22/CS1A_April22_EXAM_Clean Proof.pdf",".pdf","468134","3F3465089E17BA3F839E0683D838C1D914B1D3B1315E69E6A1FABDFA7E7EC11A","2026-06-15T23:23:19Z"
"CS1","C:\Users\Danha\Downloads\Organised Actuarial Past Papers\CS1\CS1A\Apr22\IandF_CS1_Paper A_202204_Examiner Report.pdf","resources/past-papers/raw/CS1/CS1A/Apr22/IandF_CS1_Paper A_202204_Examiner Report.pdf","CS1/CS1A/Apr22/IandF_CS1_Paper A_202204_Examiner Report.pdf",".pdf","220287","C16AD062CCC8A7CA9E9013E282C90AE752D8E4D13FC27139A35539EE5F3CE673","2026-06-15T23:23:19Z"
"CS1","C:\Users\Danha\Downloads\Organised Actuarial Past Papers\CS1\CS1A\Apr23\CS1A_April23_EXAM_Clean Proof_v2.pdf","resources/past-papers/raw/CS1/CS1A/Apr23/CS1A_April23_EXAM_Clean Proof_v2.pdf","CS1/CS1A/Apr23/CS1A_April23_EXAM_Clean Proof_v2.pdf",".pdf","246860","6C87CF7C54AC899AA3C9B2BCA6B939FC8F4B947C23E0E023C0B4ACE0769C04ED","2026-06-15T23:23:19Z"
"CS1","C:\Users\Danha\Downloads\Organised Actuarial Past Papers\CS1\CS1A\Apr23\IandF_CS1A_202304_Examiner Report.pdf","resources/past-papers/raw/CS1/CS1A/Apr23/IandF_CS1A_202304_Examiner Report.pdf","CS1/CS1A/Apr23/IandF_CS1A_202304_Examiner Report.pdf",".pdf","242363","300C00997B1CCE89810EA713054E020576B5E5FDC34835430BF8DAEC7A262556","2026-06-15T23:23:19Z"
"CS1","C:\Users\Danha\Downloads\Organised Actuarial Past Papers\CS1\CS1A\Apr24\CS1A_April 2024_Examiner Report.pdf","resources/past-papers/raw/CS1/CS1A/Apr24/CS1A_April 2024_Examiner Report.pdf","CS1/CS1A/Apr24/CS1A_April 2024_Examiner Report.pdf",".pdf","377025","EC5C5E88383041692466C31E8F8F18D8347CE43ECC0C90C3C600D6CFECCFA643","2026-06-15T23:23:19Z"
"CS1","C:\Users\Danha\Downloads\Organised Actuarial Past Papers\CS1\CS1A\Apr24\CS1A_April_2024_Exam_Paper.pdf","resources/past-papers/raw/CS1/CS1A/Apr24/CS1A_April_2024_Exam_Paper.pdf","CS1/CS1A/Apr24/CS1A_April_2024_Exam_Paper.pdf",".pdf","196678","779D156D4055AF9FEED811044C2DA655A43896BFF89961B459870D1A560C18E0","2026-06-15T23:23:19Z"
"CS1","C:\Users\Danha\Downloads\Organised Actuarial Past Papers\CS1\CS1A\Apr25\CS1A_April2025_Exam Paper.pdf","resources/past-papers/raw/CS1/CS1A/Apr25/CS1A_April2025_Exam Paper.pdf","CS1/CS1A/Apr25/CS1A_April2025_Exam Paper.pdf",".pdf","343398","4F203788F2A04717589E6F3BD54E56DD3444B3C7DA1C45CBAB13C09DF9202031","2026-06-15T23:23:19Z"
"CS1","C:\Users\Danha\Downloads\Organised Actuarial Past Papers\CS1\CS1A\Apr25\CS1A_April2025_Examiners' Report.pdf","resources/past-papers/raw/CS1/CS1A/Apr25/CS1A_April2025_Examiners' Report.pdf","CS1/CS1A/Apr25/CS1A_April2025_Examiners' Report.pdf",".pdf","1020747","EC8A661ED64BE018BCFFFA60E10362A1185CA810CC3B6665A1D3F63C452EEE64","2026-06-15T23:23:19Z"
"CS1","C:\Users\Danha\Downloads\Organised Actuarial Past Papers\CS1\CS1A\Sep20\IandF_CS1A_202009_Examiners_Report.pdf","resources/past-papers/raw/CS1/CS1A/Sep20/IandF_CS1A_202009_Examiners_Report.pdf","CS1/CS1A/Sep20/IandF_CS1A_202009_Examiners_Report.pdf",".pdf","131258","BE8DEEF624EED70970CB5B589FBE5ADE7FC694B6F4675EB9504B16400E3343C5","2026-06-15T23:23:19Z"
"CS1","C:\Users\Danha\Downloads\Organised Actuarial Past Papers\CS1\CS1A\Sep20\IandF_CS1A_202009_ExamPaper.pdf","resources/past-papers/raw/CS1/CS1A/Sep20/IandF_CS1A_202009_ExamPaper.pdf","CS1/CS1A/Sep20/IandF_CS1A_202009_ExamPaper.pdf",".pdf","388928","FC854771CDFB475938EE59D4928799E60488543460BAE5D330EF7B09EEFAEFC9","2026-06-15T23:23:19Z"
"CS1","C:\Users\Danha\Downloads\Organised Actuarial Past Papers\CS1\CS1A\Sep21\CS1A_221_EXAM_Final Clean.pdf","resources/past-papers/raw/CS1/CS1A/Sep21/CS1A_221_EXAM_Final Clean.pdf","CS1/CS1A/Sep21/CS1A_221_EXAM_Final Clean.pdf",".pdf","271087","BE60BCB910BC15837DA61E97CE4E3ADBF0C6F84CB145AF81FA7F9EB24C9376DC","2026-06-15T23:23:19Z"
"CS1","C:\Users\Danha\Downloads\Organised Actuarial Past Papers\CS1\CS1A\Sep21\IandF_CS1A_202109_Examiner Report.pdf","resources/past-papers/raw/CS1/CS1A/Sep21/IandF_CS1A_202109_Examiner Report.pdf","CS1/CS1A/Sep21/IandF_CS1A_202109_Examiner Report.pdf",".pdf","184406","639C2D95D95117032D12E9BA2E42CB7A933DFF6AECA0F2C87DD7474801C57907","2026-06-15T23:23:19Z"
"CS1","C:\Users\Danha\Downloads\Organised Actuarial Past Papers\CS1\CS1A\Sep22\CS1A_September22_EXAM.pdf","resources/past-papers/raw/CS1/CS1A/Sep22/CS1A_September22_EXAM.pdf","CS1/CS1A/Sep22/CS1A_September22_EXAM.pdf",".pdf","313076","A04F371A5B9CCA32212A05A42CD76ECED6155621E843B487CF5462F17C085CCA","2026-06-15T23:23:19Z"
"CS1","C:\Users\Danha\Downloads\Organised Actuarial Past Papers\CS1\CS1A\Sep22\IandF_CS1A_202209_Examiner Report.pdf","resources/past-papers/raw/CS1/CS1A/Sep22/IandF_CS1A_202209_Examiner Report.pdf","CS1/CS1A/Sep22/IandF_CS1A_202209_Examiner Report.pdf",".pdf","185131","97961A7ADD7F6B683771B1371FD32F326E2D3CAEA9F0B289A25C6E966CF55240","2026-06-15T23:23:19Z"
"CS1","C:\Users\Danha\Downloads\Organised Actuarial Past Papers\CS1\CS1A\Sep23\CS1A_September 23_EXAM_Clean Proof.pdf","resources/past-papers/raw/CS1/CS1A/Sep23/CS1A_September 23_EXAM_Clean Proof.pdf","CS1/CS1A/Sep23/CS1A_September 23_EXAM_Clean Proof.pdf",".pdf","443942","B2BCF8A0850A1F6D18F4C0BF9E31005FA938A56D0E58990AE07485B33401C9B0","2026-06-15T23:23:19Z"
"CS1","C:\Users\Danha\Downloads\Organised Actuarial Past Papers\CS1\CS1A\Sep23\IandF_CS1A_202309_Examiner Report.pdf","resources/past-papers/raw/CS1/CS1A/Sep23/IandF_CS1A_202309_Examiner Report.pdf","CS1/CS1A/Sep23/IandF_CS1A_202309_Examiner Report.pdf",".pdf","206799","0B3EEA792C7CFA84E8497C0A56B3C4575550076341E6F2634429C8875DE40983","2026-06-15T23:23:19Z"
"CS1","C:\Users\Danha\Downloads\Organised Actuarial Past Papers\CS1\CS1A\Sep24\CS1A _September 2024_Exam Paper.pdf","resources/past-papers/raw/CS1/CS1A/Sep24/CS1A _September 2024_Exam Paper.pdf","CS1/CS1A/Sep24/CS1A _September 2024_Exam Paper.pdf",".pdf","241803","C4950408159DCB21ADB9DE9F1C2CDCCA081D259840D306918E5B719E6BDCF2D8","2026-06-15T23:23:19Z"
"CS1","C:\Users\Danha\Downloads\Organised Actuarial Past Papers\CS1\CS1A\Sep24\CS1A_September 2024_Examiner Report.pdf","resources/past-papers/raw/CS1/CS1A/Sep24/CS1A_September 2024_Examiner Report.pdf","CS1/CS1A/Sep24/CS1A_September 2024_Examiner Report.pdf",".pdf","452015","9BD0929E49483CE22406C94EB8EC4333E353691208764CCBFD9FCD23D04BB3AC","2026-06-15T23:23:19Z"
"CS1","C:\Users\Danha\Downloads\Organised Actuarial Past Papers\CS1\CS1A\Sep25\CS1A_Sept2025_EXAM.pdf","resources/past-papers/raw/CS1/CS1A/Sep25/CS1A_Sept2025_EXAM.pdf","CS1/CS1A/Sep25/CS1A_Sept2025_EXAM.pdf",".pdf","342665","864D084300CB5190A45D6063B565AEAE034826A2B106EEF3E07FC6717B9101EB","2026-06-15T23:23:19Z"
"CS1","C:\Users\Danha\Downloads\Organised Actuarial Past Papers\CS1\CS1B\Apr21\BinaryTrain.RData","resources/past-papers/raw/CS1/CS1B/Apr21/BinaryTrain.RData","CS1/CS1B/Apr21/BinaryTrain.RData",".rdata","136","082FD8B081212074D5FA73753BD0B4AE2B7E860A44C4936CB40CBEE7D706C57C","2026-06-15T23:23:19Z"
"CS1","C:\Users\Danha\Downloads\Organised Actuarial Past Papers\CS1\CS1B\Apr21\CS1B Pre-work material instruction April 2021.docx","resources/past-papers/raw/CS1/CS1B/Apr21/CS1B Pre-work material instruction April 2021.docx","CS1/CS1B/Apr21/CS1B Pre-work material instruction April 2021.docx",".docx","18165","4AF181351A554B11BEE43C934F333DC484B09F444344E9490575E83A994600C3","2026-06-15T23:23:19Z"
"CS1","C:\Users\Danha\Downloads\Organised Actuarial Past Papers\CS1\CS1B\Apr21\CS1B_121_EXAM.pdf","resources/past-papers/raw/CS1/CS1B/Apr21/CS1B_121_EXAM.pdf","CS1/CS1B/Apr21/CS1B_121_EXAM.pdf",".pdf","257482","58ACDDB27BA7CD5B1D564529444B71CD56BD63814F5E368E2F11ABA96BB98152","2026-06-15T23:23:19Z"
"CS1","C:\Users\Danha\Downloads\Organised Actuarial Past Papers\CS1\CS1B\Apr21\CS1passenger.RData","resources/past-papers/raw/CS1/CS1B/Apr21/CS1passenger.RData","CS1/CS1B/Apr21/CS1passenger.RData",".rdata","427","93D5011955DD767432C7D60C3937F87C9399D684F49EEA0FFE1830DAE170B2FD","2026-06-15T23:23:19Z"
"CS1","C:\Users\Danha\Downloads\Organised Actuarial Past Papers\CS1\CS1B\Apr21\IandF_CS1 Paper B_202104_Examiners_Report.pdf","resources/past-papers/raw/CS1/CS1B/Apr21/IandF_CS1 Paper B_202104_Examiners_Report.pdf","CS1/CS1B/Apr21/IandF_CS1 Paper B_202104_Examiners_Report.pdf",".pdf","140632","2820885D95DC896EF83DFE271F0F25794BC7B3F8C208B8813454D4473344A720","2026-06-15T23:23:19Z"
"CS1","C:\Users\Danha\Downloads\Organised Actuarial Past Papers\CS1\CS1B\Apr22\CarInsurance.Rdata","resources/past-papers/raw/CS1/CS1B/Apr22/CarInsurance.Rdata","CS1/CS1B/Apr22/CarInsurance.Rdata",".rdata","16674","4F687468384F6126DD8C1A9E090E6E97CE9F28A6B8706BF944579EA0C3D5CD4A","2026-06-15T23:23:19Z"
"CS1","C:\Users\Danha\Downloads\Organised Actuarial Past Papers\CS1\CS1B\Apr22\claims.RData","resources/past-papers/raw/CS1/CS1B/Apr22/claims.RData","CS1/CS1B/Apr22/claims.RData",".rdata","261","1A0828D1A20D238CA6AE598D0FA3E98F43ACD1F6457FF8FBEFB71C03CE3B8CC6","2026-06-15T23:23:19Z"
"CS1","C:\Users\Danha\Downloads\Organised Actuarial Past Papers\CS1\CS1B\Apr22\CS1B_April22_EXAM_Clean Proof.pdf","resources/past-papers/raw/CS1/CS1B/Apr22/CS1B_April22_EXAM_Clean Proof.pdf","CS1/CS1B/Apr22/CS1B_April22_EXAM_Clean Proof.pdf",".pdf","275796","17FE68AA95DAC4A221B3355E4FBEB468AAD24A417AC985B92F7336204E51312A","2026-06-15T23:23:19Z"
"CS1","C:\Users\Danha\Downloads\Organised Actuarial Past Papers\CS1\CS1B\Apr22\IandF_CS1_Paper B_202204_Examiner Report.pdf","resources/past-papers/raw/CS1/CS1B/Apr22/IandF_CS1_Paper B_202204_Examiner Report.pdf","CS1/CS1B/Apr22/IandF_CS1_Paper B_202204_Examiner Report.pdf",".pdf","170363","16CEF9046EF65F1AFDA256DDB80A7B471C99FE121B366CF4E59E78F79B86B99B","2026-06-15T23:23:19Z"
"CS1","C:\Users\Danha\Downloads\Organised Actuarial Past Papers\CS1\CS1B\Apr23\CS1B Pre-work material instruction April 2023.docx","resources/past-papers/raw/CS1/CS1B/Apr23/CS1B Pre-work material instruction April 2023.docx","CS1/CS1B/Apr23/CS1B Pre-work material instruction April 2023.docx",".docx","17873","561AB60D58350D8D28C1E6B3E73E94E010739B04D6392886E534F1F4C2DD3AE6","2026-06-15T23:23:19Z"
"CS1","C:\Users\Danha\Downloads\Organised Actuarial Past Papers\CS1\CS1B\Apr23\CS1B_April23_EXAM_Clean Proof_v2.pdf","resources/past-papers/raw/CS1/CS1B/Apr23/CS1B_April23_EXAM_Clean Proof_v2.pdf","CS1/CS1B/Apr23/CS1B_April23_EXAM_Clean Proof_v2.pdf",".pdf","222588","FAB56CB6F3CF5853B38783370AC406EDDE7A182BEF0CE59AF3E719F1B1095045","2026-06-15T23:23:19Z"
"CS1","C:\Users\Danha\Downloads\Organised Actuarial Past Papers\CS1\CS1B\Apr23\CS1policies.Rdata","resources/past-papers/raw/CS1/CS1B/Apr23/CS1policies.Rdata","CS1/CS1B/Apr23/CS1policies.Rdata",".rdata","4770","59C8C0FE1E3C85F1F4C81A33ADBB48837DDE24DA98576ECC707C36B539CE60A1","2026-06-15T23:23:19Z"
"CS1","C:\Users\Danha\Downloads\Organised Actuarial Past Papers\CS1\CS1B\Apr23\heights.Rdata","resources/past-papers/raw/CS1/CS1B/Apr23/heights.Rdata","CS1/CS1B/Apr23/heights.Rdata",".rdata","339","D78B3D7E31EED8BA473F390F605E4139637C4DEC6238A8A3B5DE0AEC92509678","2026-06-15T23:23:19Z"
"CS1","C:\Users\Danha\Downloads\Organised Actuarial Past Papers\CS1\CS1B\Apr23\IandF_CS1B_202304_Examiner Report.pdf","resources/past-papers/raw/CS1/CS1B/Apr23/IandF_CS1B_202304_Examiner Report.pdf","CS1/CS1B/Apr23/IandF_CS1B_202304_Examiner Report.pdf",".pdf","211409","1F596C8242778AB3F15D638CC95D8639D06DEF0D627CB544421744A440151897","2026-06-15T23:23:19Z"
"CS1","C:\Users\Danha\Downloads\Organised Actuarial Past Papers\CS1\CS1B\Apr24\AmountYears.RData","resources/past-papers/raw/CS1/CS1B/Apr24/AmountYears.RData","CS1/CS1B/Apr24/AmountYears.RData",".rdata","235","F14EB0B247CF15A00248FDBA8831FEBE289A8075735DDFD181CE7F681DE2782F","2026-06-15T23:23:19Z"
"CS1","C:\Users\Danha\Downloads\Organised Actuarial Past Papers\CS1\CS1B\Apr24\ClaimsData.Rdata","resources/past-papers/raw/CS1/CS1B/Apr24/ClaimsData.Rdata","CS1/CS1B/Apr24/ClaimsData.Rdata",".rdata","634","7B0543C043B1E836ABF22B6CBF86A7B29BD8F972F6F8CE954B23125743ADD48C","2026-06-15T23:23:19Z"
"CS1","C:\Users\Danha\Downloads\Organised Actuarial Past Papers\CS1\CS1B\Apr24\CS1B_April 2024_Examiner Report.pdf","resources/past-papers/raw/CS1/CS1B/Apr24/CS1B_April 2024_Examiner Report.pdf","CS1/CS1B/Apr24/CS1B_April 2024_Examiner Report.pdf",".pdf","749869","75A73B5D53B0E501E591FB1518E4CBD284833DABFE752B7A6C02232B1BCC30C5","2026-06-15T23:23:19Z"
"CS1","C:\Users\Danha\Downloads\Organised Actuarial Past Papers\CS1\CS1B\Apr24\CS1B_April_2024_Exam_Paper.pdf","resources/past-papers/raw/CS1/CS1B/Apr24/CS1B_April_2024_Exam_Paper.pdf","CS1/CS1B/Apr24/CS1B_April_2024_Exam_Paper.pdf",".pdf","218997","F8324B6A0CAF0C4271F99FF8EC5B93C2456DC7CEBD978FBB3F2840CB53FB2E11","2026-06-15T23:23:19Z"
"CS1","C:\Users\Danha\Downloads\Organised Actuarial Past Papers\CS1\CS1B\Apr24\CS1B_April_2024_Pre-work_material_instruction.docx","resources/past-papers/raw/CS1/CS1B/Apr24/CS1B_April_2024_Pre-work_material_instruction.docx","CS1/CS1B/Apr24/CS1B_April_2024_Pre-work_material_instruction.docx",".docx","24546","7554CF8614D4F9639F3C2662A83D3DBFAF8E929C77E8EB09596B0925825097FD","2026-06-15T23:23:19Z"
"CS1","C:\Users\Danha\Downloads\Organised Actuarial Past Papers\CS1\CS1B\Apr24\firms.Rdata","resources/past-papers/raw/CS1/CS1B/Apr24/firms.Rdata","CS1/CS1B/Apr24/firms.Rdata",".rdata","978","CD613BDB255D0EEFFA683F55B1EF6C86C8ABC5EC5EB114067BF77355A01D86FC","2026-06-15T23:23:19Z"
"CS1","C:\Users\Danha\Downloads\Organised Actuarial Past Papers\CS1\CS1B\Apr24\MCTestResults.Rdata","resources/past-papers/raw/CS1/CS1B/Apr24/MCTestResults.Rdata","CS1/CS1B/Apr24/MCTestResults.Rdata",".rdata","218","B038D32EC8D5B16F2072ACBE60047FC46268C87EC77E83FD57EE57889E1A3A8F","2026-06-15T23:23:19Z"
"CS1","C:\Users\Danha\Downloads\Organised Actuarial Past Papers\CS1\CS1B\Apr24\randomSample.Rdata","resources/past-papers/raw/CS1/CS1B/Apr24/randomSample.Rdata","CS1/CS1B/Apr24/randomSample.Rdata",".rdata","881","238DBB5E99E7ACF6BB39EFDFBFB65C36252FCFBD9BC1F5931177511EE0BFDC05","2026-06-15T23:23:19Z"
"CS1","C:\Users\Danha\Downloads\Organised Actuarial Past Papers\CS1\CS1B\Apr25\CS1B HealthCareIndex.Rdata","resources/past-papers/raw/CS1/CS1B/Apr25/CS1B HealthCareIndex.Rdata","CS1/CS1B/Apr25/CS1B HealthCareIndex.Rdata",".rdata","4150","6F4F84E88660A116AEA5003A6001C565F047FD881E6A4B65C3C5B0AD828BEB6E","2026-06-15T23:23:19Z"
"CS1","C:\Users\Danha\Downloads\Organised Actuarial Past Papers\CS1\CS1B\Apr25\CS1B StoppingDistance.RData","resources/past-papers/raw/CS1/CS1B/Apr25/CS1B StoppingDistance.RData","CS1/CS1B/Apr25/CS1B StoppingDistance.RData",".rdata","2803","9DB8DAC9C5DE82D80905C3BA4A4A82203295E68ACDD0058326FA189854948863","2026-06-15T23:23:19Z"
"CS1","C:\Users\Danha\Downloads\Organised Actuarial Past Papers\CS1\CS1B\Apr25\CS1B_April2025_Exam Paper.pdf","resources/past-papers/raw/CS1/CS1B/Apr25/CS1B_April2025_Exam Paper.pdf","CS1/CS1B/Apr25/CS1B_April2025_Exam Paper.pdf",".pdf","301200","E3C2F9EB2F2144FFE161D36CEFF35D1917EBDEABD6CCC583DA376887E72B0E37","2026-06-15T23:23:19Z"
"CS1","C:\Users\Danha\Downloads\Organised Actuarial Past Papers\CS1\CS1B\Apr25\CS1B_April2025_Examiners' Report.pdf","resources/past-papers/raw/CS1/CS1B/Apr25/CS1B_April2025_Examiners' Report.pdf","CS1/CS1B/Apr25/CS1B_April2025_Examiners' Report.pdf",".pdf","1150660","F53E83C2C32A1578D9CAE0D7E10661C4A74A0B3460390931464729AE9A4EE55F","2026-06-15T23:23:19Z"
"CS1","C:\Users\Danha\Downloads\Organised Actuarial Past Papers\CS1\CS1B\Apr25\CS1B_houses.RData","resources/past-papers/raw/CS1/CS1B/Apr25/CS1B_houses.RData","CS1/CS1B/Apr25/CS1B_houses.RData",".rdata","932","DBCF9945B8E1402892E175603DADCE1303C75B2BF5DCFEF001AB930A0811DFB9","2026-06-15T23:23:19Z"
"CS1","C:\Users\Danha\Downloads\Organised Actuarial Past Papers\CS1\CS1B\Sep20\IandF_CS1B_202009_Examiners_Report.pdf","resources/past-papers/raw/CS1/CS1B/Sep20/IandF_CS1B_202009_Examiners_Report.pdf","CS1/CS1B/Sep20/IandF_CS1B_202009_Examiners_Report.pdf",".pdf","162112","4A1A9053376091BB938DEE23D1ECA2F5264445538CC2B3343F1D88475217BEC7","2026-06-15T23:23:19Z"
"CS1","C:\Users\Danha\Downloads\Organised Actuarial Past Papers\CS1\CS1B\Sep20\IandF_CS1B_202009_ExamPaper.pdf","resources/past-papers/raw/CS1/CS1B/Sep20/IandF_CS1B_202009_ExamPaper.pdf","CS1/CS1B/Sep20/IandF_CS1B_202009_ExamPaper.pdf",".pdf","402793","19C697AC0B1F45F8FF97DE534E4D0DA78853270347491EDE5C1EA402A25EC86F","2026-06-15T23:23:19Z"
"CS1","C:\Users\Danha\Downloads\Organised Actuarial Past Papers\CS1\CS1B\Sep20\smoking_data.RData","resources/past-papers/raw/CS1/CS1B/Sep20/smoking_data.RData","CS1/CS1B/Sep20/smoking_data.RData",".rdata","377","93BDBB66A20FFA86BCC0E22F65143A2793389AAC141473371F18FD5087D8FC54","2026-06-15T23:23:19Z"
"CS1","C:\Users\Danha\Downloads\Organised Actuarial Past Papers\CS1\CS1B\Sep21\Claims_Experience.RData","resources/past-papers/raw/CS1/CS1B/Sep21/Claims_Experience.RData","CS1/CS1B/Sep21/Claims_Experience.RData",".rdata","48209","56635FA3F8E204F2F7806C6A6F401970869CBC8AA3F0A90C30CB8A9CA8B6D701","2026-06-15T23:23:19Z"
"CS1","C:\Users\Danha\Downloads\Organised Actuarial Past Papers\CS1\CS1B\Sep21\CS1B Pre-work material instruction September 2021.pdf","resources/past-papers/raw/CS1/CS1B/Sep21/CS1B Pre-work material instruction September 2021.pdf","CS1/CS1B/Sep21/CS1B Pre-work material instruction September 2021.pdf",".pdf","34240","D7B93F913B0F82675258FA0A74C3AA8303FE8D962915D7B5923F1EA11A26FC6A","2026-06-15T23:23:19Z"
"CS1","C:\Users\Danha\Downloads\Organised Actuarial Past Papers\CS1\CS1B\Sep21\CS1B_221_EXAM_Final Clean.pdf","resources/past-papers/raw/CS1/CS1B/Sep21/CS1B_221_EXAM_Final Clean.pdf","CS1/CS1B/Sep21/CS1B_221_EXAM_Final Clean.pdf",".pdf","252080","DAC3CB7E75C614E378D599EBA08FEDAD576AB3162FC48548483D391A47486046","2026-06-15T23:23:19Z"
"CS1","C:\Users\Danha\Downloads\Organised Actuarial Past Papers\CS1\CS1B\Sep21\IandF_CS1B_202109_Examiner Report.pdf","resources/past-papers/raw/CS1/CS1B/Sep21/IandF_CS1B_202109_Examiner Report.pdf","CS1/CS1B/Sep21/IandF_CS1B_202109_Examiner Report.pdf",".pdf","155026","4E9D932814E7A7708DF9BE673251ECD98B635A52CD0F57035A60C39CFA6CA649","2026-06-15T23:23:19Z"
"CS1","C:\Users\Danha\Downloads\Organised Actuarial Past Papers\CS1\CS1B\Sep21\onebedflat.RData","resources/past-papers/raw/CS1/CS1B/Sep21/onebedflat.RData","CS1/CS1B/Sep21/onebedflat.RData",".rdata","310","DCFA043A5C9F0A7A9DCFFAD3C72D8CECF47DBA07314BB3B9845493585AB128F8","2026-06-15T23:23:19Z"
"CS1","C:\Users\Danha\Downloads\Organised Actuarial Past Papers\CS1\CS1B\Sep22\CS1B Pre-work material instruction September 2022.docx","resources/past-papers/raw/CS1/CS1B/Sep22/CS1B Pre-work material instruction September 2022.docx","CS1/CS1B/Sep22/CS1B Pre-work material instruction September 2022.docx",".docx","18491","DCD5443D11D731A3FBF3FDA92B9BA15742C18C099CC00FA40A8538496D849047","2026-06-15T23:23:19Z"
"CS1","C:\Users\Danha\Downloads\Organised Actuarial Past Papers\CS1\CS1B\Sep22\CS1B_September22_EXAM.pdf","resources/past-papers/raw/CS1/CS1B/Sep22/CS1B_September22_EXAM.pdf","CS1/CS1B/Sep22/CS1B_September22_EXAM.pdf",".pdf","247006","CC5EEA4E90CCD9FE240D9BBC2AF7533B27A4E4E12B7472A0B1D58599F8528CA5","2026-06-15T23:23:19Z"
"CS1","C:\Users\Danha\Downloads\Organised Actuarial Past Papers\CS1\CS1B\Sep22\employee.Rdata","resources/past-papers/raw/CS1/CS1B/Sep22/employee.Rdata","CS1/CS1B/Sep22/employee.Rdata",".rdata","1486","A56E0DEAF21045E54AAE486A9579B095A4643F4431D4F02D00FEC4F833F7A8A8","2026-06-15T23:23:19Z"
"CS1","C:\Users\Danha\Downloads\Organised Actuarial Past Papers\CS1\CS1B\Sep22\IandF_CS1B_202209_Examiner Report.pdf","resources/past-papers/raw/CS1/CS1B/Sep22/IandF_CS1B_202209_Examiner Report.pdf","CS1/CS1B/Sep22/IandF_CS1B_202209_Examiner Report.pdf",".pdf","262442","C514C36F7B48E68B341B428AEF0666658CB3E59236016A2CCD8CA9299C35E40E","2026-06-15T23:23:19Z"
"CS1","C:\Users\Danha\Downloads\Organised Actuarial Past Papers\CS1\CS1B\Sep22\mile_records.Rdata","resources/past-papers/raw/CS1/CS1B/Sep22/mile_records.Rdata","CS1/CS1B/Sep22/mile_records.Rdata",".rdata","351","60C5C97B407494DCCF91396B1726D1EAA1C56F7505866826D7E42A9F0AB116F5","2026-06-15T23:23:19Z"
"CS1","C:\Users\Danha\Downloads\Organised Actuarial Past Papers\CS1\CS1B\Sep23\CS1B Pre-work material instruction September 2023.pdf","resources/past-papers/raw/CS1/CS1B/Sep23/CS1B Pre-work material instruction September 2023.pdf","CS1/CS1B/Sep23/CS1B Pre-work material instruction September 2023.pdf",".pdf","40395","E5D4AA1367AC5C0E105D9652EA022A78EF813BF70A564B8D1B6D34A3323C26CF","2026-06-15T23:23:19Z"
"CS1","C:\Users\Danha\Downloads\Organised Actuarial Past Papers\CS1\CS1B\Sep23\CS1B_September 23_EXAM_Clean Proof.pdf","resources/past-papers/raw/CS1/CS1B/Sep23/CS1B_September 23_EXAM_Clean Proof.pdf","CS1/CS1B/Sep23/CS1B_September 23_EXAM_Clean Proof.pdf",".pdf","258026","2F77EBA00444C57F4D17EC2382D260D29833CB0BF9E9DAFBDC3C19ADA22D222D","2026-06-15T23:23:19Z"
"CS1","C:\Users\Danha\Downloads\Organised Actuarial Past Papers\CS1\CS1B\Sep23\IandF_CS1B_202309_Examiner Report.pdf","resources/past-papers/raw/CS1/CS1B/Sep23/IandF_CS1B_202309_Examiner Report.pdf","CS1/CS1B/Sep23/IandF_CS1B_202309_Examiner Report.pdf",".pdf","170777","27602862927EF378033C192B572E96B43D844D9E21DF818C82003F22A1DF608F","2026-06-15T23:23:19Z"
"CS1","C:\Users\Danha\Downloads\Organised Actuarial Past Papers\CS1\CS1B\Sep23\medical_data.RData","resources/past-papers/raw/CS1/CS1B/Sep23/medical_data.RData","CS1/CS1B/Sep23/medical_data.RData",".rdata","3158","A4FB8B265D973AF04D844CBB72F8F8DBC412A9DE772EF579624021F3350F3917","2026-06-15T23:23:19Z"
"CS1","C:\Users\Danha\Downloads\Organised Actuarial Past Papers\CS1\CS1B\Sep23\r-for-cs1b-and-cs2b-for-2023-exams.pdf","resources/past-papers/raw/CS1/CS1B/Sep23/r-for-cs1b-and-cs2b-for-2023-exams.pdf","CS1/CS1B/Sep23/r-for-cs1b-and-cs2b-for-2023-exams.pdf",".pdf","19084","9AD5BAFA4DB0FE4A6C8BA3940BA2A088849048DC36F19FFA8D4C62C9AF43AEA4","2026-06-15T23:23:19Z"
"CS1","C:\Users\Danha\Downloads\Organised Actuarial Past Papers\CS1\CS1B\Sep24\CompanySample.RData","resources/past-papers/raw/CS1/CS1B/Sep24/CompanySample.RData","CS1/CS1B/Sep24/CompanySample.RData",".rdata","244","417075AE36B26FBE3141A7EF91B8B453AA3016948ABBF7B980A85F0DE5F6C137","2026-06-15T23:23:19Z"
"CS1","C:\Users\Danha\Downloads\Organised Actuarial Past Papers\CS1\CS1B\Sep24\CS1B _September 2024_Exam Paper.pdf","resources/past-papers/raw/CS1/CS1B/Sep24/CS1B _September 2024_Exam Paper.pdf","CS1/CS1B/Sep24/CS1B _September 2024_Exam Paper.pdf",".pdf","233539","1B42FCA0F7B1D9BF6E1729362555948348CBAEE0657D72225504D17812A27AD8","2026-06-15T23:23:19Z"
"CS1","C:\Users\Danha\Downloads\Organised Actuarial Past Papers\CS1\CS1B\Sep24\CS1B_September 2024_Examiner Report.pdf","resources/past-papers/raw/CS1/CS1B/Sep24/CS1B_September 2024_Examiner Report.pdf","CS1/CS1B/Sep24/CS1B_September 2024_Examiner Report.pdf",".pdf","539645","EA820DCFCBB08986AC91A450CD015DE2776A60EEDD5AE136EFB87CE8504968A9","2026-06-15T23:23:19Z"
"CS1","C:\Users\Danha\Downloads\Organised Actuarial Past Papers\CS1\CS1B\Sep24\CS1B_September 2024_Pre-work material instruction September 2024.docx","resources/past-papers/raw/CS1/CS1B/Sep24/CS1B_September 2024_Pre-work material instruction September 2024.docx","CS1/CS1B/Sep24/CS1B_September 2024_Pre-work material instruction September 2024.docx",".docx","23430","BE6A1E3C8D0C9B80268D4ACEF600E20FFC1E83B2F9956AE094B72D76C9A7FD63","2026-06-15T23:23:19Z"
"CS1","C:\Users\Danha\Downloads\Organised Actuarial Past Papers\CS1\CS1B\Sep24\onlineShop.RData","resources/past-papers/raw/CS1/CS1B/Sep24/onlineShop.RData","CS1/CS1B/Sep24/onlineShop.RData",".rdata","741","1FFAC71884EFD7A471AF3C9D18D5C05D4FB61131F54CEA70454502BF8035F569","2026-06-15T23:23:19Z"
"CS1","C:\Users\Danha\Downloads\Organised Actuarial Past Papers\CS1\CS1B\Sep24\sales_data.RData","resources/past-papers/raw/CS1/CS1B/Sep24/sales_data.RData","CS1/CS1B/Sep24/sales_data.RData",".rdata","3507","398A8823969A181EC295167DC99E256C2E3AFCEB239FC3B64805BB8F247A082A","2026-06-15T23:23:19Z"
"CS1","C:\Users\Danha\Downloads\Organised Actuarial Past Papers\CS1\CS1B\Sep25\CS1B_ClaimNumbers.RData","resources/past-papers/raw/CS1/CS1B/Sep25/CS1B_ClaimNumbers.RData","CS1/CS1B/Sep25/CS1B_ClaimNumbers.RData",".rdata","2801","8B74045C054FF81E34707736954709782728988FCB176177A876B54DAD66368B","2026-06-15T23:23:19Z"
"CS1","C:\Users\Danha\Downloads\Organised Actuarial Past Papers\CS1\CS1B\Sep25\CS1B_ClaimsData.RData","resources/past-papers/raw/CS1/CS1B/Sep25/CS1B_ClaimsData.RData","CS1/CS1B/Sep25/CS1B_ClaimsData.RData",".rdata","2884","17ACD64EA8C3EE1F4F733569E946A65E60A9FC5ADC22ADC2CF4F89626F160962","2026-06-15T23:23:19Z"
"CS1","C:\Users\Danha\Downloads\Organised Actuarial Past Papers\CS1\CS1B\Sep25\CS1B_Sept2025_Exam.pdf","resources/past-papers/raw/CS1/CS1B/Sep25/CS1B_Sept2025_Exam.pdf","CS1/CS1B/Sep25/CS1B_Sept2025_Exam.pdf",".pdf","314447","DF0DD808F5B9AF9FFB2A7A528974E1384232745138EC2BFDA5EBFB0F715D426A","2026-06-15T23:23:19Z"
"CS1","C:\Users\Danha\Downloads\Organised Actuarial Past Papers\CS1\CS1B\Sep25\CS1B_settlement_times.RData","resources/past-papers/raw/CS1/CS1B/Sep25/CS1B_settlement_times.RData","CS1/CS1B/Sep25/CS1B_settlement_times.RData",".rdata","3849","E6057E601CC36AA4CDC36BA5C19F05D3C0CADBAA3B4BCCA7699DF21E10F23C38","2026-06-15T23:23:19Z"
"CS2","C:\Users\Danha\Downloads\Organised Actuarial Past Papers\CS2\CS2A\Apr21\CS2A_121_EXAM.pdf","resources/past-papers/raw/CS2/CS2A/Apr21/CS2A_121_EXAM.pdf","CS2/CS2A/Apr21/CS2A_121_EXAM.pdf",".pdf","252746","D9413D74043C45FA411678739EABB6216CBF2807F120507D8FD6EC0E460725D1","2026-06-15T23:23:19Z"
"CS2","C:\Users\Danha\Downloads\Organised Actuarial Past Papers\CS2\CS2A\Apr21\IandF_CS2_Paper_A_202104_Examiners_Report.pdf","resources/past-papers/raw/CS2/CS2A/Apr21/IandF_CS2_Paper_A_202104_Examiners_Report.pdf","CS2/CS2A/Apr21/IandF_CS2_Paper_A_202104_Examiners_Report.pdf",".pdf","124180","06870DCB42DE5C9A22056263606970D1B02900B30DFC0B0C397C94FB881819D8","2026-06-15T23:23:19Z"
"CS2","C:\Users\Danha\Downloads\Organised Actuarial Past Papers\CS2\CS2A\Apr22\CS2A_April22_EXAM_Clean Proof.pdf","resources/past-papers/raw/CS2/CS2A/Apr22/CS2A_April22_EXAM_Clean Proof.pdf","CS2/CS2A/Apr22/CS2A_April22_EXAM_Clean Proof.pdf",".pdf","256321","2B94E58D7E304E2817F1BA761DBE5CBEAD386F12AD1DC1776F334B91820418BF","2026-06-15T23:23:19Z"
"CS2","C:\Users\Danha\Downloads\Organised Actuarial Past Papers\CS2\CS2A\Apr22\IandF_CS2_Paper A_202204_Examiner Report.pdf","resources/past-papers/raw/CS2/CS2A/Apr22/IandF_CS2_Paper A_202204_Examiner Report.pdf","CS2/CS2A/Apr22/IandF_CS2_Paper A_202204_Examiner Report.pdf",".pdf","314621","DCF8B8644945D13FC0FF9638E719BE984ECB51E5A5AA102C0F7DC812757D39FC","2026-06-15T23:23:19Z"
"CS2","C:\Users\Danha\Downloads\Organised Actuarial Past Papers\CS2\CS2A\Apr23\CS2A_April23_EXAM_Clean Proof.pdf","resources/past-papers/raw/CS2/CS2A/Apr23/CS2A_April23_EXAM_Clean Proof.pdf","CS2/CS2A/Apr23/CS2A_April23_EXAM_Clean Proof.pdf",".pdf","279010","7E877765145CCEDB727BA52D8ED1CC630EF2953A9E5D104AC49C56EDF3A21BD2","2026-06-15T23:23:19Z"
"CS2","C:\Users\Danha\Downloads\Organised Actuarial Past Papers\CS2\CS2A\Apr23\IandF_CS2A_202304_Examiner Report.pdf","resources/past-papers/raw/CS2/CS2A/Apr23/IandF_CS2A_202304_Examiner Report.pdf","CS2/CS2A/Apr23/IandF_CS2A_202304_Examiner Report.pdf",".pdf","162461","B4A236501273C84313BEC0FACD34CD6AC685D1B38EFEC6246D14146D4F84D4EC","2026-06-15T23:23:19Z"
"CS2","C:\Users\Danha\Downloads\Organised Actuarial Past Papers\CS2\CS2A\Apr24\CS2A_April 2024_Examiner Report.pdf","resources/past-papers/raw/CS2/CS2A/Apr24/CS2A_April 2024_Examiner Report.pdf","CS2/CS2A/Apr24/CS2A_April 2024_Examiner Report.pdf",".pdf","404128","7B857B53759B7229C0668FACA4C541514A62B561470424ED0FDA7731F6A103F7","2026-06-15T23:23:19Z"
"CS2","C:\Users\Danha\Downloads\Organised Actuarial Past Papers\CS2\CS2A\Apr24\CS2A_April_2024_Exam_Paper.pdf","resources/past-papers/raw/CS2/CS2A/Apr24/CS2A_April_2024_Exam_Paper.pdf","CS2/CS2A/Apr24/CS2A_April_2024_Exam_Paper.pdf",".pdf","229996","64F07A5A01283D22601EEE0C57F2493906A735AA3D165D3D6CD6B2ECB54C3D21","2026-06-15T23:23:19Z"
"CS2","C:\Users\Danha\Downloads\Organised Actuarial Past Papers\CS2\CS2A\Apr25\CS2A_April2025_Exam Paper.pdf","resources/past-papers/raw/CS2/CS2A/Apr25/CS2A_April2025_Exam Paper.pdf","CS2/CS2A/Apr25/CS2A_April2025_Exam Paper.pdf",".pdf","409675","0F1803F09AC51DA34A4021DEAD88BA60824379AEC3D05336490DAA26809609CD","2026-06-15T23:23:19Z"
"CS2","C:\Users\Danha\Downloads\Organised Actuarial Past Papers\CS2\CS2A\Apr25\CS2A_April2025_Examiners' Report.pdf","resources/past-papers/raw/CS2/CS2A/Apr25/CS2A_April2025_Examiners' Report.pdf","CS2/CS2A/Apr25/CS2A_April2025_Examiners' Report.pdf",".pdf","1102528","ED174D71757D7242CD12FF1534400E9A446B7B07E98EDA6537FBD38D0D53485B","2026-06-15T23:23:19Z"
"CS2","C:\Users\Danha\Downloads\Organised Actuarial Past Papers\CS2\CS2A\Sep20\IandF_CS2A_202009_Examiners_Report.pdf","resources/past-papers/raw/CS2/CS2A/Sep20/IandF_CS2A_202009_Examiners_Report.pdf","CS2/CS2A/Sep20/IandF_CS2A_202009_Examiners_Report.pdf",".pdf","280539","028FEDE1CB5955D19BE33564C6E0A82286B6BA3A2F227AB5920622F69D3C834C","2026-06-15T23:23:19Z"
"CS2","C:\Users\Danha\Downloads\Organised Actuarial Past Papers\CS2\CS2A\Sep20\IandF_CS2A_202009_ExamPaper.pdf","resources/past-papers/raw/CS2/CS2A/Sep20/IandF_CS2A_202009_ExamPaper.pdf","CS2/CS2A/Sep20/IandF_CS2A_202009_ExamPaper.pdf",".pdf","327389","3667620F1D4723BB10D78393EE7A0CFDEC7ADC6CFA8E3367D6EE5B57B46DD32F","2026-06-15T23:23:19Z"
"CS2","C:\Users\Danha\Downloads\Organised Actuarial Past Papers\CS2\CS2A\Sep21\CS2A_221_EXAM_Clean Proof.pdf","resources/past-papers/raw/CS2/CS2A/Sep21/CS2A_221_EXAM_Clean Proof.pdf","CS2/CS2A/Sep21/CS2A_221_EXAM_Clean Proof.pdf",".pdf","264607","F23303051EB6D75E9A7B7D79EF3999142922731B6277BBF6AAA11D1620B0655E","2026-06-15T23:23:19Z"
"CS2","C:\Users\Danha\Downloads\Organised Actuarial Past Papers\CS2\CS2A\Sep21\IandF_CS2A_202109_Examiner Report.pdf","resources/past-papers/raw/CS2/CS2A/Sep21/IandF_CS2A_202109_Examiner Report.pdf","CS2/CS2A/Sep21/IandF_CS2A_202109_Examiner Report.pdf",".pdf","123481","BFC787DCB6F88421597B939978E7DF8AF15D002EE6CA778F17887FCF55FC2DB0","2026-06-15T23:23:19Z"
"CS2","C:\Users\Danha\Downloads\Organised Actuarial Past Papers\CS2\CS2A\Sep22\CS2A_September22_EXAM.pdf","resources/past-papers/raw/CS2/CS2A/Sep22/CS2A_September22_EXAM.pdf","CS2/CS2A/Sep22/CS2A_September22_EXAM.pdf",".pdf","278039","6C941EADC4839E2332B0B82B19BC561169A6C4AA6A4BBAAF6543DE1B5E06EF8A","2026-06-15T23:23:19Z"
"CS2","C:\Users\Danha\Downloads\Organised Actuarial Past Papers\CS2\CS2A\Sep22\IandF_CS2A_202209_Examiner Report.pdf","resources/past-papers/raw/CS2/CS2A/Sep22/IandF_CS2A_202209_Examiner Report.pdf","CS2/CS2A/Sep22/IandF_CS2A_202209_Examiner Report.pdf",".pdf","212323","A7F98740CE91934CA2AE0FFCB9EC4E120DAFAA0C64F783153C06230A79F3C9D9","2026-06-15T23:23:19Z"
"CS2","C:\Users\Danha\Downloads\Organised Actuarial Past Papers\CS2\CS2A\Sep23\CS2A_Sept23_EXAM_Clean Proof (1).pdf","resources/past-papers/raw/CS2/CS2A/Sep23/CS2A_Sept23_EXAM_Clean Proof (1).pdf","CS2/CS2A/Sep23/CS2A_Sept23_EXAM_Clean Proof (1).pdf",".pdf","242054","3DBCD6FE0E60874EEF880C85D580B93B7903A56E1F36C0C1BBCD9C5F1C486721","2026-06-15T23:23:19Z"
"CS2","C:\Users\Danha\Downloads\Organised Actuarial Past Papers\CS2\CS2A\Sep23\IandF_CS2A_202309_Examiner Report.pdf","resources/past-papers/raw/CS2/CS2A/Sep23/IandF_CS2A_202309_Examiner Report.pdf","CS2/CS2A/Sep23/IandF_CS2A_202309_Examiner Report.pdf",".pdf","237632","F9BB9FC61D254370C86E9C1F7FFD6E143752AE731851C0A2023590362084FCFE","2026-06-15T23:23:19Z"
"CS2","C:\Users\Danha\Downloads\Organised Actuarial Past Papers\CS2\CS2A\Sep24\CS2A_September 2024_Exam Paper.pdf","resources/past-papers/raw/CS2/CS2A/Sep24/CS2A_September 2024_Exam Paper.pdf","CS2/CS2A/Sep24/CS2A_September 2024_Exam Paper.pdf",".pdf","620739","84BB2DCE998390D2FF6858B2862FF621639D51FCAA9770BE7792D961D1D14A7F","2026-06-15T23:23:19Z"
"CS2","C:\Users\Danha\Downloads\Organised Actuarial Past Papers\CS2\CS2A\Sep24\CS2A_September 2024_Examiner Report.pdf","resources/past-papers/raw/CS2/CS2A/Sep24/CS2A_September 2024_Examiner Report.pdf","CS2/CS2A/Sep24/CS2A_September 2024_Examiner Report.pdf",".pdf","448525","FA3D0A236DB51B99E1BCD3739A22436DECE0427CA953B03A5EDE20BD0DAFD40A","2026-06-15T23:23:19Z"
"CS2","C:\Users\Danha\Downloads\Organised Actuarial Past Papers\CS2\CS2A\Sep25\CS2A_Sept2025_EXAM.pdf","resources/past-papers/raw/CS2/CS2A/Sep25/CS2A_Sept2025_EXAM.pdf","CS2/CS2A/Sep25/CS2A_Sept2025_EXAM.pdf",".pdf","329884","5953C3D9B4A5EB015ABFE1DBC7A93CC533AB9546A1822F0BCDE8D9C51C45FF28","2026-06-15T23:23:19Z"
"CS2","C:\Users\Danha\Downloads\Organised Actuarial Past Papers\CS2\CS2B\Apr21\CS2B - R Script - April 2021 - Qu 1.R","resources/past-papers/raw/CS2/CS2B/Apr21/CS2B - R Script - April 2021 - Qu 1.R","CS2/CS2B/Apr21/CS2B - R Script - April 2021 - Qu 1.R",".r","827","029FC95DEE7C4B8AD4543461F46D9CEC138654B64F5428C2878C2A4BC921D90D","2026-06-15T23:23:19Z"
"CS2","C:\Users\Danha\Downloads\Organised Actuarial Past Papers\CS2\CS2B\Apr21\CS2B - R Script - April 2021 - Qu 2.R","resources/past-papers/raw/CS2/CS2B/Apr21/CS2B - R Script - April 2021 - Qu 2.R","CS2/CS2B/Apr21/CS2B - R Script - April 2021 - Qu 2.R",".r","1169","8E75913B6087F54FCDAB4150F5E36710060487CB285A99B592A48B87E5838A6E","2026-06-15T23:23:19Z"
"CS2","C:\Users\Danha\Downloads\Organised Actuarial Past Papers\CS2\CS2B\Apr21\CS2B - R Script - April 2021 - Qu 3.R","resources/past-papers/raw/CS2/CS2B/Apr21/CS2B - R Script - April 2021 - Qu 3.R","CS2/CS2B/Apr21/CS2B - R Script - April 2021 - Qu 3.R",".r","1955","09DA2F3D34011377862155221BDE0E364D4AFEC00EA9BBACE6868DC3F42B8D2E","2026-06-15T23:23:19Z"
"CS2","C:\Users\Danha\Downloads\Organised Actuarial Past Papers\CS2\CS2B\Apr21\CS2B Pre-work Material Instructions April 2021.docx","resources/past-papers/raw/CS2/CS2B/Apr21/CS2B Pre-work Material Instructions April 2021.docx","CS2/CS2B/Apr21/CS2B Pre-work Material Instructions April 2021.docx",".docx","20362","CAD6B953BBEDC3D9133D6DDCC1D53812C943891FB428BD2C5BC0381959161751","2026-06-15T23:23:19Z"
"CS2","C:\Users\Danha\Downloads\Organised Actuarial Past Papers\CS2\CS2B\Apr21\CS2B_121_EXAM.pdf","resources/past-papers/raw/CS2/CS2B/Apr21/CS2B_121_EXAM.pdf","CS2/CS2B/Apr21/CS2B_121_EXAM.pdf",".pdf","224775","8B6657DF4233BC035A3C7A746BC125D994A8BB2237497BEFA5F2E6C224A43AD9","2026-06-15T23:23:19Z"
"CS2","C:\Users\Danha\Downloads\Organised Actuarial Past Papers\CS2\CS2B\Apr21\CS2B_Apr_21_Qu_3_Data.csv","resources/past-papers/raw/CS2/CS2B/Apr21/CS2B_Apr_21_Qu_3_Data.csv","CS2/CS2B/Apr21/CS2B_Apr_21_Qu_3_Data.csv",".csv","66936","ECCD0393EC7EB1341420441C3118E1ADE46E77C2066130EDC281D5DD48605CF3","2026-06-15T23:23:19Z"
"CS2","C:\Users\Danha\Downloads\Organised Actuarial Past Papers\CS2\CS2B\Apr21\IandF_CS2_Paper_B_202104_Examiners_Report.pdf","resources/past-papers/raw/CS2/CS2B/Apr21/IandF_CS2_Paper_B_202104_Examiners_Report.pdf","CS2/CS2B/Apr21/IandF_CS2_Paper_B_202104_Examiners_Report.pdf",".pdf","104406","B3E954520D17D6C4E8F8CD9ABE086BDCCF435DA57C1BE99FF3485F1EC6E749E9","2026-06-15T23:23:19Z"
"CS2","C:\Users\Danha\Downloads\Organised Actuarial Past Papers\CS2\CS2B\Apr22\CS2B_A22_Qu_3_Data.csv","resources/past-papers/raw/CS2/CS2B/Apr22/CS2B_A22_Qu_3_Data.csv","CS2/CS2B/Apr22/CS2B_A22_Qu_3_Data.csv",".csv","2374","90FAF4C6ED5BF05C9E7BD97B2A8935A610E26C465E6556D890BA472B3290469A","2026-06-15T23:23:19Z"
"CS2","C:\Users\Danha\Downloads\Organised Actuarial Past Papers\CS2\CS2B\Apr22\CS2B_April22_EXAM_Clean Proof.pdf","resources/past-papers/raw/CS2/CS2B/Apr22/CS2B_April22_EXAM_Clean Proof.pdf","CS2/CS2B/Apr22/CS2B_April22_EXAM_Clean Proof.pdf",".pdf","236502","51D2893F01737CF34B1537E885C63ADB62A3C0F7D29058EF34524EA3828D7A6B","2026-06-15T23:23:19Z"
"CS2","C:\Users\Danha\Downloads\Organised Actuarial Past Papers\CS2\CS2B\Apr22\IandF_CS2_Paper B_202204_Examiner Report.pdf","resources/past-papers/raw/CS2/CS2B/Apr22/IandF_CS2_Paper B_202204_Examiner Report.pdf","CS2/CS2B/Apr22/IandF_CS2_Paper B_202204_Examiner Report.pdf",".pdf","120076","95EA8F309EE5553E3861254448ED3DA4BF0D42963C531A639B11553B796EF88C","2026-06-15T23:23:19Z"
"CS2","C:\Users\Danha\Downloads\Organised Actuarial Past Papers\CS2\CS2B\Apr23\CS2B Pre-work material instruction April 2023.docx","resources/past-papers/raw/CS2/CS2B/Apr23/CS2B Pre-work material instruction April 2023.docx","CS2/CS2B/Apr23/CS2B Pre-work material instruction April 2023.docx",".docx","12043","7C6EDE017C28BEC0AFBC49E3675DDDDB13341CF510E3E4A5AF689707BBDE03A9","2026-06-15T23:23:19Z"
"CS2","C:\Users\Danha\Downloads\Organised Actuarial Past Papers\CS2\CS2B\Apr23\CS2B_A23_Qu_2_Data.csv","resources/past-papers/raw/CS2/CS2B/Apr23/CS2B_A23_Qu_2_Data.csv","CS2/CS2B/Apr23/CS2B_A23_Qu_2_Data.csv",".csv","121","AA35032A5EFD0AC6362608EC3B8F77877288CDE84FFAE0F607D01A24FC827F47","2026-06-15T23:23:19Z"
"CS2","C:\Users\Danha\Downloads\Organised Actuarial Past Papers\CS2\CS2B\Apr23\CS2B_April23_EXAM_Clean Proof_v2.pdf","resources/past-papers/raw/CS2/CS2B/Apr23/CS2B_April23_EXAM_Clean Proof_v2.pdf","CS2/CS2B/Apr23/CS2B_April23_EXAM_Clean Proof_v2.pdf",".pdf","236939","3B602167B175AC4D0884EE718819D5DC2BFD5342E4B495896C7E56CA2CB4F814","2026-06-15T23:23:19Z"
"CS2","C:\Users\Danha\Downloads\Organised Actuarial Past Papers\CS2\CS2B\Apr23\IandF_CS2B_202304_Examiner Report.pdf","resources/past-papers/raw/CS2/CS2B/Apr23/IandF_CS2B_202304_Examiner Report.pdf","CS2/CS2B/Apr23/IandF_CS2B_202304_Examiner Report.pdf",".pdf","119588","4A2D1A8BA1D1E5790FD4BDD2696F65374A147CFA8E460C633A3D816EB6EF7D0A","2026-06-15T23:23:19Z"
"CS2","C:\Users\Danha\Downloads\Organised Actuarial Past Papers\CS2\CS2B\Apr24\CS2_April_2024_Pre-work_material_instruction.docx","resources/past-papers/raw/CS2/CS2B/Apr24/CS2_April_2024_Pre-work_material_instruction.docx","CS2/CS2B/Apr24/CS2_April_2024_Pre-work_material_instruction.docx",".docx","25758","DA77A02F01499A708C045654138D34E16062970AF2400BF9B563E5009FA2E88D","2026-06-15T23:23:19Z"
"CS2","C:\Users\Danha\Downloads\Organised Actuarial Past Papers\CS2\CS2B\Apr24\CS2B_A24_Q2.csv","resources/past-papers/raw/CS2/CS2B/Apr24/CS2B_A24_Q2.csv","CS2/CS2B/Apr24/CS2B_A24_Q2.csv",".csv","4775","BE237875D7821C0F87947777282BF768E146E772E7479F33A09DA39772E16299","2026-06-15T23:23:19Z"
"CS2","C:\Users\Danha\Downloads\Organised Actuarial Past Papers\CS2\CS2B\Apr24\CS2B_A24_Q3.csv","resources/past-papers/raw/CS2/CS2B/Apr24/CS2B_A24_Q3.csv","CS2/CS2B/Apr24/CS2B_A24_Q3.csv",".csv","926","F00FA2A63BCC564D716AA6A6DBEB981320D298516BF800C054081988968847A6","2026-06-15T23:23:19Z"
"CS2","C:\Users\Danha\Downloads\Organised Actuarial Past Papers\CS2\CS2B\Apr24\CS2B_April 2024_Examiner Report.pdf","resources/past-papers/raw/CS2/CS2B/Apr24/CS2B_April 2024_Examiner Report.pdf","CS2/CS2B/Apr24/CS2B_April 2024_Examiner Report.pdf",".pdf","379755","34C067D93D0F07BCF0F162925E01EF0D89F9CB63528EEF78CE8C4965214DE7CE","2026-06-15T23:23:19Z"
"CS2","C:\Users\Danha\Downloads\Organised Actuarial Past Papers\CS2\CS2B\Apr24\CS2B_April_2024_Exam_Paper.pdf","resources/past-papers/raw/CS2/CS2B/Apr24/CS2B_April_2024_Exam_Paper.pdf","CS2/CS2B/Apr24/CS2B_April_2024_Exam_Paper.pdf",".pdf","254941","8C66B6E4F8C269A9FF8B326B47A0E69D2A51CCDB6671ED0A31EB8877EE8ADA8D","2026-06-15T23:23:19Z"
"CS2","C:\Users\Danha\Downloads\Organised Actuarial Past Papers\CS2\CS2B\Apr25\CS2B_April2025_Exam Paper.pdf","resources/past-papers/raw/CS2/CS2B/Apr25/CS2B_April2025_Exam Paper.pdf","CS2/CS2B/Apr25/CS2B_April2025_Exam Paper.pdf",".pdf","242868","9D9338B36F892978CA7A16F61E007D819C3293B857F2C63877E82B3131721038","2026-06-15T23:23:19Z"
"CS2","C:\Users\Danha\Downloads\Organised Actuarial Past Papers\CS2\CS2B\Apr25\CS2B_April2025_Examiners' Report.pdf","resources/past-papers/raw/CS2/CS2B/Apr25/CS2B_April2025_Examiners' Report.pdf","CS2/CS2B/Apr25/CS2B_April2025_Examiners' Report.pdf",".pdf","1070582","02AF201D0DF245605BFF75BB42CC4832EC121210F11751EF1B470CACCDD32551","2026-06-15T23:23:19Z"
"CS2","C:\Users\Danha\Downloads\Organised Actuarial Past Papers\CS2\CS2B\Apr25\CS2B_Q1_data.csv","resources/past-papers/raw/CS2/CS2B/Apr25/CS2B_Q1_data.csv","CS2/CS2B/Apr25/CS2B_Q1_data.csv",".csv","8594","27AF9CC7D86B4294030CF5D99C5FA34E0771A22F8FEF88F7E1E1EFA88607D67B","2026-06-15T23:23:19Z"
"CS2","C:\Users\Danha\Downloads\Organised Actuarial Past Papers\CS2\CS2B\Apr25\CS2B_Q2_river_data.csv","resources/past-papers/raw/CS2/CS2B/Apr25/CS2B_Q2_river_data.csv","CS2/CS2B/Apr25/CS2B_Q2_river_data.csv",".csv","4830","F8E2BEBA3F72B29503D914520C10ED388ECCFCFCEE7902BDF78F9A2DAE32E900","2026-06-15T23:23:19Z"
"CS2","C:\Users\Danha\Downloads\Organised Actuarial Past Papers\CS2\CS2B\Apr25\CS2B_Q3_loans.csv","resources/past-papers/raw/CS2/CS2B/Apr25/CS2B_Q3_loans.csv","CS2/CS2B/Apr25/CS2B_Q3_loans.csv",".csv","313","629090AB456ED2218399D3992EBB8B5135DA16EC31E15BBC64A741A3A8680ECD","2026-06-15T23:23:19Z"
"CS2","C:\Users\Danha\Downloads\Organised Actuarial Past Papers\CS2\CS2B\Sep20\IandF_CS2B_202009_Examiners_Report.pdf","resources/past-papers/raw/CS2/CS2B/Sep20/IandF_CS2B_202009_Examiners_Report.pdf","CS2/CS2B/Sep20/IandF_CS2B_202009_Examiners_Report.pdf",".pdf","160280","59CE6CF0564D14D21C24BE72A3B7F6896E281508E9D497AC53FF99E13A125518","2026-06-15T23:23:19Z"
"CS2","C:\Users\Danha\Downloads\Organised Actuarial Past Papers\CS2\CS2B\Sep20\IandF_CS2B_202009_ExamPaper.pdf","resources/past-papers/raw/CS2/CS2B/Sep20/IandF_CS2B_202009_ExamPaper.pdf","CS2/CS2B/Sep20/IandF_CS2B_202009_ExamPaper.pdf",".pdf","295346","68C700FBBBAFCD5E77A9D59F6A93C8131EF040528CFF889B1F24A763D12C79A7","2026-06-15T23:23:19Z"
"CS2","C:\Users\Danha\Downloads\Organised Actuarial Past Papers\CS2\CS2B\Sep21\CS2B Pre-work Material Instructions September 2021.pdf","resources/past-papers/raw/CS2/CS2B/Sep21/CS2B Pre-work Material Instructions September 2021.pdf","CS2/CS2B/Sep21/CS2B Pre-work Material Instructions September 2021.pdf",".pdf","18464","BAE2BC0D6B0D09446179212C089311FED48677DC2F66D9306E30C76F7BF9D42B","2026-06-15T23:23:19Z"
"CS2","C:\Users\Danha\Downloads\Organised Actuarial Past Papers\CS2\CS2B\Sep21\CS2B_221_EXAM_Clean Proof.pdf","resources/past-papers/raw/CS2/CS2B/Sep21/CS2B_221_EXAM_Clean Proof.pdf","CS2/CS2B/Sep21/CS2B_221_EXAM_Clean Proof.pdf",".pdf","319290","FFCE4A8D1A6615FB47D748B6984B0B059F61128215DB534FBC1F93011141C48C","2026-06-15T23:23:19Z"
"CS2","C:\Users\Danha\Downloads\Organised Actuarial Past Papers\CS2\CS2B\Sep21\CS2B_Sept_21_Qu_1_Data.csv","resources/past-papers/raw/CS2/CS2B/Sep21/CS2B_Sept_21_Qu_1_Data.csv","CS2/CS2B/Sep21/CS2B_Sept_21_Qu_1_Data.csv",".csv","1125","83BC6D27853D0B71ABA650B1E78AB4CD2350AA93DB4D601EAC8E0E676A64828A","2026-06-15T23:23:19Z"
"CS2","C:\Users\Danha\Downloads\Organised Actuarial Past Papers\CS2\CS2B\Sep21\CS2B_Sept_21_Qu_3_Data.csv","resources/past-papers/raw/CS2/CS2B/Sep21/CS2B_Sept_21_Qu_3_Data.csv","CS2/CS2B/Sep21/CS2B_Sept_21_Qu_3_Data.csv",".csv","1801","2C175EDBB4010D3C873BC6420D24100971E476CC9A38869B88A1B6298EF47E0A","2026-06-15T23:23:19Z"
"CS2","C:\Users\Danha\Downloads\Organised Actuarial Past Papers\CS2\CS2B\Sep21\IandF_CS2B_202109_Examiner Report.pdf","resources/past-papers/raw/CS2/CS2B/Sep21/IandF_CS2B_202109_Examiner Report.pdf","CS2/CS2B/Sep21/IandF_CS2B_202109_Examiner Report.pdf",".pdf","108667","5307E5CCFBB47361C6DA055103A05F61D1EBB3F75678E13081C61E186C939676","2026-06-15T23:23:19Z"
"CS2","C:\Users\Danha\Downloads\Organised Actuarial Past Papers\CS2\CS2B\Sep22\CS2B_S22_Qu_2_Data.csv","resources/past-papers/raw/CS2/CS2B/Sep22/CS2B_S22_Qu_2_Data.csv","CS2/CS2B/Sep22/CS2B_S22_Qu_2_Data.csv",".csv","39725","B157C915CBEBA06901AC29C95E1AB8C389D4CB056C75EA54B49716C55E51595B","2026-06-15T23:23:19Z"
"CS2","C:\Users\Danha\Downloads\Organised Actuarial Past Papers\CS2\CS2B\Sep22\CS2B_S22_Qu_3_Data.csv","resources/past-papers/raw/CS2/CS2B/Sep22/CS2B_S22_Qu_3_Data.csv","CS2/CS2B/Sep22/CS2B_S22_Qu_3_Data.csv",".csv","642","2ABBC35254271A5A431E780E7E11912A4FE300E3DA085C661F7AE96CA9BDAE3F","2026-06-15T23:23:19Z"
"CS2","C:\Users\Danha\Downloads\Organised Actuarial Past Papers\CS2\CS2B\Sep22\CS2B_September22_EXAM.pdf","resources/past-papers/raw/CS2/CS2B/Sep22/CS2B_September22_EXAM.pdf","CS2/CS2B/Sep22/CS2B_September22_EXAM.pdf",".pdf","301969","D6F3F44DCB909CE2B8E8739E35E1F0CC93D98A9510A18061AAB09D8C1ED440A9","2026-06-15T23:23:19Z"
"CS2","C:\Users\Danha\Downloads\Organised Actuarial Past Papers\CS2\CS2B\Sep22\IandF_CS2B_202209_Examiner Report.pdf","resources/past-papers/raw/CS2/CS2B/Sep22/IandF_CS2B_202209_Examiner Report.pdf","CS2/CS2B/Sep22/IandF_CS2B_202209_Examiner Report.pdf",".pdf","276170","AD761043B6C6EE924E786EC22DC188A51566F0E2471D3B55D85A4C620498CEDF","2026-06-15T23:23:19Z"
"CS2","C:\Users\Danha\Downloads\Organised Actuarial Past Papers\CS2\CS2B\Sep23\CS2 Pre-work material instruction September 2023 .pdf","resources/past-papers/raw/CS2/CS2B/Sep23/CS2 Pre-work material instruction September 2023 .pdf","CS2/CS2B/Sep23/CS2 Pre-work material instruction September 2023 .pdf",".pdf","45251","DE503B9BBC15E60E6197208F4CA442122520FA90A4A51B34051C70CD970D1D7D","2026-06-15T23:23:19Z"
"CS2","C:\Users\Danha\Downloads\Organised Actuarial Past Papers\CS2\CS2B\Sep23\CS2B_S23_Q1_Deaths.csv","resources/past-papers/raw/CS2/CS2B/Sep23/CS2B_S23_Q1_Deaths.csv","CS2/CS2B/Sep23/CS2B_S23_Q1_Deaths.csv",".csv","23137","D6397797DE71450E77F831E7E087D3EBA838B3B390DF47080AC5E8C9C35396E6","2026-06-15T23:23:19Z"
"CS2","C:\Users\Danha\Downloads\Organised Actuarial Past Papers\CS2\CS2B\Sep23\CS2B_S23_Q1_Exposures.csv","resources/past-papers/raw/CS2/CS2B/Sep23/CS2B_S23_Q1_Exposures.csv","CS2/CS2B/Sep23/CS2B_S23_Q1_Exposures.csv",".csv","32585","54ABED4B07607197D8613119120EB80132C8ED6688FC184F72782FF090821CBE","2026-06-15T23:23:19Z"
"CS2","C:\Users\Danha\Downloads\Organised Actuarial Past Papers\CS2\CS2B\Sep23\CS2B_S23_Q2_Data.csv","resources/past-papers/raw/CS2/CS2B/Sep23/CS2B_S23_Q2_Data.csv","CS2/CS2B/Sep23/CS2B_S23_Q2_Data.csv",".csv","29803","988049E51587FD3E3BAA4E32A4629EB087EEAE82C9FCD3133B3CE95125DD8237","2026-06-15T23:23:19Z"
"CS2","C:\Users\Danha\Downloads\Organised Actuarial Past Papers\CS2\CS2B\Sep23\CS2B_S23_Q3_Pensioners.csv","resources/past-papers/raw/CS2/CS2B/Sep23/CS2B_S23_Q3_Pensioners.csv","CS2/CS2B/Sep23/CS2B_S23_Q3_Pensioners.csv",".csv","441","403E312A8E58E4EAF824D424743A1AD060E9D10CEC352D69C0A27428D975DF21","2026-06-15T23:23:19Z"
"CS2","C:\Users\Danha\Downloads\Organised Actuarial Past Papers\CS2\CS2B\Sep23\CS2B_Sept23_EXAM_Clean Proof (1).pdf","resources/past-papers/raw/CS2/CS2B/Sep23/CS2B_Sept23_EXAM_Clean Proof (1).pdf","CS2/CS2B/Sep23/CS2B_Sept23_EXAM_Clean Proof (1).pdf",".pdf","213547","A889246981693B9D774329E28C2044817AAC2834C2781256620A5E4DFDE2CEFB","2026-06-15T23:23:19Z"
"CS2","C:\Users\Danha\Downloads\Organised Actuarial Past Papers\CS2\CS2B\Sep23\IandF_CS2B_202309_Examiner Report.pdf","resources/past-papers/raw/CS2/CS2B/Sep23/IandF_CS2B_202309_Examiner Report.pdf","CS2/CS2B/Sep23/IandF_CS2B_202309_Examiner Report.pdf",".pdf","220354","2CDC65A042E03A427374D926266C48D47DE1917C34B6552900D370336A98CB56","2026-06-15T23:23:19Z"
"CS2","C:\Users\Danha\Downloads\Organised Actuarial Past Papers\CS2\CS2B\Sep24\CS2B_September 2024_Exam Paper.pdf","resources/past-papers/raw/CS2/CS2B/Sep24/CS2B_September 2024_Exam Paper.pdf","CS2/CS2B/Sep24/CS2B_September 2024_Exam Paper.pdf",".pdf","227960","A8D64E0EEFCA748439E61F507400370A5B5E92ABEA8431BB1DAED7D1FAEAE3D7","2026-06-15T23:23:19Z"
"CS2","C:\Users\Danha\Downloads\Organised Actuarial Past Papers\CS2\CS2B\Sep24\CS2B_September 2024_Examiner Report.pdf","resources/past-papers/raw/CS2/CS2B/Sep24/CS2B_September 2024_Examiner Report.pdf","CS2/CS2B/Sep24/CS2B_September 2024_Examiner Report.pdf",".pdf","594979","9879700DAB3C919CD1938DACE543D1E01726F592CD842C433C96F953348ECA2F","2026-06-15T23:23:19Z"
"CS2","C:\Users\Danha\Downloads\Organised Actuarial Past Papers\CS2\CS2B\Sep24\CS2B_September 2024_Pre-work material instruction.docx","resources/past-papers/raw/CS2/CS2B/Sep24/CS2B_September 2024_Pre-work material instruction.docx","CS2/CS2B/Sep24/CS2B_September 2024_Pre-work material instruction.docx",".docx","25359","432A1141B041E62E6D133611DCFFC897C5B7F716BD77AE1F3D028FECE73309D8","2026-06-15T23:23:19Z"
"CS2","C:\Users\Danha\Downloads\Organised Actuarial Past Papers\CS2\CS2B\Sep24\S24_Q1_sales_data.csv","resources/past-papers/raw/CS2/CS2B/Sep24/S24_Q1_sales_data.csv","CS2/CS2B/Sep24/S24_Q1_sales_data.csv",".csv","3400","4CFA43EFFE83F2DC87C4517F0DE51DBC49B45BDE8A87F39E8A523AA4FCB5D581","2026-06-15T23:23:19Z"
"CS2","C:\Users\Danha\Downloads\Organised Actuarial Past Papers\CS2\CS2B\Sep24\S24_Q2_MortData1.csv","resources/past-papers/raw/CS2/CS2B/Sep24/S24_Q2_MortData1.csv","CS2/CS2B/Sep24/S24_Q2_MortData1.csv",".csv","6195489","8440D128190062CFFE88C8866CEC98A3ABE402BC36F2EF531899AE9698C7E0E5","2026-06-15T23:23:19Z"
"CS2","C:\Users\Danha\Downloads\Organised Actuarial Past Papers\CS2\CS2B\Sep24\S24_Q2_Table1.csv","resources/past-papers/raw/CS2/CS2B/Sep24/S24_Q2_Table1.csv","CS2/CS2B/Sep24/S24_Q2_Table1.csv",".csv","301","83E16A4C3686A2650649F1C7CE99C90F9668EA7177D64BAD5F17FF28EAF64103","2026-06-15T23:23:19Z"
"CS2","C:\Users\Danha\Downloads\Organised Actuarial Past Papers\CS2\CS2B\Sep24\S24_Q2_Table2.csv","resources/past-papers/raw/CS2/CS2B/Sep24/S24_Q2_Table2.csv","CS2/CS2B/Sep24/S24_Q2_Table2.csv",".csv","301","AA6353C1239C74CADB1CEFFA64B08C6C0A5908CB51D341F9916A28B669E7DABA","2026-06-15T23:23:19Z"
"CS2","C:\Users\Danha\Downloads\Organised Actuarial Past Papers\CS2\CS2B\Sep24\S24_Q3_Data.csv","resources/past-papers/raw/CS2/CS2B/Sep24/S24_Q3_Data.csv","CS2/CS2B/Sep24/S24_Q3_Data.csv",".csv","1550","82DE940861A6BBFB25D52FBC386D500EE938A354835E9839A43B62B951F5BD2E","2026-06-15T23:23:19Z"
"CS2","C:\Users\Danha\Downloads\Organised Actuarial Past Papers\CS2\CS2B\Sep25\CS2B_Q2_Data.csv","resources/past-papers/raw/CS2/CS2B/Sep25/CS2B_Q2_Data.csv","CS2/CS2B/Sep25/CS2B_Q2_Data.csv",".csv","29150","149C441500C8CE9179CA60780C36BB2903113315F6ADAF2DC6165E9467C78283","2026-06-15T23:23:19Z"
"CS2","C:\Users\Danha\Downloads\Organised Actuarial Past Papers\CS2\CS2B\Sep25\CS2B_Q3_sales.csv","resources/past-papers/raw/CS2/CS2B/Sep25/CS2B_Q3_sales.csv","CS2/CS2B/Sep25/CS2B_Q3_sales.csv",".csv","2166","F155FF54AF0138DB4D9AC2224BB9F5A69810FE96D03244265C4C7300D7D1CAD7","2026-06-15T23:23:19Z"
"CS2","C:\Users\Danha\Downloads\Organised Actuarial Past Papers\CS2\CS2B\Sep25\CS2B_Sept2025_EXAM.pdf","resources/past-papers/raw/CS2/CS2B/Sep25/CS2B_Sept2025_EXAM.pdf","CS2/CS2B/Sep25/CS2B_Sept2025_EXAM.pdf",".pdf","303336","3D1B51920A16702760C9CC98D01E10291AAF037AAE6622056AB4F4DF96DC6B99","2026-06-15T23:23:19Z"
"SA1","C:\Users\Danha\Downloads\Organised Actuarial Past Papers\SA1\Apr21\IandF_SA1_202104_Examiners_Report.pdf","resources/past-papers/raw/SA1/Apr21/IandF_SA1_202104_Examiners_Report.pdf","SA1/Apr21/IandF_SA1_202104_Examiners_Report.pdf",".pdf","137996","89DA4A342442984CCF8EDE6EA674714B8C0DF2C70A9AE7803E2E8AD053FB4DD3","2026-06-15T23:23:19Z"
"SA1","C:\Users\Danha\Downloads\Organised Actuarial Past Papers\SA1\Apr21\SA1_121_EXAM.pdf","resources/past-papers/raw/SA1/Apr21/SA1_121_EXAM.pdf","SA1/Apr21/SA1_121_EXAM.pdf",".pdf","156888","AE0FA417207F318A1BEA47A685B6826A74115B7D2442594C88E37B4DD167975A","2026-06-15T23:23:19Z"
"SA1","C:\Users\Danha\Downloads\Organised Actuarial Past Papers\SA1\Apr22\IandF_SA1_202204_Examiner Report.pdf","resources/past-papers/raw/SA1/Apr22/IandF_SA1_202204_Examiner Report.pdf","SA1/Apr22/IandF_SA1_202204_Examiner Report.pdf",".pdf","134347","1569D5195A70EDAFC16E588CCB864876A228872B333B750DEFA12CEEE1DD8A44","2026-06-15T23:23:19Z"
"SA1","C:\Users\Danha\Downloads\Organised Actuarial Past Papers\SA1\Apr22\SA1_April22_EXAM_Clean Proof.pdf","resources/past-papers/raw/SA1/Apr22/SA1_April22_EXAM_Clean Proof.pdf","SA1/Apr22/SA1_April22_EXAM_Clean Proof.pdf",".pdf","190434","68A8ABECBC8B65FB3B450C9EB55D723560D3FF9574F3D130878D38CDA6840DAB","2026-06-15T23:23:19Z"
"SA1","C:\Users\Danha\Downloads\Organised Actuarial Past Papers\SA1\Apr23\IandF_SA1_202304_Examiner Report.pdf","resources/past-papers/raw/SA1/Apr23/IandF_SA1_202304_Examiner Report.pdf","SA1/Apr23/IandF_SA1_202304_Examiner Report.pdf",".pdf","161832","868B0AD867A017C7FDFB238950E108B723B63C304C0AA62636E4EF672082DB33","2026-06-15T23:23:19Z"
"SA1","C:\Users\Danha\Downloads\Organised Actuarial Past Papers\SA1\Apr23\SA1_April23_EXAM_Clean Proof_v2.pdf","resources/past-papers/raw/SA1/Apr23/SA1_April23_EXAM_Clean Proof_v2.pdf","SA1/Apr23/SA1_April23_EXAM_Clean Proof_v2.pdf",".pdf","179383","E45CD5F58D8997E427C23ED308279C4A08250F0F164200A2C594DFA473999C37","2026-06-15T23:23:19Z"
"SA1","C:\Users\Danha\Downloads\Organised Actuarial Past Papers\SA1\Apr24\SA1_April 2024_Examiner Report.pdf","resources/past-papers/raw/SA1/Apr24/SA1_April 2024_Examiner Report.pdf","SA1/Apr24/SA1_April 2024_Examiner Report.pdf",".pdf","423163","97934793E1D59BACE8C38945A10C9FB68A9273455804138F283EF12C378CF4B9","2026-06-15T23:23:19Z"
"SA1","C:\Users\Danha\Downloads\Organised Actuarial Past Papers\SA1\Apr24\SA1_April_2024_Exam_Paper.pdf","resources/past-papers/raw/SA1/Apr24/SA1_April_2024_Exam_Paper.pdf","SA1/Apr24/SA1_April_2024_Exam_Paper.pdf",".pdf","148774","FDB32353D0CDA3EB76A5CD77DA0296D312D7C112D063D38B74993B3DC860DEAC","2026-06-15T23:23:19Z"
"SA1","C:\Users\Danha\Downloads\Organised Actuarial Past Papers\SA1\Apr25\SA1_April2025_Exam Paper.pdf","resources/past-papers/raw/SA1/Apr25/SA1_April2025_Exam Paper.pdf","SA1/Apr25/SA1_April2025_Exam Paper.pdf",".pdf","358715","26121971B2A8534526DAFCD7E9B3F71BB80C1055D4FF859DC5EABA23B353F90F","2026-06-15T23:23:19Z"
"SA1","C:\Users\Danha\Downloads\Organised Actuarial Past Papers\SA1\Apr25\SA1_April2025_Examiners' Report.pdf","resources/past-papers/raw/SA1/Apr25/SA1_April2025_Examiners' Report.pdf","SA1/Apr25/SA1_April2025_Examiners' Report.pdf",".pdf","784133","35D7F6102B267484ECA190ECFB42D264CE04769FB8048664EE05DC0C9B9F1B60","2026-06-15T23:23:19Z"
"SA1","C:\Users\Danha\Downloads\Organised Actuarial Past Papers\SA1\Sep20\IandF_SA1_202009_Examiners_Report.pdf","resources/past-papers/raw/SA1/Sep20/IandF_SA1_202009_Examiners_Report.pdf","SA1/Sep20/IandF_SA1_202009_Examiners_Report.pdf",".pdf","149423","75E397FFC4D058C44FE81D90B9A1F2A6CD880EEC833B3579306BA685EF0FDF35","2026-06-15T23:23:19Z"
"SA1","C:\Users\Danha\Downloads\Organised Actuarial Past Papers\SA1\Sep20\IandF_SA1_202009_ExamPaper.pdf","resources/past-papers/raw/SA1/Sep20/IandF_SA1_202009_ExamPaper.pdf","SA1/Sep20/IandF_SA1_202009_ExamPaper.pdf",".pdf","216069","142FD2B32ECCA5B10BF417638352B3840E365EB87393421357DE5A71BD7E5521","2026-06-15T23:23:19Z"
"SA1","C:\Users\Danha\Downloads\Organised Actuarial Past Papers\SA1\Sep21\IandF_SA1_202109_Examiner Report.pdf","resources/past-papers/raw/SA1/Sep21/IandF_SA1_202109_Examiner Report.pdf","SA1/Sep21/IandF_SA1_202109_Examiner Report.pdf",".pdf","172953","555CAD504509F3C9AE30F1973959144BF79D6D1966607EF588E534E8D54708EA","2026-06-15T23:23:19Z"
"SA1","C:\Users\Danha\Downloads\Organised Actuarial Past Papers\SA1\Sep21\SA1_221_EXAM_Final Clean.pdf","resources/past-papers/raw/SA1/Sep21/SA1_221_EXAM_Final Clean.pdf","SA1/Sep21/SA1_221_EXAM_Final Clean.pdf",".pdf","202014","CB6A037706FD512E5A20B57434CB40C5215DC80FEAE14B5B1F19145D14BFD518","2026-06-15T23:23:19Z"
"SA1","C:\Users\Danha\Downloads\Organised Actuarial Past Papers\SA1\Sep22\IandF_SA1_202209_Examiner Report.pdf","resources/past-papers/raw/SA1/Sep22/IandF_SA1_202209_Examiner Report.pdf","SA1/Sep22/IandF_SA1_202209_Examiner Report.pdf",".pdf","357096","65FB5F8979E0CE98D3014628849E3201981892FDE1803408FE161BC47B7B375E","2026-06-15T23:23:19Z"
"SA1","C:\Users\Danha\Downloads\Organised Actuarial Past Papers\SA1\Sep22\SA1_September22_EXAM.pdf","resources/past-papers/raw/SA1/Sep22/SA1_September22_EXAM.pdf","SA1/Sep22/SA1_September22_EXAM.pdf",".pdf","179469","357DC0BE1649602BFE30C15FDCF55A5A3F97DC19D3538234D49AF02E9396AE1A","2026-06-15T23:23:19Z"
"SA1","C:\Users\Danha\Downloads\Organised Actuarial Past Papers\SA1\Sep23\IandF_SA1_202309_Examiner Report.pdf","resources/past-papers/raw/SA1/Sep23/IandF_SA1_202309_Examiner Report.pdf","SA1/Sep23/IandF_SA1_202309_Examiner Report.pdf",".pdf","156618","B7D3AE7398684108FFA431A80A9FD8BD38497FEBF56C4651CBF15BFA1946E8BC","2026-06-15T23:23:19Z"
"SA1","C:\Users\Danha\Downloads\Organised Actuarial Past Papers\SA1\Sep23\SA1_September23_Exam_Clean Proof.pdf","resources/past-papers/raw/SA1/Sep23/SA1_September23_Exam_Clean Proof.pdf","SA1/Sep23/SA1_September23_Exam_Clean Proof.pdf",".pdf","193028","6BFC8BBD14FFC5CE72011F0A75C59FAC94DA2B15AF9566E35B48A78A81C0B801","2026-06-15T23:23:19Z"
"SA1","C:\Users\Danha\Downloads\Organised Actuarial Past Papers\SA1\Sep24\SA1_September 2024_Exam Paper.pdf","resources/past-papers/raw/SA1/Sep24/SA1_September 2024_Exam Paper.pdf","SA1/Sep24/SA1_September 2024_Exam Paper.pdf",".pdf","124757","1A77E85875A05503F96CEA2C204738329E9592686D713DF7CD0A4292FD79D32A","2026-06-15T23:23:19Z"
"SA1","C:\Users\Danha\Downloads\Organised Actuarial Past Papers\SA1\Sep24\SA1_September 2024_Examiner Report.pdf","resources/past-papers/raw/SA1/Sep24/SA1_September 2024_Examiner Report.pdf","SA1/Sep24/SA1_September 2024_Examiner Report.pdf",".pdf","407817","AA1799FA7F04C39DC74779666359275EFA232D0C5F2CF79BA9C3BFC115B855BB","2026-06-15T23:23:19Z"
"SA1","C:\Users\Danha\Downloads\Organised Actuarial Past Papers\SA1\Sep25\SA1_Sept2025_Exam.pdf","resources/past-papers/raw/SA1/Sep25/SA1_Sept2025_Exam.pdf","SA1/Sep25/SA1_Sept2025_Exam.pdf",".pdf","153514","83B8066F7E3DC25D5B626841794EEB0DDE5CE7756FCE63F2D173AFD179193C7C","2026-06-15T23:23:19Z"
"SA2","C:\Users\Danha\Downloads\Organised Actuarial Past Papers\SA2\Apr21\IandF_SA2_202104_Examiners_Report.pdf","resources/past-papers/raw/SA2/Apr21/IandF_SA2_202104_Examiners_Report.pdf","SA2/Apr21/IandF_SA2_202104_Examiners_Report.pdf",".pdf","81689","28020C94EDF885F59D1FA0BD4253A442035CC39783A7E36EFD16470B69CA6477","2026-06-15T23:23:19Z"
"SA2","C:\Users\Danha\Downloads\Organised Actuarial Past Papers\SA2\Apr21\SA2_121_EXAM.pdf","resources/past-papers/raw/SA2/Apr21/SA2_121_EXAM.pdf","SA2/Apr21/SA2_121_EXAM.pdf",".pdf","227643","2CC56810F4C6E6C72DC4075E5D14C99FCD7F4BCA27B7EE56739CC45EDAC9175B","2026-06-15T23:23:19Z"
"SA2","C:\Users\Danha\Downloads\Organised Actuarial Past Papers\SA2\Apr22\IandF_SA2__202204_Examiner Report.pdf","resources/past-papers/raw/SA2/Apr22/IandF_SA2__202204_Examiner Report.pdf","SA2/Apr22/IandF_SA2__202204_Examiner Report.pdf",".pdf","84535","3E51D29A46313370C33659C6A78C1B2BD5B5F41F6947FE3D96B514A88B65D5BA","2026-06-15T23:23:19Z"
"SA2","C:\Users\Danha\Downloads\Organised Actuarial Past Papers\SA2\Apr22\SA2_April22_EXAM_Clean Proof.pdf","resources/past-papers/raw/SA2/Apr22/SA2_April22_EXAM_Clean Proof.pdf","SA2/Apr22/SA2_April22_EXAM_Clean Proof.pdf",".pdf","152529","DB58143FDB8656A83E2AFD42624E2E3D1DCB09CD2B20445CA7190EA4BF050487","2026-06-15T23:23:19Z"
"SA2","C:\Users\Danha\Downloads\Organised Actuarial Past Papers\SA2\Apr23\IandF_SA2_202304_Examiner Report.pdf","resources/past-papers/raw/SA2/Apr23/IandF_SA2_202304_Examiner Report.pdf","SA2/Apr23/IandF_SA2_202304_Examiner Report.pdf",".pdf","153164","82A0F6A0B90DF612D15B454523206C431FBCA676BA0384AE94420BB48A906D2B","2026-06-15T23:23:19Z"
"SA2","C:\Users\Danha\Downloads\Organised Actuarial Past Papers\SA2\Apr23\SA2_April23_EXAM_Clean Proof.pdf","resources/past-papers/raw/SA2/Apr23/SA2_April23_EXAM_Clean Proof.pdf","SA2/Apr23/SA2_April23_EXAM_Clean Proof.pdf",".pdf","132450","7731C43C2BC24AB244FC6EBFA5D5CBDF431F6A3BDF36149666804F2C9686A3C1","2026-06-15T23:23:19Z"
"SA2","C:\Users\Danha\Downloads\Organised Actuarial Past Papers\SA2\Apr24\SA2_April 2024_Examiner report.pdf","resources/past-papers/raw/SA2/Apr24/SA2_April 2024_Examiner report.pdf","SA2/Apr24/SA2_April 2024_Examiner report.pdf",".pdf","420526","386534322B23106F5EEC262F755C150F5ADD0D623521323427241080A0DA4BBA","2026-06-15T23:23:19Z"
"SA2","C:\Users\Danha\Downloads\Organised Actuarial Past Papers\SA2\Apr24\SA2_April_2024_Exam_Paper.pdf","resources/past-papers/raw/SA2/Apr24/SA2_April_2024_Exam_Paper.pdf","SA2/Apr24/SA2_April_2024_Exam_Paper.pdf",".pdf","145535","77A0D87FB5200A94FDB394E4621B0C4B247CB2586D6D531C487FCCDF97874DAB","2026-06-15T23:23:19Z"
"SA2","C:\Users\Danha\Downloads\Organised Actuarial Past Papers\SA2\Apr25\SA2_April2025_Exam Paper.pdf","resources/past-papers/raw/SA2/Apr25/SA2_April2025_Exam Paper.pdf","SA2/Apr25/SA2_April2025_Exam Paper.pdf",".pdf","164046","E7EC4BCD1C9DE8CD8749CB9ED98DDAFADF8C721904D823BC3B5677FA8B95FC24","2026-06-15T23:23:19Z"
"SA2","C:\Users\Danha\Downloads\Organised Actuarial Past Papers\SA2\Apr25\SA2_April2025_Examiners' Report.pdf","resources/past-papers/raw/SA2/Apr25/SA2_April2025_Examiners' Report.pdf","SA2/Apr25/SA2_April2025_Examiners' Report.pdf",".pdf","850305","CEB1339315F4E5C5268FD80B5507ED2614D143378F33D7B4DA50A5E70352DDA5","2026-06-15T23:23:19Z"
"SA2","C:\Users\Danha\Downloads\Organised Actuarial Past Papers\SA2\Sep20\IandF_SA2_202009_Examiners_Report.pdf","resources/past-papers/raw/SA2/Sep20/IandF_SA2_202009_Examiners_Report.pdf","SA2/Sep20/IandF_SA2_202009_Examiners_Report.pdf",".pdf","112091","031DC0B8F5BE78B90F4FA7CB63941557037CED2DC3D857BBC01BA887E3CBA453","2026-06-15T23:23:19Z"
"SA2","C:\Users\Danha\Downloads\Organised Actuarial Past Papers\SA2\Sep20\IandF_SA2_202009_ExamPaper.pdf","resources/past-papers/raw/SA2/Sep20/IandF_SA2_202009_ExamPaper.pdf","SA2/Sep20/IandF_SA2_202009_ExamPaper.pdf",".pdf","150050","9FDE30F104615DD728F0FE5D32ABF5EC47B6BB5E7E817DE498177C3F624FF8D6","2026-06-15T23:23:19Z"
"SA2","C:\Users\Danha\Downloads\Organised Actuarial Past Papers\SA2\Sep21\IandF_SA2_202109_Examiner Report.pdf","resources/past-papers/raw/SA2/Sep21/IandF_SA2_202109_Examiner Report.pdf","SA2/Sep21/IandF_SA2_202109_Examiner Report.pdf",".pdf","99686","B35E9B0A963F5D42C0D6146A9C8139D29BBB05C655F8135C221A65065E371F0A","2026-06-15T23:23:19Z"
"SA2","C:\Users\Danha\Downloads\Organised Actuarial Past Papers\SA2\Sep21\SA2_221_EXAM_Clean Proof.pdf","resources/past-papers/raw/SA2/Sep21/SA2_221_EXAM_Clean Proof.pdf","SA2/Sep21/SA2_221_EXAM_Clean Proof.pdf",".pdf","203813","0A5B99330F2EE64424950607839D9876F14A04A600F647457E3F2F0FB368AC04","2026-06-15T23:23:19Z"
"SA2","C:\Users\Danha\Downloads\Organised Actuarial Past Papers\SA2\Sep22\IandF_SA2_202209_Examiner Report.pdf","resources/past-papers/raw/SA2/Sep22/IandF_SA2_202209_Examiner Report.pdf","SA2/Sep22/IandF_SA2_202209_Examiner Report.pdf",".pdf","146795","A65A8FC7A6D387B29626D92268DD17EE8BF479CF7867725CF52E686E8CFD43D3","2026-06-15T23:23:19Z"
"SA2","C:\Users\Danha\Downloads\Organised Actuarial Past Papers\SA2\Sep22\SA2_September22_EXAM.pdf","resources/past-papers/raw/SA2/Sep22/SA2_September22_EXAM.pdf","SA2/Sep22/SA2_September22_EXAM.pdf",".pdf","180768","57FCB3B358CE20D73AB701223F52366E61700A23B7BC87D698A74C02DF0DBEE3","2026-06-15T23:23:19Z"
"SA2","C:\Users\Danha\Downloads\Organised Actuarial Past Papers\SA2\Sep23\IandF_SA2_202309_Examiner Report.pdf","resources/past-papers/raw/SA2/Sep23/IandF_SA2_202309_Examiner Report.pdf","SA2/Sep23/IandF_SA2_202309_Examiner Report.pdf",".pdf","125324","6F0F409704D663FF76512D63F1D328DD4FC00CE00D965CD856C96D783ED6CEDF","2026-06-15T23:23:19Z"
"SA2","C:\Users\Danha\Downloads\Organised Actuarial Past Papers\SA2\Sep23\SA2_September23_EXAM_Clean Proof.pdf","resources/past-papers/raw/SA2/Sep23/SA2_September23_EXAM_Clean Proof.pdf","SA2/Sep23/SA2_September23_EXAM_Clean Proof.pdf",".pdf","223128","6814384346C3B8EA0F489266AA48C42498D1CC790C91A197CA59BB1347B3A951","2026-06-15T23:23:19Z"
"SA2","C:\Users\Danha\Downloads\Organised Actuarial Past Papers\SA2\Sep24\SA2_September 2024_Exam Paper.pdf","resources/past-papers/raw/SA2/Sep24/SA2_September 2024_Exam Paper.pdf","SA2/Sep24/SA2_September 2024_Exam Paper.pdf",".pdf","142451","ADB440990C75CD575B482649C9265E00F911179CD2E0C420FFE3D8A42AAAE0EB","2026-06-15T23:23:19Z"
"SA2","C:\Users\Danha\Downloads\Organised Actuarial Past Papers\SA2\Sep24\SA2_September 2024_Examiner Report.pdf","resources/past-papers/raw/SA2/Sep24/SA2_September 2024_Examiner Report.pdf","SA2/Sep24/SA2_September 2024_Examiner Report.pdf",".pdf","400569","97D0CD3C694D104E79341AAE8EF4EAFD3CB011ABC380FCE2BA9919E150D339B8","2026-06-15T23:23:19Z"
"SA2","C:\Users\Danha\Downloads\Organised Actuarial Past Papers\SA2\Sep25\SA2_Sept2025_Exam.pdf","resources/past-papers/raw/SA2/Sep25/SA2_Sept2025_Exam.pdf","SA2/Sep25/SA2_Sept2025_Exam.pdf",".pdf","183275","2CB4D7E748EA669ADFF597715DA8BC73F882E88C7709D88A00205A51408FBC62","2026-06-15T23:23:19Z"
"SA3","C:\Users\Danha\Downloads\Organised Actuarial Past Papers\SA3\Apr21\IandF_SA3_202104_Examiners_Report.pdf","resources/past-papers/raw/SA3/Apr21/IandF_SA3_202104_Examiners_Report.pdf","SA3/Apr21/IandF_SA3_202104_Examiners_Report.pdf",".pdf","106471","0219089F7696C8671716169400D79F9B9AD287D8C4F624DA2EE1F004443067E8","2026-06-15T23:23:19Z"
"SA3","C:\Users\Danha\Downloads\Organised Actuarial Past Papers\SA3\Apr21\SA3_121_EXAM.pdf","resources/past-papers/raw/SA3/Apr21/SA3_121_EXAM.pdf","SA3/Apr21/SA3_121_EXAM.pdf",".pdf","116159","A1B0414D87CF0A0E17EF80EF9FB30AB14785845C32962DA1589695CFCF3711E8","2026-06-15T23:23:19Z"
"SA3","C:\Users\Danha\Downloads\Organised Actuarial Past Papers\SA3\Apr22\landF_SA3_202204_Examiner Report.pdf","resources/past-papers/raw/SA3/Apr22/landF_SA3_202204_Examiner Report.pdf","SA3/Apr22/landF_SA3_202204_Examiner Report.pdf",".pdf","97863","4B8EFD0AC5710FB8F9400357A7EAFC7AAF1931D00B9C7A39FAFF3C6CB4087BC4","2026-06-15T23:23:19Z"
"SA3","C:\Users\Danha\Downloads\Organised Actuarial Past Papers\SA3\Apr22\SA3_April22_EXAM_Clean Proof.pdf","resources/past-papers/raw/SA3/Apr22/SA3_April22_EXAM_Clean Proof.pdf","SA3/Apr22/SA3_April22_EXAM_Clean Proof.pdf",".pdf","189694","49906A6A00FE4FC0FE6A1233BD17C1F88F00055DF64AF2BC469CF1E796EF2134","2026-06-15T23:23:19Z"
"SA3","C:\Users\Danha\Downloads\Organised Actuarial Past Papers\SA3\Apr23\IandF_SA3_202304_Examiner Report.pdf","resources/past-papers/raw/SA3/Apr23/IandF_SA3_202304_Examiner Report.pdf","SA3/Apr23/IandF_SA3_202304_Examiner Report.pdf",".pdf","117429","649BA2AD1D6ED17F64F455B72C4103BB30E687CC346D3A724B5F1254E7D3BBE7","2026-06-15T23:23:19Z"
"SA3","C:\Users\Danha\Downloads\Organised Actuarial Past Papers\SA3\Apr23\SA3_April23_EXAM_Clean Proof.pdf","resources/past-papers/raw/SA3/Apr23/SA3_April23_EXAM_Clean Proof.pdf","SA3/Apr23/SA3_April23_EXAM_Clean Proof.pdf",".pdf","830780","F987E64E278EC83B2A1D7A12EE40ED9D96610C3387949B8819ECC1235EE57D59","2026-06-15T23:23:19Z"
"SA3","C:\Users\Danha\Downloads\Organised Actuarial Past Papers\SA3\Apr24\SA3_April 2024_Examiner Report.pdf","resources/past-papers/raw/SA3/Apr24/SA3_April 2024_Examiner Report.pdf","SA3/Apr24/SA3_April 2024_Examiner Report.pdf",".pdf","385092","5DC858E25AB8756B7522B534653EC52A13C18C00510FE457D0DAE4A4E78984EF","2026-06-15T23:23:19Z"
"SA3","C:\Users\Danha\Downloads\Organised Actuarial Past Papers\SA3\Apr24\SA3_April_2024_Exam_Paper.pdf","resources/past-papers/raw/SA3/Apr24/SA3_April_2024_Exam_Paper.pdf","SA3/Apr24/SA3_April_2024_Exam_Paper.pdf",".pdf","143980","18FC9C844392D3DB9A328E19A362E5540A2B3F190F67AE797E66799DEDC25B47","2026-06-15T23:23:19Z"
"SA3","C:\Users\Danha\Downloads\Organised Actuarial Past Papers\SA3\Apr25\SA3_April2025_Exam Paper.pdf","resources/past-papers/raw/SA3/Apr25/SA3_April2025_Exam Paper.pdf","SA3/Apr25/SA3_April2025_Exam Paper.pdf",".pdf","164092","E8EEF2359D22F96E3A5EAD2B897CAAA5E433E60097D26EACB73EF34FC9B05366","2026-06-15T23:23:19Z"
"SA3","C:\Users\Danha\Downloads\Organised Actuarial Past Papers\SA3\Apr25\SA3_April2025_Examiners' Report.pdf","resources/past-papers/raw/SA3/Apr25/SA3_April2025_Examiners' Report.pdf","SA3/Apr25/SA3_April2025_Examiners' Report.pdf",".pdf","648748","FB41D7655BC57A65FBE400F9375A4401B7457C0EFE527F2CB69984D3AA11364F","2026-06-15T23:23:19Z"
"SA3","C:\Users\Danha\Downloads\Organised Actuarial Past Papers\SA3\Sep20\IandF_SA3_202009_Examiners_Report.pdf","resources/past-papers/raw/SA3/Sep20/IandF_SA3_202009_Examiners_Report.pdf","SA3/Sep20/IandF_SA3_202009_Examiners_Report.pdf",".pdf","104961","E75C7D624E262B12312F66EA04D614073E8ADA8C986C980EF0A2C584C19F946A","2026-06-15T23:23:19Z"
"SA3","C:\Users\Danha\Downloads\Organised Actuarial Past Papers\SA3\Sep20\IandF_SA3_202009_ExamPaper.pdf","resources/past-papers/raw/SA3/Sep20/IandF_SA3_202009_ExamPaper.pdf","SA3/Sep20/IandF_SA3_202009_ExamPaper.pdf",".pdf","259845","D17E41CFDCAE120AD3EE4B8BD3F0BD01CD7F4A5FB2A4037CB1F0625908204770","2026-06-15T23:23:19Z"
"SA3","C:\Users\Danha\Downloads\Organised Actuarial Past Papers\SA3\Sep21\IandF_SA3_202109_Examiner Report.pdf","resources/past-papers/raw/SA3/Sep21/IandF_SA3_202109_Examiner Report.pdf","SA3/Sep21/IandF_SA3_202109_Examiner Report.pdf",".pdf","74258","D57E82CF647EAF5183BE5972342C6AE381339290B8DAD5426387CBB7748F5852","2026-06-15T23:23:19Z"
"SA3","C:\Users\Danha\Downloads\Organised Actuarial Past Papers\SA3\Sep21\SA3_221_EXAM_Clean Proof.pdf","resources/past-papers/raw/SA3/Sep21/SA3_221_EXAM_Clean Proof.pdf","SA3/Sep21/SA3_221_EXAM_Clean Proof.pdf",".pdf","203380","361F4D7AB4AF77AED4AAE303C409F1CF97D9CE0692885BF9D24EDB032A47CB73","2026-06-15T23:23:19Z"
"SA3","C:\Users\Danha\Downloads\Organised Actuarial Past Papers\SA3\Sep22\IandF_SA3_202209_Examiner Report.pdf","resources/past-papers/raw/SA3/Sep22/IandF_SA3_202209_Examiner Report.pdf","SA3/Sep22/IandF_SA3_202209_Examiner Report.pdf",".pdf","143022","AE0E80C05651232DCABEC9E94A3ED95B03AACB9A404F22038AFD2D27772AB8ED","2026-06-15T23:23:19Z"
"SA3","C:\Users\Danha\Downloads\Organised Actuarial Past Papers\SA3\Sep22\SA3_September22_EXAM.pdf","resources/past-papers/raw/SA3/Sep22/SA3_September22_EXAM.pdf","SA3/Sep22/SA3_September22_EXAM.pdf",".pdf","166393","84648912A02C716F01FF7F9753A8FF5A1E0140AFB82E1323054EC7309612F260","2026-06-15T23:23:19Z"
"SA3","C:\Users\Danha\Downloads\Organised Actuarial Past Papers\SA3\Sep23\IandF_SA3_202309_Examiner Report.pdf","resources/past-papers/raw/SA3/Sep23/IandF_SA3_202309_Examiner Report.pdf","SA3/Sep23/IandF_SA3_202309_Examiner Report.pdf",".pdf","169912","D9311AEBE2DD8017B9358ACD5CBB4A418FC208F8571E799EFBC8396A8084B7A3","2026-06-15T23:23:19Z"
"SA3","C:\Users\Danha\Downloads\Organised Actuarial Past Papers\SA3\Sep23\SA3_September23_EXAM_Clean Proof.pdf","resources/past-papers/raw/SA3/Sep23/SA3_September23_EXAM_Clean Proof.pdf","SA3/Sep23/SA3_September23_EXAM_Clean Proof.pdf",".pdf","222111","393E767EC0515B29008DA3D80773E6C6F15CA05F4C5FD8BE744A6514E4115CC0","2026-06-15T23:23:19Z"
"SA3","C:\Users\Danha\Downloads\Organised Actuarial Past Papers\SA3\Sep24\SA3_September 2024_Exam Paper.pdf","resources/past-papers/raw/SA3/Sep24/SA3_September 2024_Exam Paper.pdf","SA3/Sep24/SA3_September 2024_Exam Paper.pdf",".pdf","138196","4CC6B5569FAEBDB57A71F09522BAAF2077E4BD4AF8F0A102ACF32A81D7AC5C1C","2026-06-15T23:23:19Z"
"SA3","C:\Users\Danha\Downloads\Organised Actuarial Past Papers\SA3\Sep24\SA3_September 2024_Examiner Report.pdf","resources/past-papers/raw/SA3/Sep24/SA3_September 2024_Examiner Report.pdf","SA3/Sep24/SA3_September 2024_Examiner Report.pdf",".pdf","389349","CE11C232FEAE8C1B70C241661741C4B5720D086B0D88E1396B9D1B829A860F62","2026-06-15T23:23:19Z"
"SA3","C:\Users\Danha\Downloads\Organised Actuarial Past Papers\SA3\Sep25\SA3_Sept2025_Exam.pdf","resources/past-papers/raw/SA3/Sep25/SA3_Sept2025_Exam.pdf","SA3/Sep25/SA3_Sept2025_Exam.pdf",".pdf","432717","7538D10E86A29A3DB1E45C3EBAC7051B72D278D7968A7200440620871CD0FE13","2026-06-15T23:23:19Z"
"SA4","C:\Users\Danha\Downloads\Organised Actuarial Past Papers\SA4\Apr21\IandF_SA4_202104_Examiners_Report.pdf","resources/past-papers/raw/SA4/Apr21/IandF_SA4_202104_Examiners_Report.pdf","SA4/Apr21/IandF_SA4_202104_Examiners_Report.pdf",".pdf","121974","D74932F4AAD75DBDC250AA9AD5001ED8973ED9628D213FF4E47ADB974FD4DB8F","2026-06-15T23:23:19Z"
"SA4","C:\Users\Danha\Downloads\Organised Actuarial Past Papers\SA4\Apr21\SA4_121_EXAM_Clean Proof.pdf","resources/past-papers/raw/SA4/Apr21/SA4_121_EXAM_Clean Proof.pdf","SA4/Apr21/SA4_121_EXAM_Clean Proof.pdf",".pdf","178851","93AB9F79FD85982BA5349492C458EC8C814EFBBBE47EC81CDA19237DEDF9BA77","2026-06-15T23:23:19Z"
"SA4","C:\Users\Danha\Downloads\Organised Actuarial Past Papers\SA4\Apr22\IandF_SA4_202204_ Examiner Report.pdf","resources/past-papers/raw/SA4/Apr22/IandF_SA4_202204_ Examiner Report.pdf","SA4/Apr22/IandF_SA4_202204_ Examiner Report.pdf",".pdf","94951","8985205D86A16A28DF7A03670A7B03F76F681A60BE6AD1DD479011A135224E5A","2026-06-15T23:23:19Z"
"SA4","C:\Users\Danha\Downloads\Organised Actuarial Past Papers\SA4\Apr22\SA4_April22_EXAM_Clean Proof.pdf","resources/past-papers/raw/SA4/Apr22/SA4_April22_EXAM_Clean Proof.pdf","SA4/Apr22/SA4_April22_EXAM_Clean Proof.pdf",".pdf","176858","38926B66072FC966460443F3AC5C53E022B063951A86FDC52A450433F98E4174","2026-06-15T23:23:19Z"
"SA4","C:\Users\Danha\Downloads\Organised Actuarial Past Papers\SA4\Apr23\IandF_SA4_202304_Examiner Report.pdf","resources/past-papers/raw/SA4/Apr23/IandF_SA4_202304_Examiner Report.pdf","SA4/Apr23/IandF_SA4_202304_Examiner Report.pdf",".pdf","137486","6067CB7A64D7B00EE5957E005B01CC8EA298ACADC792AFF0FF835AAC745D2665","2026-06-15T23:23:19Z"
"SA4","C:\Users\Danha\Downloads\Organised Actuarial Past Papers\SA4\Apr23\SA4_April23_EXAM_Clean Proof.pdf","resources/past-papers/raw/SA4/Apr23/SA4_April23_EXAM_Clean Proof.pdf","SA4/Apr23/SA4_April23_EXAM_Clean Proof.pdf",".pdf","160655","74A2D6BBEE2D58C29A1A5179C69CDC4E3D3A9A61C0B0DA7A0CCB1D536C4C0C28","2026-06-15T23:23:19Z"
"SA4","C:\Users\Danha\Downloads\Organised Actuarial Past Papers\SA4\Apr24\SA4_April 2024_Examiner Report.pdf","resources/past-papers/raw/SA4/Apr24/SA4_April 2024_Examiner Report.pdf","SA4/Apr24/SA4_April 2024_Examiner Report.pdf",".pdf","356274","AA4A46D7E04537D77CF33957061AFA4AE9F3F10B527EB1093384F3928D84C933","2026-06-15T23:23:19Z"
"SA4","C:\Users\Danha\Downloads\Organised Actuarial Past Papers\SA4\Apr24\SA4_April_2024_Exam_Paper.pdf","resources/past-papers/raw/SA4/Apr24/SA4_April_2024_Exam_Paper.pdf","SA4/Apr24/SA4_April_2024_Exam_Paper.pdf",".pdf","176689","81258FE866A09E357E84B46108C178F087FA49CC428EA225C472A99CDCABEA88","2026-06-15T23:23:19Z"
"SA4","C:\Users\Danha\Downloads\Organised Actuarial Past Papers\SA4\Apr25\SA4_April 2025_Exam Paper.pdf","resources/past-papers/raw/SA4/Apr25/SA4_April 2025_Exam Paper.pdf","SA4/Apr25/SA4_April 2025_Exam Paper.pdf",".pdf","184215","4629DBB6F7ECF2D891452170C0DA3E790A5F45CE6AC7DCF0CD063C4B5141065E","2026-06-15T23:23:19Z"
"SA4","C:\Users\Danha\Downloads\Organised Actuarial Past Papers\SA4\Apr25\SA4_April 2025_Examiners' Report.pdf","resources/past-papers/raw/SA4/Apr25/SA4_April 2025_Examiners' Report.pdf","SA4/Apr25/SA4_April 2025_Examiners' Report.pdf",".pdf","671368","C0CAC5A57F700C305BEAAB003E7AE0085AF7DD009666DEFCE02B41BE78693496","2026-06-15T23:23:19Z"
"SA4","C:\Users\Danha\Downloads\Organised Actuarial Past Papers\SA4\Sep20\IandF_SA4_202009_Examiners_Report.pdf","resources/past-papers/raw/SA4/Sep20/IandF_SA4_202009_Examiners_Report.pdf","SA4/Sep20/IandF_SA4_202009_Examiners_Report.pdf",".pdf","122489","7338DA2B67622BBC133392F9F4E74F2A97132ECF1B141E9FEC8374C624A2317C","2026-06-15T23:23:19Z"
"SA4","C:\Users\Danha\Downloads\Organised Actuarial Past Papers\SA4\Sep20\IandF_SA4_202009_ExamPaper.pdf","resources/past-papers/raw/SA4/Sep20/IandF_SA4_202009_ExamPaper.pdf","SA4/Sep20/IandF_SA4_202009_ExamPaper.pdf",".pdf","211842","BFC2D040F63D49F383936188F6671B091CBAACC64AE5CD1FC6F504FDE858A906","2026-06-15T23:23:19Z"
"SA4","C:\Users\Danha\Downloads\Organised Actuarial Past Papers\SA4\Sep21\IandF_SA4_202109_Examiner Report.pdf","resources/past-papers/raw/SA4/Sep21/IandF_SA4_202109_Examiner Report.pdf","SA4/Sep21/IandF_SA4_202109_Examiner Report.pdf",".pdf","89422","C9A84BD60722231885A7E0F2BB48F621216293D92495B0A9BB87125154A0845C","2026-06-15T23:23:19Z"
"SA4","C:\Users\Danha\Downloads\Organised Actuarial Past Papers\SA4\Sep21\SA4_221_EXAM_Final Clean.pdf","resources/past-papers/raw/SA4/Sep21/SA4_221_EXAM_Final Clean.pdf","SA4/Sep21/SA4_221_EXAM_Final Clean.pdf",".pdf","286311","1B8A06D23AA7EE4D5839F7107F1C1A69431851AD2D17A244A4283D709788D1E8","2026-06-15T23:23:19Z"
"SA4","C:\Users\Danha\Downloads\Organised Actuarial Past Papers\SA4\Sep22\IandF_SA4_202209_Examiner Report.pdf","resources/past-papers/raw/SA4/Sep22/IandF_SA4_202209_Examiner Report.pdf","SA4/Sep22/IandF_SA4_202209_Examiner Report.pdf",".pdf","135706","1F36B31A5BF6BD9AE61B4061BE424C277A66D54CA83A1091B4DE6E2C75A8E45C","2026-06-15T23:23:19Z"
"SA4","C:\Users\Danha\Downloads\Organised Actuarial Past Papers\SA4\Sep22\SA4_September22_EXAM.pdf","resources/past-papers/raw/SA4/Sep22/SA4_September22_EXAM.pdf","SA4/Sep22/SA4_September22_EXAM.pdf",".pdf","164763","5729FD73C81E47C93DC3B727C1972D7DE2A2FA47F5E94BC65617C9FC08A8B976","2026-06-15T23:23:19Z"
"SA4","C:\Users\Danha\Downloads\Organised Actuarial Past Papers\SA4\Sep23\IandF_SA4_202309_ Examiner Report.pdf","resources/past-papers/raw/SA4/Sep23/IandF_SA4_202309_ Examiner Report.pdf","SA4/Sep23/IandF_SA4_202309_ Examiner Report.pdf",".pdf","159559","B8760CCAB5F5A07B3CE0D911F761640FB07600CFA45A355314DB33B830527132","2026-06-15T23:23:19Z"
"SA4","C:\Users\Danha\Downloads\Organised Actuarial Past Papers\SA4\Sep23\SA4_September23_EXAM_Clean Proof.pdf","resources/past-papers/raw/SA4/Sep23/SA4_September23_EXAM_Clean Proof.pdf","SA4/Sep23/SA4_September23_EXAM_Clean Proof.pdf",".pdf","203044","787A7B5E6FF0AE4A5686BF2D9578D11B644B30E9EFEDF85A5CAFC959C701D749","2026-06-15T23:23:19Z"
"SA4","C:\Users\Danha\Downloads\Organised Actuarial Past Papers\SA4\Sep24\SA4_September 2024_Exam Paper.pdf","resources/past-papers/raw/SA4/Sep24/SA4_September 2024_Exam Paper.pdf","SA4/Sep24/SA4_September 2024_Exam Paper.pdf",".pdf","146702","D5C0ADEAB0E92C68C649BF772E47E29767AB8A204279350B60141D6C6CD99703","2026-06-15T23:23:19Z"
"SA4","C:\Users\Danha\Downloads\Organised Actuarial Past Papers\SA4\Sep24\SA4_September 2024_Examiner Report.pdf","resources/past-papers/raw/SA4/Sep24/SA4_September 2024_Examiner Report.pdf","SA4/Sep24/SA4_September 2024_Examiner Report.pdf",".pdf","392276","7F306B1182390ECD495A9EFC466588A5B529B5874A796B2C9074FA5A5D184ADD","2026-06-15T23:23:19Z"
"SA4","C:\Users\Danha\Downloads\Organised Actuarial Past Papers\SA4\Sep25\SA4_Sept2025_Exam.pdf","resources/past-papers/raw/SA4/Sep25/SA4_Sept2025_Exam.pdf","SA4/Sep25/SA4_Sept2025_Exam.pdf",".pdf","168968","0ECBEB8EC1082E359B536D85ADCD782FC02CA5558271FCAA9BC0425CFEF37911","2026-06-15T23:23:19Z"
"SA7","C:\Users\Danha\Downloads\Organised Actuarial Past Papers\SA7\Apr21\IandF_SA7_202104_Examiners_Report.pdf","resources/past-papers/raw/SA7/Apr21/IandF_SA7_202104_Examiners_Report.pdf","SA7/Apr21/IandF_SA7_202104_Examiners_Report.pdf",".pdf","60939","FAAC3EA92A3778D7DAC85B19FAAE748F4A382AE70B4C517486C2CD705D060C1F","2026-06-15T23:23:19Z"
"SA7","C:\Users\Danha\Downloads\Organised Actuarial Past Papers\SA7\Apr21\SA7_121_EXAM.pdf","resources/past-papers/raw/SA7/Apr21/SA7_121_EXAM.pdf","SA7/Apr21/SA7_121_EXAM.pdf",".pdf","185086","720417F2C7073E8F135E1DA72BEAC5785C603A2573A2EC5B48A32511568D27F8","2026-06-15T23:23:19Z"
"SA7","C:\Users\Danha\Downloads\Organised Actuarial Past Papers\SA7\Apr22\landF_SA7_202204_Examiner Report.pdf","resources/past-papers/raw/SA7/Apr22/landF_SA7_202204_Examiner Report.pdf","SA7/Apr22/landF_SA7_202204_Examiner Report.pdf",".pdf","97173","C356AAA29D83ACB90F83E9370BF5B4FDDA51DF9908821619F3CE29C4C11E2FAA","2026-06-15T23:23:19Z"
"SA7","C:\Users\Danha\Downloads\Organised Actuarial Past Papers\SA7\Apr22\SA7_April22_EXAM_Clean Proof.pdf","resources/past-papers/raw/SA7/Apr22/SA7_April22_EXAM_Clean Proof.pdf","SA7/Apr22/SA7_April22_EXAM_Clean Proof.pdf",".pdf","166407","AF8F1030DAD4178564236266809A632C77353EC596B661D6ED3EA6C973362609","2026-06-15T23:23:19Z"
"SA7","C:\Users\Danha\Downloads\Organised Actuarial Past Papers\SA7\Apr23\IandF_SA7_202304_Examiner Report.pdf","resources/past-papers/raw/SA7/Apr23/IandF_SA7_202304_Examiner Report.pdf","SA7/Apr23/IandF_SA7_202304_Examiner Report.pdf",".pdf","102356","91209F0CD05CD24CF97D6021269A6B6615019A4DB493BDD3097E0AD5D8300FD0","2026-06-15T23:23:19Z"
"SA7","C:\Users\Danha\Downloads\Organised Actuarial Past Papers\SA7\Apr23\SA7_April23_EXAM_Clean Proof.pdf","resources/past-papers/raw/SA7/Apr23/SA7_April23_EXAM_Clean Proof.pdf","SA7/Apr23/SA7_April23_EXAM_Clean Proof.pdf",".pdf","907570","024C2CF7C8796D115E76324236F0D8EBBE62BC4F03D53F935E8FF7527E12CBC6","2026-06-15T23:23:20Z"
"SA7","C:\Users\Danha\Downloads\Organised Actuarial Past Papers\SA7\Apr24\SA7_April 2024_Examiner Report.pdf","resources/past-papers/raw/SA7/Apr24/SA7_April 2024_Examiner Report.pdf","SA7/Apr24/SA7_April 2024_Examiner Report.pdf",".pdf","298350","C0E60556D1332D2FD1DEE71FCD5B05A5280A651D3D5929E745777270E0BB4B59","2026-06-15T23:23:20Z"
"SA7","C:\Users\Danha\Downloads\Organised Actuarial Past Papers\SA7\Apr24\SA7_April_2024_Exam_Paper.pdf","resources/past-papers/raw/SA7/Apr24/SA7_April_2024_Exam_Paper.pdf","SA7/Apr24/SA7_April_2024_Exam_Paper.pdf",".pdf","170013","A47F838F84B1F0FF8A8351D32578C024A4A87E442D9436F0BF026132298967B4","2026-06-15T23:23:20Z"
"SA7","C:\Users\Danha\Downloads\Organised Actuarial Past Papers\SA7\Apr25\SA7_April2025_Exam Paper.pdf","resources/past-papers/raw/SA7/Apr25/SA7_April2025_Exam Paper.pdf","SA7/Apr25/SA7_April2025_Exam Paper.pdf",".pdf","199267","9819147BA15EBE82A4EF7ADA6A07C30448FA4BB5A40DAB1A300D185C3967F155","2026-06-15T23:23:20Z"
"SA7","C:\Users\Danha\Downloads\Organised Actuarial Past Papers\SA7\Apr25\SA7_April2025_Examiners' Report.pdf","resources/past-papers/raw/SA7/Apr25/SA7_April2025_Examiners' Report.pdf","SA7/Apr25/SA7_April2025_Examiners' Report.pdf",".pdf","659771","98A09A2407FF13DE1F3E2E47D198D9FF5C4FDD6AEA7571A11411EDF8BA66EFB3","2026-06-15T23:23:20Z"
"SA7","C:\Users\Danha\Downloads\Organised Actuarial Past Papers\SA7\Sep20\IandF_SA7_202009_Examiners_Report.pdf","resources/past-papers/raw/SA7/Sep20/IandF_SA7_202009_Examiners_Report.pdf","SA7/Sep20/IandF_SA7_202009_Examiners_Report.pdf",".pdf","82454","1BC9D000EE62D5069582D848986B9A7560062B6275890FB43596DA14E3547074","2026-06-15T23:23:20Z"
"SA7","C:\Users\Danha\Downloads\Organised Actuarial Past Papers\SA7\Sep20\IandF_SA7_202009_ExamPaper.pdf","resources/past-papers/raw/SA7/Sep20/IandF_SA7_202009_ExamPaper.pdf","SA7/Sep20/IandF_SA7_202009_ExamPaper.pdf",".pdf","358488","9E45928294B0B631AFB8E4CDE984AE793060025CE4EDAA4DDF18589F1687198E","2026-06-15T23:23:20Z"
"SA7","C:\Users\Danha\Downloads\Organised Actuarial Past Papers\SA7\Sep21\IandF_SA7_202109_Examiner Report.pdf","resources/past-papers/raw/SA7/Sep21/IandF_SA7_202109_Examiner Report.pdf","SA7/Sep21/IandF_SA7_202109_Examiner Report.pdf",".pdf","60648","7D0A434FDEDD3BCAC02077288F7D83DE593DA70E19990450C763A9B7D8775B0A","2026-06-15T23:23:20Z"
"SA7","C:\Users\Danha\Downloads\Organised Actuarial Past Papers\SA7\Sep21\SA7_221_EXAM_Final Clean.pdf","resources/past-papers/raw/SA7/Sep21/SA7_221_EXAM_Final Clean.pdf","SA7/Sep21/SA7_221_EXAM_Final Clean.pdf",".pdf","282647","1C25F8E63EDC1CC793D7BA5AEBBCDBDC5F18DA39ACC171A9DB44D66C0D6CC62C","2026-06-15T23:23:20Z"
"SA7","C:\Users\Danha\Downloads\Organised Actuarial Past Papers\SA7\Sep22\IandF_SA7_202209_Examiner Report.pdf","resources/past-papers/raw/SA7/Sep22/IandF_SA7_202209_Examiner Report.pdf","SA7/Sep22/IandF_SA7_202209_Examiner Report.pdf",".pdf","100540","8673AFA1122639643925DFA3926BEA1306651528A4F9996210674D69AC24A33A","2026-06-15T23:23:20Z"
"SA7","C:\Users\Danha\Downloads\Organised Actuarial Past Papers\SA7\Sep22\SA7 2022 Paper 1 Q1.xlsx","resources/past-papers/raw/SA7/Sep22/SA7 2022 Paper 1 Q1.xlsx","SA7/Sep22/SA7 2022 Paper 1 Q1.xlsx",".xlsx","52330","DFD2B7091DF6F97F16224A0C60689595FE205A9EE7D75E53D5B7B8409F4B53C9","2026-06-15T23:23:20Z"
"SA7","C:\Users\Danha\Downloads\Organised Actuarial Past Papers\SA7\Sep22\SA7 2022 Paper 1 Q2.xlsx","resources/past-papers/raw/SA7/Sep22/SA7 2022 Paper 1 Q2.xlsx","SA7/Sep22/SA7 2022 Paper 1 Q2.xlsx",".xlsx","13526","2D5DE63A2A7E261D6ED1502534E6CA270C421E7301CC2390B4BFC72659111A5B","2026-06-15T23:23:20Z"
"SA7","C:\Users\Danha\Downloads\Organised Actuarial Past Papers\SA7\Sep22\SA7_September22_EXAM.pdf","resources/past-papers/raw/SA7/Sep22/SA7_September22_EXAM.pdf","SA7/Sep22/SA7_September22_EXAM.pdf",".pdf","292138","58F53EC635E469960E219EA4243123A904BEB209D3A379D1D802D2C955809924","2026-06-15T23:23:20Z"
"SA7","C:\Users\Danha\Downloads\Organised Actuarial Past Papers\SA7\Sep23\IandF_SA7_202309_Examiner Report.pdf","resources/past-papers/raw/SA7/Sep23/IandF_SA7_202309_Examiner Report.pdf","SA7/Sep23/IandF_SA7_202309_Examiner Report.pdf",".pdf","149372","1C23B7118CA9F6987833BEA531CA7F79949D4438ECC09D842C18B8A0D0FA619E","2026-06-15T23:23:20Z"
"SA7","C:\Users\Danha\Downloads\Organised Actuarial Past Papers\SA7\Sep23\SA7_September23_EXAM_Clean Proof.pdf","resources/past-papers/raw/SA7/Sep23/SA7_September23_EXAM_Clean Proof.pdf","SA7/Sep23/SA7_September23_EXAM_Clean Proof.pdf",".pdf","194451","36AF4220C1F00081F4600852784F27EDC2E224829D4074360762F9A1C3D8D5CD","2026-06-15T23:23:20Z"
"SA7","C:\Users\Danha\Downloads\Organised Actuarial Past Papers\SA7\Sep24\SA7_September 2024_Exam Paper.pdf","resources/past-papers/raw/SA7/Sep24/SA7_September 2024_Exam Paper.pdf","SA7/Sep24/SA7_September 2024_Exam Paper.pdf",".pdf","147425","55564B29540A411C718CE7E1DF0C62C089966C574D779230EA6B57B751E49229","2026-06-15T23:23:20Z"
"SA7","C:\Users\Danha\Downloads\Organised Actuarial Past Papers\SA7\Sep24\SA7_September 2024_Examiner Report.pdf","resources/past-papers/raw/SA7/Sep24/SA7_September 2024_Examiner Report.pdf","SA7/Sep24/SA7_September 2024_Examiner Report.pdf",".pdf","313528","A78A1106155F613888B7F6E9D8186520A8C71F2E7B889202183EFFE33C65BA5E","2026-06-15T23:23:20Z"
"SA7","C:\Users\Danha\Downloads\Organised Actuarial Past Papers\SA7\Sep25\SA7_Sept2025_Exam.pdf","resources/past-papers/raw/SA7/Sep25/SA7_Sept2025_Exam.pdf","SA7/Sep25/SA7_Sept2025_Exam.pdf",".pdf","175581","FA73F90F88AD8AA217C87EED11102A19DFDA7C2CE7B5F55220EDB69A8652F117","2026-06-15T23:23:20Z"
"SP1","C:\Users\Danha\Downloads\Organised Actuarial Past Papers\SP1\Apr21\IandF_SP1_202104_Examiners_Report.pdf","resources/past-papers/raw/SP1/Apr21/IandF_SP1_202104_Examiners_Report.pdf","SP1/Apr21/IandF_SP1_202104_Examiners_Report.pdf",".pdf","158421","7038599E4C0705150137F8BF6FFDC03A8CB46057E6F7DA92F0B7A0E5AFB8BDB8","2026-06-15T23:23:20Z"
"SP1","C:\Users\Danha\Downloads\Organised Actuarial Past Papers\SP1\Apr21\SP1_121_EXAM.pdf","resources/past-papers/raw/SP1/Apr21/SP1_121_EXAM.pdf","SP1/Apr21/SP1_121_EXAM.pdf",".pdf","167083","3FCCCC7DF9A860A8EA113CA620FDCB4069561A19A90590C42BD805898C57A26A","2026-06-15T23:23:20Z"
"SP1","C:\Users\Danha\Downloads\Organised Actuarial Past Papers\SP1\Apr22\IandF_SP1_202204_ Examiner Report.pdf","resources/past-papers/raw/SP1/Apr22/IandF_SP1_202204_ Examiner Report.pdf","SP1/Apr22/IandF_SP1_202204_ Examiner Report.pdf",".pdf","128199","8C38E2B8562ACC67F8AAB596635E85903EDDDD656841A177191B77FBBF24580A","2026-06-15T23:23:20Z"
"SP1","C:\Users\Danha\Downloads\Organised Actuarial Past Papers\SP1\Apr22\SP1_April22_EXAM_Clean Proof.pdf","resources/past-papers/raw/SP1/Apr22/SP1_April22_EXAM_Clean Proof.pdf","SP1/Apr22/SP1_April22_EXAM_Clean Proof.pdf",".pdf","210152","5DB35535B93DA6276F3AD346E0C58B9B102F171BAABF5D33B39BF9E6059AFED6","2026-06-15T23:23:20Z"
"SP1","C:\Users\Danha\Downloads\Organised Actuarial Past Papers\SP1\Apr23\IandF_SP1_202304_Examiner report.pdf","resources/past-papers/raw/SP1/Apr23/IandF_SP1_202304_Examiner report.pdf","SP1/Apr23/IandF_SP1_202304_Examiner report.pdf",".pdf","216880","29359A0B2FC20598EF428BFF9C8D1598E0F9ADD58AA4D21A413961A08AFF6E6F","2026-06-15T23:23:20Z"
"SP1","C:\Users\Danha\Downloads\Organised Actuarial Past Papers\SP1\Apr23\SP1_April23_EXAM_Clean Proof.pdf","resources/past-papers/raw/SP1/Apr23/SP1_April23_EXAM_Clean Proof.pdf","SP1/Apr23/SP1_April23_EXAM_Clean Proof.pdf",".pdf","204940","DB3800831A0F127EF0FB06177F1CD16091C381CCA9AC43E7B730ECD7B57C43C4","2026-06-15T23:23:20Z"
"SP1","C:\Users\Danha\Downloads\Organised Actuarial Past Papers\SP1\Apr24\SP1_April 2024_Examiner Report.pdf","resources/past-papers/raw/SP1/Apr24/SP1_April 2024_Examiner Report.pdf","SP1/Apr24/SP1_April 2024_Examiner Report.pdf",".pdf","486053","72A14F7CA8A0E416A7B8BCE97152E550F0639A72973FE6ED826A5E95C2D2E4B9","2026-06-15T23:23:20Z"
"SP1","C:\Users\Danha\Downloads\Organised Actuarial Past Papers\SP1\Apr24\SP1_April_2024_Exam_Paper.pdf","resources/past-papers/raw/SP1/Apr24/SP1_April_2024_Exam_Paper.pdf","SP1/Apr24/SP1_April_2024_Exam_Paper.pdf",".pdf","154002","623E26A3F7DD3D03B7335DD50D022C55B8A8886F4105B85BAC857E02DC08749E","2026-06-15T23:23:20Z"
"SP1","C:\Users\Danha\Downloads\Organised Actuarial Past Papers\SP1\Apr25\SP1_April2025_Exam Paper.pdf","resources/past-papers/raw/SP1/Apr25/SP1_April2025_Exam Paper.pdf","SP1/Apr25/SP1_April2025_Exam Paper.pdf",".pdf","159812","AF4A0BC9192C1C154BF5AC386FF24AE7B64301CB4833B23746020C81501E3C91","2026-06-15T23:23:20Z"
"SP1","C:\Users\Danha\Downloads\Organised Actuarial Past Papers\SP1\Apr25\SP1_April2025_Examiners' Report.pdf","resources/past-papers/raw/SP1/Apr25/SP1_April2025_Examiners' Report.pdf","SP1/Apr25/SP1_April2025_Examiners' Report.pdf",".pdf","917296","521C127FE9816EB9EAEC48B64EC79B9B1204C3A3BC68BEAE35220917CC18254C","2026-06-15T23:23:20Z"
"SP1","C:\Users\Danha\Downloads\Organised Actuarial Past Papers\SP1\Sep20\IandF_SP1_202009_Examiners_Report.pdf","resources/past-papers/raw/SP1/Sep20/IandF_SP1_202009_Examiners_Report.pdf","SP1/Sep20/IandF_SP1_202009_Examiners_Report.pdf",".pdf","121934","FB26EE3A643AB96D3376E8923EFF9A380AB52AD349190E85196DAE68CAAC49BF","2026-06-15T23:23:20Z"
"SP1","C:\Users\Danha\Downloads\Organised Actuarial Past Papers\SP1\Sep20\IandF_SP1_202009_ExamPaper.pdf","resources/past-papers/raw/SP1/Sep20/IandF_SP1_202009_ExamPaper.pdf","SP1/Sep20/IandF_SP1_202009_ExamPaper.pdf",".pdf","202449","03310DE9913E7477BA12FFC0CC1D2275FBADC269D4A8699AAC6917498E6B3AE6","2026-06-15T23:23:20Z"
"SP1","C:\Users\Danha\Downloads\Organised Actuarial Past Papers\SP1\Sep21\IandF_SP1_202109_ Examiner Report.pdf","resources/past-papers/raw/SP1/Sep21/IandF_SP1_202109_ Examiner Report.pdf","SP1/Sep21/IandF_SP1_202109_ Examiner Report.pdf",".pdf","203359","A9DBA005566AC22FCB1B55594CDEEC81ED7AD8ED2DB6AC1D4B7F5C0284C49A6D","2026-06-15T23:23:20Z"
"SP1","C:\Users\Danha\Downloads\Organised Actuarial Past Papers\SP1\Sep21\SP1_221_EXAM_Final Clean.pdf","resources/past-papers/raw/SP1/Sep21/SP1_221_EXAM_Final Clean.pdf","SP1/Sep21/SP1_221_EXAM_Final Clean.pdf",".pdf","228210","9BA1614F712FBB4F0C27B75F8F553D35DA47111EF76837F07078CBF44EA547B1","2026-06-15T23:23:20Z"
"SP1","C:\Users\Danha\Downloads\Organised Actuarial Past Papers\SP1\Sep22\IandF_SP1_202209_Examiner Report.pdf","resources/past-papers/raw/SP1/Sep22/IandF_SP1_202209_Examiner Report.pdf","SP1/Sep22/IandF_SP1_202209_Examiner Report.pdf",".pdf","201670","29826689698DEC63B9EA2C546CA8AE2E9957FD7C5CB0BCFFA3AD37C26467B9CB","2026-06-15T23:23:20Z"
"SP1","C:\Users\Danha\Downloads\Organised Actuarial Past Papers\SP1\Sep22\SP1_September22_EXAM.pdf","resources/past-papers/raw/SP1/Sep22/SP1_September22_EXAM.pdf","SP1/Sep22/SP1_September22_EXAM.pdf",".pdf","161759","75DBA8120E92C8CEBA364734171F04358570E52412029275158A313AF9EEAD19","2026-06-15T23:23:20Z"
"SP1","C:\Users\Danha\Downloads\Organised Actuarial Past Papers\SP1\Sep23\IandF_SP1_202309_Examiner Report.pdf","resources/past-papers/raw/SP1/Sep23/IandF_SP1_202309_Examiner Report.pdf","SP1/Sep23/IandF_SP1_202309_Examiner Report.pdf",".pdf","234186","9BAC10A26C236BAC7B2C137ADCAC04801AB5FC4D306DC0B2BEBB17DB7D2F6DC0","2026-06-15T23:23:20Z"
"SP1","C:\Users\Danha\Downloads\Organised Actuarial Past Papers\SP1\Sep23\SP1_September23_EXAM_Clean Proof (1).pdf","resources/past-papers/raw/SP1/Sep23/SP1_September23_EXAM_Clean Proof (1).pdf","SP1/Sep23/SP1_September23_EXAM_Clean Proof (1).pdf",".pdf","220974","3150C6886791EFFB4AA4E1D09798B14AB9AF75441F71E111D1165809E2F60F1D","2026-06-15T23:23:20Z"
"SP1","C:\Users\Danha\Downloads\Organised Actuarial Past Papers\SP1\Sep24\SP1_September 2024_Exam Paper.pdf","resources/past-papers/raw/SP1/Sep24/SP1_September 2024_Exam Paper.pdf","SP1/Sep24/SP1_September 2024_Exam Paper.pdf",".pdf","159394","E61E5FF32F70F9AAE0AF1744691C978D16031DA65DE756AAC82855C9A24C9B80","2026-06-15T23:23:20Z"
"SP1","C:\Users\Danha\Downloads\Organised Actuarial Past Papers\SP1\Sep24\SP1_September 2024_Examiner Report.pdf","resources/past-papers/raw/SP1/Sep24/SP1_September 2024_Examiner Report.pdf","SP1/Sep24/SP1_September 2024_Examiner Report.pdf",".pdf","540546","6DEFE398EF848440C90CEDFD0D59D072F647C67621E30B70B12034B3D11BB568","2026-06-15T23:23:20Z"
"SP1","C:\Users\Danha\Downloads\Organised Actuarial Past Papers\SP1\Sep25\SP1_Sept2025_Exam.pdf","resources/past-papers/raw/SP1/Sep25/SP1_Sept2025_Exam.pdf","SP1/Sep25/SP1_Sept2025_Exam.pdf",".pdf","186558","273FC4E61A112CE1C36960D304CF662BC528AF3ADB2EE19283E71F571229256A","2026-06-15T23:23:20Z"
"SP2","C:\Users\Danha\Downloads\Organised Actuarial Past Papers\SP2\Apr21\IandF_SP2_202104_Examiners_Report.pdf","resources/past-papers/raw/SP2/Apr21/IandF_SP2_202104_Examiners_Report.pdf","SP2/Apr21/IandF_SP2_202104_Examiners_Report.pdf",".pdf","112781","11216FEDA7D8C4BE679E2E6E3FF5EE21F9E88FC8B566D33CBA77846B6FA5FD1A","2026-06-15T23:23:20Z"
"SP2","C:\Users\Danha\Downloads\Organised Actuarial Past Papers\SP2\Apr21\SP2_121_EXAM.pdf","resources/past-papers/raw/SP2/Apr21/SP2_121_EXAM.pdf","SP2/Apr21/SP2_121_EXAM.pdf",".pdf","222653","AF603A90AA6968453CD3EFCAFEEC08BF37A1F6F41ADE63F7E84BE0DBF2D4C4EF","2026-06-15T23:23:20Z"
"SP2","C:\Users\Danha\Downloads\Organised Actuarial Past Papers\SP2\Apr22\IandF_SP2_202204_ Examiner Report.pdf","resources/past-papers/raw/SP2/Apr22/IandF_SP2_202204_ Examiner Report.pdf","SP2/Apr22/IandF_SP2_202204_ Examiner Report.pdf",".pdf","68114","E79D22CF3A1D373407C1E9958D43E7A8E422A20EB96DFB115D24A7948EFC255A","2026-06-15T23:23:20Z"
"SP2","C:\Users\Danha\Downloads\Organised Actuarial Past Papers\SP2\Apr22\SP2_April22_EXAM_Clean Proof.pdf","resources/past-papers/raw/SP2/Apr22/SP2_April22_EXAM_Clean Proof.pdf","SP2/Apr22/SP2_April22_EXAM_Clean Proof.pdf",".pdf","197290","FA356A1047EF4A9D16290C42011BA927950CECCCA61A647A621DBD07AC5009BE","2026-06-15T23:23:20Z"
"SP2","C:\Users\Danha\Downloads\Organised Actuarial Past Papers\SP2\Apr23\IandF_SP2_202304_Examiner report.pdf","resources/past-papers/raw/SP2/Apr23/IandF_SP2_202304_Examiner report.pdf","SP2/Apr23/IandF_SP2_202304_Examiner report.pdf",".pdf","155079","A34B2526A01AB3B5FC94D936F27674B0BAA1BE1C6D1438A99B488622F6E31571","2026-06-15T23:23:20Z"
"SP2","C:\Users\Danha\Downloads\Organised Actuarial Past Papers\SP2\Apr23\SP2_April23_EXAM_Clean Proof.pdf","resources/past-papers/raw/SP2/Apr23/SP2_April23_EXAM_Clean Proof.pdf","SP2/Apr23/SP2_April23_EXAM_Clean Proof.pdf",".pdf","778651","982A60D45E2CE87408DD01867E4C0566F3531DDBD2F4D2B96179B514083B0B42","2026-06-15T23:23:20Z"
"SP2","C:\Users\Danha\Downloads\Organised Actuarial Past Papers\SP2\Apr24\SP2_April 2024_Examiner Report.pdf","resources/past-papers/raw/SP2/Apr24/SP2_April 2024_Examiner Report.pdf","SP2/Apr24/SP2_April 2024_Examiner Report.pdf",".pdf","428992","0B450CD2349FA8B1693A1C49624937C84BB7A2182CC16B99F04F27890209115E","2026-06-15T23:23:20Z"
"SP2","C:\Users\Danha\Downloads\Organised Actuarial Past Papers\SP2\Apr24\SP2_April_2024_Exam_Paper.pdf","resources/past-papers/raw/SP2/Apr24/SP2_April_2024_Exam_Paper.pdf","SP2/Apr24/SP2_April_2024_Exam_Paper.pdf",".pdf","173652","E208DD43222DFEEC580E06F0C34CBA23BD439F516A5F3EBB4F43DEB3BFF77D0C","2026-06-15T23:23:20Z"
"SP2","C:\Users\Danha\Downloads\Organised Actuarial Past Papers\SP2\Apr25\SP2_April 2025_Exam Paper.pdf","resources/past-papers/raw/SP2/Apr25/SP2_April 2025_Exam Paper.pdf","SP2/Apr25/SP2_April 2025_Exam Paper.pdf",".pdf","162707","66C8916FF8F3894F0576F1D0EE1232B6615AB3CBB9750C5C7EA59060F718B267","2026-06-15T23:23:20Z"
"SP2","C:\Users\Danha\Downloads\Organised Actuarial Past Papers\SP2\Apr25\SP2_April 2025_Examiners Report.pdf","resources/past-papers/raw/SP2/Apr25/SP2_April 2025_Examiners Report.pdf","SP2/Apr25/SP2_April 2025_Examiners Report.pdf",".pdf","662927","4F725E675CC531D591B4CEE19DFCEE8A01771E62DEB9A5619FF0D36AF0697085","2026-06-15T23:23:20Z"
"SP2","C:\Users\Danha\Downloads\Organised Actuarial Past Papers\SP2\Sep20\IandF_SP2_202009_Examiners_Report.pdf","resources/past-papers/raw/SP2/Sep20/IandF_SP2_202009_Examiners_Report.pdf","SP2/Sep20/IandF_SP2_202009_Examiners_Report.pdf",".pdf","124497","48611788F8B9DBCEF63A385C2B3584BADA9E124F51A55927193FD08A5AA0DE08","2026-06-15T23:23:20Z"
"SP2","C:\Users\Danha\Downloads\Organised Actuarial Past Papers\SP2\Sep20\IandF_SP2_202009_ExamPaper.pdf","resources/past-papers/raw/SP2/Sep20/IandF_SP2_202009_ExamPaper.pdf","SP2/Sep20/IandF_SP2_202009_ExamPaper.pdf",".pdf","273676","7C7AC29B14EDD5FF0A869230E98D3CFF654386D5985E6D34907660A41B23208F","2026-06-15T23:23:20Z"
"SP2","C:\Users\Danha\Downloads\Organised Actuarial Past Papers\SP2\Sep21\IandF_SP2_202109_ Examiner Report.pdf","resources/past-papers/raw/SP2/Sep21/IandF_SP2_202109_ Examiner Report.pdf","SP2/Sep21/IandF_SP2_202109_ Examiner Report.pdf",".pdf","126000","6776702726E762F0F3186DB94EA1169EC7468C2BBB0771A513F06098FF13F7C6","2026-06-15T23:23:20Z"
"SP2","C:\Users\Danha\Downloads\Organised Actuarial Past Papers\SP2\Sep21\SP2_221_EXAM_Clean Proof.pdf","resources/past-papers/raw/SP2/Sep21/SP2_221_EXAM_Clean Proof.pdf","SP2/Sep21/SP2_221_EXAM_Clean Proof.pdf",".pdf","223651","2F8BBE50B625040D29A1CE0E3A0B76D878A18A4843166E1476CBC189F0DD2B96","2026-06-15T23:23:20Z"
"SP2","C:\Users\Danha\Downloads\Organised Actuarial Past Papers\SP2\Sep22\IandF_SP2_202209_Examiner Report.pdf","resources/past-papers/raw/SP2/Sep22/IandF_SP2_202209_Examiner Report.pdf","SP2/Sep22/IandF_SP2_202209_Examiner Report.pdf",".pdf","124232","544CCEEBB78E9F5B217D763DF9F942BF0C7FA59DCE5C349CF3E6E6789E31E03B","2026-06-15T23:23:20Z"
"SP2","C:\Users\Danha\Downloads\Organised Actuarial Past Papers\SP2\Sep22\SP2_September22_EXAM.pdf","resources/past-papers/raw/SP2/Sep22/SP2_September22_EXAM.pdf","SP2/Sep22/SP2_September22_EXAM.pdf",".pdf","243684","525BBB183B8CFCA06A4B0B76AECEABA5E148BFB2070A99CEB4176189E22350C3","2026-06-15T23:23:20Z"
"SP2","C:\Users\Danha\Downloads\Organised Actuarial Past Papers\SP2\Sep23\IandF_SP2_202309_Examiner Report.pdf","resources/past-papers/raw/SP2/Sep23/IandF_SP2_202309_Examiner Report.pdf","SP2/Sep23/IandF_SP2_202309_Examiner Report.pdf",".pdf","152856","1BC892C8988966A54D8A0C7F6BAF4F7D1368AADE15CD0138FFF6C4F676546AF9","2026-06-15T23:23:20Z"
"SP2","C:\Users\Danha\Downloads\Organised Actuarial Past Papers\SP2\Sep23\SP2_September23_EXAM_Clean Proof.pdf","resources/past-papers/raw/SP2/Sep23/SP2_September23_EXAM_Clean Proof.pdf","SP2/Sep23/SP2_September23_EXAM_Clean Proof.pdf",".pdf","222689","5E74653B6E90F9C92F85993EDC9565DB3AC20F5A03ACBEC2FE6B9674470B1A14","2026-06-15T23:23:20Z"
"SP2","C:\Users\Danha\Downloads\Organised Actuarial Past Papers\SP2\Sep24\SP2_September 2024_Exam Paper.pdf","resources/past-papers/raw/SP2/Sep24/SP2_September 2024_Exam Paper.pdf","SP2/Sep24/SP2_September 2024_Exam Paper.pdf",".pdf","127187","4A480CDFA1C56CC8719CE38F40B35DA72099A59213F4D5EC89D6674BF38BBCE8","2026-06-15T23:23:20Z"
"SP2","C:\Users\Danha\Downloads\Organised Actuarial Past Papers\SP2\Sep24\SP2_September 2024_Examiner Report.pdf","resources/past-papers/raw/SP2/Sep24/SP2_September 2024_Examiner Report.pdf","SP2/Sep24/SP2_September 2024_Examiner Report.pdf",".pdf","411018","4CA382F56BF337D537D83713AF6B044F1ADF7FC780D4486CB43CF949C311FD5D","2026-06-15T23:23:20Z"
"SP2","C:\Users\Danha\Downloads\Organised Actuarial Past Papers\SP2\Sep25\SP2_Sept2025_Exam.pdf","resources/past-papers/raw/SP2/Sep25/SP2_Sept2025_Exam.pdf","SP2/Sep25/SP2_Sept2025_Exam.pdf",".pdf","159644","A4E5AF2CC6DF758C356C4D0945F91BE5256E825ADB39CE40DF9CAAC11A43F4CD","2026-06-15T23:23:20Z"
"SP4","C:\Users\Danha\Downloads\Organised Actuarial Past Papers\SP4\Apr21\IandF_SP4_202104_Examiners_Report.pdf","resources/past-papers/raw/SP4/Apr21/IandF_SP4_202104_Examiners_Report.pdf","SP4/Apr21/IandF_SP4_202104_Examiners_Report.pdf",".pdf","227981","DAA299EB4D18AE5D0DF7A1454FF7D52F5C20BA1155B62A144319498DCC0E724E","2026-06-15T23:23:20Z"
"SP4","C:\Users\Danha\Downloads\Organised Actuarial Past Papers\SP4\Apr21\SP4_121_EXAM.pdf","resources/past-papers/raw/SP4/Apr21/SP4_121_EXAM.pdf","SP4/Apr21/SP4_121_EXAM.pdf",".pdf","166519","3ACFA3D25BC5333BA36563F575020390871D0316A7F0A2A4DBF22598EB746F46","2026-06-15T23:23:20Z"
"SP4","C:\Users\Danha\Downloads\Organised Actuarial Past Papers\SP4\Apr22\IandF_SP4_202204_ Examiner Report.pdf","resources/past-papers/raw/SP4/Apr22/IandF_SP4_202204_ Examiner Report.pdf","SP4/Apr22/IandF_SP4_202204_ Examiner Report.pdf",".pdf","128338","F6CBEE4CBC17B904A54FA5A9E6809950D70342A47130AEA97586F23B36D3FA65","2026-06-15T23:23:20Z"
"SP4","C:\Users\Danha\Downloads\Organised Actuarial Past Papers\SP4\Apr22\SP4_April22_EXAM_Clean Proof.pdf","resources/past-papers/raw/SP4/Apr22/SP4_April22_EXAM_Clean Proof.pdf","SP4/Apr22/SP4_April22_EXAM_Clean Proof.pdf",".pdf","166342","94CFC5F4D92550590873594B430722E09216DC79B17082C50556D8EFBF9A33C1","2026-06-15T23:23:20Z"
"SP4","C:\Users\Danha\Downloads\Organised Actuarial Past Papers\SP4\Apr23\IandF_SP4_202304_Examiner report.pdf","resources/past-papers/raw/SP4/Apr23/IandF_SP4_202304_Examiner report.pdf","SP4/Apr23/IandF_SP4_202304_Examiner report.pdf",".pdf","119837","B8B64C1A2E81A4A8752A0C4F1643F3559F21019A98F0D0074BC5B367DDC05FAC","2026-06-15T23:23:20Z"
"SP4","C:\Users\Danha\Downloads\Organised Actuarial Past Papers\SP4\Apr23\SP4_April23_EXAM_Clean Proof.pdf","resources/past-papers/raw/SP4/Apr23/SP4_April23_EXAM_Clean Proof.pdf","SP4/Apr23/SP4_April23_EXAM_Clean Proof.pdf",".pdf","771575","9F012007E28E85476010A1A55A47CCBDF8211D6FFC11E82BBE6AFBFAF2CC3476","2026-06-15T23:23:20Z"
"SP4","C:\Users\Danha\Downloads\Organised Actuarial Past Papers\SP4\Apr24\SP4_April 2024_Examiner Report.pdf","resources/past-papers/raw/SP4/Apr24/SP4_April 2024_Examiner Report.pdf","SP4/Apr24/SP4_April 2024_Examiner Report.pdf",".pdf","427402","C1BBA69313BFA7CE2294191B11AD27AE6353CF480F002FF806EBD2D561DAC087","2026-06-15T23:23:20Z"
"SP4","C:\Users\Danha\Downloads\Organised Actuarial Past Papers\SP4\Apr24\SP4_April_2024_Exam_Paper.pdf","resources/past-papers/raw/SP4/Apr24/SP4_April_2024_Exam_Paper.pdf","SP4/Apr24/SP4_April_2024_Exam_Paper.pdf",".pdf","161969","45D6345274D003789D71102C8423FD47D2F83EF8A29696B25C84710155E34618","2026-06-15T23:23:20Z"
"SP4","C:\Users\Danha\Downloads\Organised Actuarial Past Papers\SP4\Apr25\SP4_April2025_Exam Paper.pdf","resources/past-papers/raw/SP4/Apr25/SP4_April2025_Exam Paper.pdf","SP4/Apr25/SP4_April2025_Exam Paper.pdf",".pdf","194671","CC904B5CD076F90532DCE4939AAA9DEAF4DA4FEAA62E622A7B8E7A78C2ECA737","2026-06-15T23:23:20Z"
"SP4","C:\Users\Danha\Downloads\Organised Actuarial Past Papers\SP4\Apr25\SP4_April2025_Examiners' Report.pdf","resources/past-papers/raw/SP4/Apr25/SP4_April2025_Examiners' Report.pdf","SP4/Apr25/SP4_April2025_Examiners' Report.pdf",".pdf","762447","0584E06D3A02CCE718F198D4E65D37D04C05EC663B8D50556274B47B2084645C","2026-06-15T23:23:20Z"
"SP4","C:\Users\Danha\Downloads\Organised Actuarial Past Papers\SP4\Sep20\IandF_SP4_202009_Examiners_Report.pdf","resources/past-papers/raw/SP4/Sep20/IandF_SP4_202009_Examiners_Report.pdf","SP4/Sep20/IandF_SP4_202009_Examiners_Report.pdf",".pdf","85578","06DCD598B090302CE98ABDF89DBA1E559E9DED8BD17799FAA2ED0E5D81D43A06","2026-06-15T23:23:20Z"
"SP4","C:\Users\Danha\Downloads\Organised Actuarial Past Papers\SP4\Sep20\IandF_SP4_202009_ExamPaper.pdf","resources/past-papers/raw/SP4/Sep20/IandF_SP4_202009_ExamPaper.pdf","SP4/Sep20/IandF_SP4_202009_ExamPaper.pdf",".pdf","416939","7CB7DF2EDFCDA259CCB9B70E3A0A4F3A542B59DE16C6476FC58F220B1B4E5E2B","2026-06-15T23:23:20Z"
"SP4","C:\Users\Danha\Downloads\Organised Actuarial Past Papers\SP4\Sep21\IandF_SP4_202109_ Examiner Report.pdf","resources/past-papers/raw/SP4/Sep21/IandF_SP4_202109_ Examiner Report.pdf","SP4/Sep21/IandF_SP4_202109_ Examiner Report.pdf",".pdf","92440","BC9A1D48157DA9545B8887D28E421D2994099CBCBDC758D4634AC4886927609E","2026-06-15T23:23:20Z"
"SP4","C:\Users\Danha\Downloads\Organised Actuarial Past Papers\SP4\Sep21\SP4_221_EXAM_Final Clean.pdf","resources/past-papers/raw/SP4/Sep21/SP4_221_EXAM_Final Clean.pdf","SP4/Sep21/SP4_221_EXAM_Final Clean.pdf",".pdf","336908","750B1665C721DFFBB8D50C1E4D674C8A78FA6B3FA946EBF4F5B816A97F850882","2026-06-15T23:23:20Z"
"SP4","C:\Users\Danha\Downloads\Organised Actuarial Past Papers\SP4\Sep22\IandF_SP4_202209_Examiner Report.pdf","resources/past-papers/raw/SP4/Sep22/IandF_SP4_202209_Examiner Report.pdf","SP4/Sep22/IandF_SP4_202209_Examiner Report.pdf",".pdf","131713","DA20349F1B143CBA4A11621ECCD0981820D684C7062B4389088B26BF331AFBE1","2026-06-15T23:23:20Z"
"SP4","C:\Users\Danha\Downloads\Organised Actuarial Past Papers\SP4\Sep22\SP4_September22_EXAM_Clean Proof.pdf","resources/past-papers/raw/SP4/Sep22/SP4_September22_EXAM_Clean Proof.pdf","SP4/Sep22/SP4_September22_EXAM_Clean Proof.pdf",".pdf","224321","A97956EA648B04A1346CB8FC48B30A2F7E40FDFB35FD40AD2FE3B13B5208D4C8","2026-06-15T23:23:20Z"
"SP4","C:\Users\Danha\Downloads\Organised Actuarial Past Papers\SP4\Sep23\IandF_SP4_202309_Examiners Report.pdf","resources/past-papers/raw/SP4/Sep23/IandF_SP4_202309_Examiners Report.pdf","SP4/Sep23/IandF_SP4_202309_Examiners Report.pdf",".pdf","132297","C227288F20AFEEC4B6F6C86B80EE97073EBAE97AE697B8B9CA5F024B77E4C938","2026-06-15T23:23:20Z"
"SP4","C:\Users\Danha\Downloads\Organised Actuarial Past Papers\SP4\Sep23\SP4_September23_EXAM_Clean Proof.pdf","resources/past-papers/raw/SP4/Sep23/SP4_September23_EXAM_Clean Proof.pdf","SP4/Sep23/SP4_September23_EXAM_Clean Proof.pdf",".pdf","221334","5FBE6990AD326F21E0A2F3E67A1BB3A49768343BAE48732529512FC86F52CE2C","2026-06-15T23:23:20Z"
"SP4","C:\Users\Danha\Downloads\Organised Actuarial Past Papers\SP4\Sep24\SP4_September 2024_Exam Paper.pdf","resources/past-papers/raw/SP4/Sep24/SP4_September 2024_Exam Paper.pdf","SP4/Sep24/SP4_September 2024_Exam Paper.pdf",".pdf","136761","4543AD1BB8F3B4EC7E4EF4AF4F83394BBDC8FAEDAFCDA3D0169B509262E7C2B5","2026-06-15T23:23:20Z"
"SP4","C:\Users\Danha\Downloads\Organised Actuarial Past Papers\SP4\Sep24\SP4_September 2024_Examiner Report.pdf","resources/past-papers/raw/SP4/Sep24/SP4_September 2024_Examiner Report.pdf","SP4/Sep24/SP4_September 2024_Examiner Report.pdf",".pdf","403360","47B1613F12C72CF1E9770AC6D6AFEE39D900DDE28A7809F683E9D6EC304B03B8","2026-06-15T23:23:20Z"
"SP4","C:\Users\Danha\Downloads\Organised Actuarial Past Papers\SP4\Sep25\SP4_Sept2025_Exam.pdf","resources/past-papers/raw/SP4/Sep25/SP4_Sept2025_Exam.pdf","SP4/Sep25/SP4_Sept2025_Exam.pdf",".pdf","198555","DBAA38D848331108FD4E67F70852536061E1F836637EBB4E33369307E8703FF2","2026-06-15T23:23:20Z"
"SP5","C:\Users\Danha\Downloads\Organised Actuarial Past Papers\SP5\Apr21\IandF_SP5_202104_Examiners_Report.pdf","resources/past-papers/raw/SP5/Apr21/IandF_SP5_202104_Examiners_Report.pdf","SP5/Apr21/IandF_SP5_202104_Examiners_Report.pdf",".pdf","129119","14A30384BBDFDD4177BBDA95FA42B5AF0E62CA63D6644C112E504CDA09C3856A","2026-06-15T23:23:20Z"
"SP5","C:\Users\Danha\Downloads\Organised Actuarial Past Papers\SP5\Apr21\SP5_121_EXAM.pdf","resources/past-papers/raw/SP5/Apr21/SP5_121_EXAM.pdf","SP5/Apr21/SP5_121_EXAM.pdf",".pdf","191083","101B901B8D451D64F2D3C273CE693DC128AE526C39C76B9983B40E1B438EFD10","2026-06-15T23:23:20Z"
"SP5","C:\Users\Danha\Downloads\Organised Actuarial Past Papers\SP5\Apr22\IandF_SP5_202204_Examiner Report.pdf","resources/past-papers/raw/SP5/Apr22/IandF_SP5_202204_Examiner Report.pdf","SP5/Apr22/IandF_SP5_202204_Examiner Report.pdf",".pdf","72705","CC10259493788A3B80E090D479A81C41DE4BBA21F38FB0B36B8F472EC0BF90BE","2026-06-15T23:23:20Z"
"SP5","C:\Users\Danha\Downloads\Organised Actuarial Past Papers\SP5\Apr22\SP5_April22_EXAM_Clean Proof.pdf","resources/past-papers/raw/SP5/Apr22/SP5_April22_EXAM_Clean Proof.pdf","SP5/Apr22/SP5_April22_EXAM_Clean Proof.pdf",".pdf","226643","8165A0B67BFB62BD315E3899BA14F6E6B445CB3A300338FDA3B446A85ECFABF2","2026-06-15T23:23:20Z"
"SP5","C:\Users\Danha\Downloads\Organised Actuarial Past Papers\SP5\Apr23\IandF_SP5_202304_Examiner Report.pdf","resources/past-papers/raw/SP5/Apr23/IandF_SP5_202304_Examiner Report.pdf","SP5/Apr23/IandF_SP5_202304_Examiner Report.pdf",".pdf","161356","BA7B7AE5DAF6CCD1BAC0906BE4716104018DBD29B8B9B157DCB2DE277AE43000","2026-06-15T23:23:20Z"
"SP5","C:\Users\Danha\Downloads\Organised Actuarial Past Papers\SP5\Apr23\SP5_April 23_EXAM_Clean Proof.pdf","resources/past-papers/raw/SP5/Apr23/SP5_April 23_EXAM_Clean Proof.pdf","SP5/Apr23/SP5_April 23_EXAM_Clean Proof.pdf",".pdf","394334","168DFBFC2F0AE05CFA37EF1EF85256589BC6BE2487E064E32CC81C0168BE3E3E","2026-06-15T23:23:20Z"
"SP5","C:\Users\Danha\Downloads\Organised Actuarial Past Papers\SP5\Apr24\SP5_April 2024_Examiner Report.pdf","resources/past-papers/raw/SP5/Apr24/SP5_April 2024_Examiner Report.pdf","SP5/Apr24/SP5_April 2024_Examiner Report.pdf",".pdf","417344","C0C57706BF80CABB4F7D1BD1B1D98EF22D10CC0E16C226AB30BEB73EE6DFD9F4","2026-06-15T23:23:20Z"
"SP5","C:\Users\Danha\Downloads\Organised Actuarial Past Papers\SP5\Apr24\SP5_April_2024_Exam_Paper.pdf","resources/past-papers/raw/SP5/Apr24/SP5_April_2024_Exam_Paper.pdf","SP5/Apr24/SP5_April_2024_Exam_Paper.pdf",".pdf","219425","B2215E420992A6F039E1BA87A04754051C083EEB4EDA8F429D3DD1BD6DCCDFCB","2026-06-15T23:23:20Z"
"SP5","C:\Users\Danha\Downloads\Organised Actuarial Past Papers\SP5\Apr25\SP5_April2025_Exam Paper.pdf","resources/past-papers/raw/SP5/Apr25/SP5_April2025_Exam Paper.pdf","SP5/Apr25/SP5_April2025_Exam Paper.pdf",".pdf","213147","38EADCC58EEC9A54037B01E26201A01300F819CBADF8D57E19C18744B0E582D8","2026-06-15T23:23:20Z"
"SP5","C:\Users\Danha\Downloads\Organised Actuarial Past Papers\SP5\Apr25\SP5_April2025_Examiners' Report.pdf","resources/past-papers/raw/SP5/Apr25/SP5_April2025_Examiners' Report.pdf","SP5/Apr25/SP5_April2025_Examiners' Report.pdf",".pdf","722814","B5F1DF14B4D59ECCE02F8B6832E0F86E42E605E490199223B6719F22D3A60C8F","2026-06-15T23:23:20Z"
"SP5","C:\Users\Danha\Downloads\Organised Actuarial Past Papers\SP5\Sep20\IandF_SP5_202009_Examiners_Report.pdf","resources/past-papers/raw/SP5/Sep20/IandF_SP5_202009_Examiners_Report.pdf","SP5/Sep20/IandF_SP5_202009_Examiners_Report.pdf",".pdf","131437","EF9D8C0E7F54DB5C4A4EB2C9AF0DB355D5AACCAD8AED601808DC551D0C1BC04C","2026-06-15T23:23:20Z"
"SP5","C:\Users\Danha\Downloads\Organised Actuarial Past Papers\SP5\Sep20\IandF_SP5_202009_ExamPaper.pdf","resources/past-papers/raw/SP5/Sep20/IandF_SP5_202009_ExamPaper.pdf","SP5/Sep20/IandF_SP5_202009_ExamPaper.pdf",".pdf","256456","66986A49F3044381A1C478A71A3FD62C55AAE09BD3560DA59729B5951F7F1458","2026-06-15T23:23:20Z"
"SP5","C:\Users\Danha\Downloads\Organised Actuarial Past Papers\SP5\Sep21\IandF_SP5_202109_ Examiner Report.pdf","resources/past-papers/raw/SP5/Sep21/IandF_SP5_202109_ Examiner Report.pdf","SP5/Sep21/IandF_SP5_202109_ Examiner Report.pdf",".pdf","125072","67CA4E9D78E76BB7845FF985C132D8A07E3C0B9B15E5AD7AC105B5A41F01BC5C","2026-06-15T23:23:20Z"
"SP5","C:\Users\Danha\Downloads\Organised Actuarial Past Papers\SP5\Sep21\SP5_221_EXAM_Clean Proof.pdf","resources/past-papers/raw/SP5/Sep21/SP5_221_EXAM_Clean Proof.pdf","SP5/Sep21/SP5_221_EXAM_Clean Proof.pdf",".pdf","279747","061496FBA9ED9B0B0887709ABAB6FAB7B1ACBA2030E886EEDE3AF644E02814E7","2026-06-15T23:23:20Z"
"SP5","C:\Users\Danha\Downloads\Organised Actuarial Past Papers\SP5\Sep22\IandF_SP5_202209_Examiner Report.pdf","resources/past-papers/raw/SP5/Sep22/IandF_SP5_202209_Examiner Report.pdf","SP5/Sep22/IandF_SP5_202209_Examiner Report.pdf",".pdf","231139","7AB102A1E6641548881B25B60C31B4A34973844D48FFC7CE91C72A667DA2A14B","2026-06-15T23:23:20Z"
"SP5","C:\Users\Danha\Downloads\Organised Actuarial Past Papers\SP5\Sep22\SP5_September22_EXAM.pdf","resources/past-papers/raw/SP5/Sep22/SP5_September22_EXAM.pdf","SP5/Sep22/SP5_September22_EXAM.pdf",".pdf","245241","076E7DCA94D4558C31F60E52E2F2C028BE90E536926AF98C7FCF367184610905","2026-06-15T23:23:20Z"
"SP5","C:\Users\Danha\Downloads\Organised Actuarial Past Papers\SP5\Sep23\IandF_SP5_202309_Examiner Report.pdf","resources/past-papers/raw/SP5/Sep23/IandF_SP5_202309_Examiner Report.pdf","SP5/Sep23/IandF_SP5_202309_Examiner Report.pdf",".pdf","165826","452E2B53EF283837235D450F0449A5C113C250871362EF8EBB97D4208AEEA31A","2026-06-15T23:23:20Z"
"SP5","C:\Users\Danha\Downloads\Organised Actuarial Past Papers\SP5\Sep23\SP5_September23_EXAM_Clean Proof.pdf","resources/past-papers/raw/SP5/Sep23/SP5_September23_EXAM_Clean Proof.pdf","SP5/Sep23/SP5_September23_EXAM_Clean Proof.pdf",".pdf","919616","7DCF18F7D75C4C3D9BA56D0EA0473FFA9EFF065E5B6F63743AB9E8D3FE1CDB2C","2026-06-15T23:23:20Z"
"SP5","C:\Users\Danha\Downloads\Organised Actuarial Past Papers\SP5\Sep24\SP5_September 2024_Exam Paper.pdf","resources/past-papers/raw/SP5/Sep24/SP5_September 2024_Exam Paper.pdf","SP5/Sep24/SP5_September 2024_Exam Paper.pdf",".pdf","179878","27980511B58A3DD0654EF620D8FE3FC9B3C4BE4BCC16125742232BC899ED4C77","2026-06-15T23:23:20Z"
"SP5","C:\Users\Danha\Downloads\Organised Actuarial Past Papers\SP5\Sep24\SP5_September 2024_Examiner Report.pdf","resources/past-papers/raw/SP5/Sep24/SP5_September 2024_Examiner Report.pdf","SP5/Sep24/SP5_September 2024_Examiner Report.pdf",".pdf","406029","A53247DC3680BA67FB4F2E0BFAC9678FBDA53DF25F08B222B2A312E7A6A4FECB","2026-06-15T23:23:20Z"
"SP5","C:\Users\Danha\Downloads\Organised Actuarial Past Papers\SP5\Sep25\SP5_Sept2025_Exam.pdf","resources/past-papers/raw/SP5/Sep25/SP5_Sept2025_Exam.pdf","SP5/Sep25/SP5_Sept2025_Exam.pdf",".pdf","195779","88883EC40A05BD903F05B7062122088613E95C308CB2C96EEF07A09B8AF76D73","2026-06-15T23:23:20Z"
"SP6","C:\Users\Danha\Downloads\Organised Actuarial Past Papers\SP6\Apr21\IandF_SP6_202104_Examiners_Report.pdf","resources/past-papers/raw/SP6/Apr21/IandF_SP6_202104_Examiners_Report.pdf","SP6/Apr21/IandF_SP6_202104_Examiners_Report.pdf",".pdf","188805","85104C965D41F3B3E0EED754CDA9EF55DF6EF2ED0C7D3598CC047A6682387EAC","2026-06-15T23:23:20Z"
"SP6","C:\Users\Danha\Downloads\Organised Actuarial Past Papers\SP6\Apr21\SP6_121_EXAM.pdf","resources/past-papers/raw/SP6/Apr21/SP6_121_EXAM.pdf","SP6/Apr21/SP6_121_EXAM.pdf",".pdf","242941","4DF52C4EC9BBC3AE020EBC1FB7333D8C9276C1DA04EE2F0F1F71D1207C590EA8","2026-06-15T23:23:20Z"
"SP6","C:\Users\Danha\Downloads\Organised Actuarial Past Papers\SP6\Apr22\IandF_SP6_202204_ Examiner Report.pdf","resources/past-papers/raw/SP6/Apr22/IandF_SP6_202204_ Examiner Report.pdf","SP6/Apr22/IandF_SP6_202204_ Examiner Report.pdf",".pdf","226522","7C05BA7F20A3B8F2BF07C15B91189D13BC11BD9732EE05DD5B2301DE07CBF2CD","2026-06-15T23:23:20Z"
"SP6","C:\Users\Danha\Downloads\Organised Actuarial Past Papers\SP6\Apr22\SP6_April22_EXAM_Clean Proof.pdf","resources/past-papers/raw/SP6/Apr22/SP6_April22_EXAM_Clean Proof.pdf","SP6/Apr22/SP6_April22_EXAM_Clean Proof.pdf",".pdf","220173","C06E620FFCDE7BADF5EB84366FF70E6292A5C3EB2C13B0BE4769A43E9EE4976E","2026-06-15T23:23:20Z"
"SP6","C:\Users\Danha\Downloads\Organised Actuarial Past Papers\SP6\Apr23\IandF_SP6_202304_Examiner report.pdf","resources/past-papers/raw/SP6/Apr23/IandF_SP6_202304_Examiner report.pdf","SP6/Apr23/IandF_SP6_202304_Examiner report.pdf",".pdf","251366","2A8F9E0DCE3C90F9AD1E535C6AA77631A6EB06A21EB7C3476FB0E553BB6116B1","2026-06-15T23:23:20Z"
"SP6","C:\Users\Danha\Downloads\Organised Actuarial Past Papers\SP6\Apr23\SP6_April23_EXAM_Clean Proof (3).pdf","resources/past-papers/raw/SP6/Apr23/SP6_April23_EXAM_Clean Proof (3).pdf","SP6/Apr23/SP6_April23_EXAM_Clean Proof (3).pdf",".pdf","307784","FDF8E4EA61DC7D7CF3A129C930EB3F9D1094DFAD6B8815E53FC66BB471D69675","2026-06-15T23:23:20Z"
"SP6","C:\Users\Danha\Downloads\Organised Actuarial Past Papers\SP6\Apr24\SP6_April 2024_Examiner Report.pdf","resources/past-papers/raw/SP6/Apr24/SP6_April 2024_Examiner Report.pdf","SP6/Apr24/SP6_April 2024_Examiner Report.pdf",".pdf","460764","8087D0F977FBAAD4CD589835CC0C91F47E1A0532B3AFE2D18877E170E3AE971F","2026-06-15T23:23:20Z"
"SP6","C:\Users\Danha\Downloads\Organised Actuarial Past Papers\SP6\Apr24\SP6_April_2024_Exam_Paper.pdf","resources/past-papers/raw/SP6/Apr24/SP6_April_2024_Exam_Paper.pdf","SP6/Apr24/SP6_April_2024_Exam_Paper.pdf",".pdf","234298","681C1E4A756F9943115BFD581E904D688EDF0026FF83F9FE2B7159B7EBD384ED","2026-06-15T23:23:20Z"
"SP6","C:\Users\Danha\Downloads\Organised Actuarial Past Papers\SP6\Apr25\SP6_April2025_Exam Paper.pdf","resources/past-papers/raw/SP6/Apr25/SP6_April2025_Exam Paper.pdf","SP6/Apr25/SP6_April2025_Exam Paper.pdf",".pdf","310451","CF08A351E3C7A3D948D37CE46BB85CCA845C9675064E251B97AD379627406244","2026-06-15T23:23:20Z"
"SP6","C:\Users\Danha\Downloads\Organised Actuarial Past Papers\SP6\Apr25\SP6_April2025_Examiners' Report.pdf","resources/past-papers/raw/SP6/Apr25/SP6_April2025_Examiners' Report.pdf","SP6/Apr25/SP6_April2025_Examiners' Report.pdf",".pdf","972104","18AFFDA03B4E918EEB976674930BC784AF831AF4B27361475FE59A9330AE9DDC","2026-06-15T23:23:20Z"
"SP6","C:\Users\Danha\Downloads\Organised Actuarial Past Papers\SP6\Sep20\IandF_SP6_202009_Examiners_Report.pdf","resources/past-papers/raw/SP6/Sep20/IandF_SP6_202009_Examiners_Report.pdf","SP6/Sep20/IandF_SP6_202009_Examiners_Report.pdf",".pdf","164375","5729106022C49E42B87BF2159CFCC5C000E0D8AA0A236E35287684B6C0CFADF6","2026-06-15T23:23:20Z"
"SP6","C:\Users\Danha\Downloads\Organised Actuarial Past Papers\SP6\Sep20\IandF_SP6_202009_ExamPaper.pdf","resources/past-papers/raw/SP6/Sep20/IandF_SP6_202009_ExamPaper.pdf","SP6/Sep20/IandF_SP6_202009_ExamPaper.pdf",".pdf","284255","3DFFE7D7BE30CF31FDD4D7B888814764E1B0B8FEF2484E9C9B22BD4C6AE440AA","2026-06-15T23:23:20Z"
"SP6","C:\Users\Danha\Downloads\Organised Actuarial Past Papers\SP6\Sep21\IandF_SP6 _202109_Examiner report.pdf","resources/past-papers/raw/SP6/Sep21/IandF_SP6 _202109_Examiner report.pdf","SP6/Sep21/IandF_SP6 _202109_Examiner report.pdf",".pdf","200392","CAED1D42844F34D6D15C6D0991A4F0BA9609F052C9D85B1BBB902A65A07BD9EF","2026-06-15T23:23:20Z"
"SP6","C:\Users\Danha\Downloads\Organised Actuarial Past Papers\SP6\Sep21\SP6_221_EXAM_Clean Proof.pdf","resources/past-papers/raw/SP6/Sep21/SP6_221_EXAM_Clean Proof.pdf","SP6/Sep21/SP6_221_EXAM_Clean Proof.pdf",".pdf","245589","F0DFB54889C44B60591A1249BA07ED413145DDE793A0973C600D887283B0C824","2026-06-15T23:23:20Z"
"SP6","C:\Users\Danha\Downloads\Organised Actuarial Past Papers\SP6\Sep22\IandF_SP6_202209_Examiner Report.pdf","resources/past-papers/raw/SP6/Sep22/IandF_SP6_202209_Examiner Report.pdf","SP6/Sep22/IandF_SP6_202209_Examiner Report.pdf",".pdf","188610","D5AC110974A4BBCA2841515C20C370470F9A86F1DF800717B7825CCF95DF1C39","2026-06-15T23:23:20Z"
"SP6","C:\Users\Danha\Downloads\Organised Actuarial Past Papers\SP6\Sep22\SP6_September22_EXAM.pdf","resources/past-papers/raw/SP6/Sep22/SP6_September22_EXAM.pdf","SP6/Sep22/SP6_September22_EXAM.pdf",".pdf","259064","DAAAD47A4D679E21E1B9EC9739B40EA3AAF683CD13BF8BBE00C361D43051C732","2026-06-15T23:23:20Z"
"SP6","C:\Users\Danha\Downloads\Organised Actuarial Past Papers\SP6\Sep23\IandF_SP6_202309_Examiner Report.pdf","resources/past-papers/raw/SP6/Sep23/IandF_SP6_202309_Examiner Report.pdf","SP6/Sep23/IandF_SP6_202309_Examiner Report.pdf",".pdf","212227","492A92B9F36F2EDEC050746DEC528F663A52936928B0726FC4292A625A69734C","2026-06-15T23:23:20Z"
"SP6","C:\Users\Danha\Downloads\Organised Actuarial Past Papers\SP6\Sep23\SP6_September23_EXAM_Clean Proof.pdf","resources/past-papers/raw/SP6/Sep23/SP6_September23_EXAM_Clean Proof.pdf","SP6/Sep23/SP6_September23_EXAM_Clean Proof.pdf",".pdf","265841","1B4FFE2C568A93D8E53F79BD25DF4E44A63574A8BEC7C62EBBDB2E1A4E283067","2026-06-15T23:23:20Z"
"SP6","C:\Users\Danha\Downloads\Organised Actuarial Past Papers\SP6\Sep24\SP6_September 2024_Exam Paper.pdf","resources/past-papers/raw/SP6/Sep24/SP6_September 2024_Exam Paper.pdf","SP6/Sep24/SP6_September 2024_Exam Paper.pdf",".pdf","216727","3D2F61AE47ECA522C7D2E270DF696E97D6C2FD5E17AC82F305DDE5EC1D3D5A3C","2026-06-15T23:23:20Z"
"SP6","C:\Users\Danha\Downloads\Organised Actuarial Past Papers\SP6\Sep24\SP6_September 2024_Examiner Report.pdf","resources/past-papers/raw/SP6/Sep24/SP6_September 2024_Examiner Report.pdf","SP6/Sep24/SP6_September 2024_Examiner Report.pdf",".pdf","426650","A0DD3C98FECC1C17CD1099B1FCC3E7B082C5024FD34A9F1EA7361757561197F9","2026-06-15T23:23:20Z"
"SP6","C:\Users\Danha\Downloads\Organised Actuarial Past Papers\SP6\Sep25\SP6_Sept2025_Exam.pdf","resources/past-papers/raw/SP6/Sep25/SP6_Sept2025_Exam.pdf","SP6/Sep25/SP6_Sept2025_Exam.pdf",".pdf","283815","23FB7A3AE8A53B6616531EA426F89D8C09FC9B497D7A508945367D1DDFA3CE9D","2026-06-15T23:23:20Z"
"SP7","C:\Users\Danha\Downloads\Organised Actuarial Past Papers\SP7\Apr21\IandF_SP7_202104_Examiners_Report.pdf","resources/past-papers/raw/SP7/Apr21/IandF_SP7_202104_Examiners_Report.pdf","SP7/Apr21/IandF_SP7_202104_Examiners_Report.pdf",".pdf","159210","EBB882943BE9585EFD1C1ACB75CD7C13B493C050F60016AAC060D22D29C089BA","2026-06-15T23:23:20Z"
"SP7","C:\Users\Danha\Downloads\Organised Actuarial Past Papers\SP7\Apr21\SP7_121_EXAM.pdf","resources/past-papers/raw/SP7/Apr21/SP7_121_EXAM.pdf","SP7/Apr21/SP7_121_EXAM.pdf",".pdf","179552","3B3C3A9D4AD7DBE4644A50B63992F396A1ED91011DE5BE592BEC2651ECF226F7","2026-06-15T23:23:20Z"
"SP7","C:\Users\Danha\Downloads\Organised Actuarial Past Papers\SP7\Apr22\IandF_SP7__202204_Examiner Report.pdf","resources/past-papers/raw/SP7/Apr22/IandF_SP7__202204_Examiner Report.pdf","SP7/Apr22/IandF_SP7__202204_Examiner Report.pdf",".pdf","172177","7723BCE72A02D6E0D8FE057A5B88A3A46EBC6409744EDCCAAF90220863D9648F","2026-06-15T23:23:20Z"
"SP7","C:\Users\Danha\Downloads\Organised Actuarial Past Papers\SP7\Apr22\SP7_April22_EXAM_Clean Proof.pdf","resources/past-papers/raw/SP7/Apr22/SP7_April22_EXAM_Clean Proof.pdf","SP7/Apr22/SP7_April22_EXAM_Clean Proof.pdf",".pdf","190633","E49F1231D89B555AF444FBAE234C338AEBC3395EFCFF4F805E4193D12E3F5C0D","2026-06-15T23:23:20Z"
"SP7","C:\Users\Danha\Downloads\Organised Actuarial Past Papers\SP7\Apr23\IandF_SP7_202304_Examiner Report.pdf","resources/past-papers/raw/SP7/Apr23/IandF_SP7_202304_Examiner Report.pdf","SP7/Apr23/IandF_SP7_202304_Examiner Report.pdf",".pdf","216354","3025E745D9E15C8A54DF80CA16EF05C76251335612D867DF8316ADF79293B928","2026-06-15T23:23:20Z"
"SP7","C:\Users\Danha\Downloads\Organised Actuarial Past Papers\SP7\Apr23\SP7_April23_EXAM_Clean Proof.pdf","resources/past-papers/raw/SP7/Apr23/SP7_April23_EXAM_Clean Proof.pdf","SP7/Apr23/SP7_April23_EXAM_Clean Proof.pdf",".pdf","903891","BF0C8977FD10D56A41AF79F8F25C56AC4A1015F3BD978B745733EB57AF16D45F","2026-06-15T23:23:20Z"
"SP7","C:\Users\Danha\Downloads\Organised Actuarial Past Papers\SP7\Apr24\SP7_April 2024_Examiner Report.pdf","resources/past-papers/raw/SP7/Apr24/SP7_April 2024_Examiner Report.pdf","SP7/Apr24/SP7_April 2024_Examiner Report.pdf",".pdf","436075","27CF875FDD72CA6ACE16649254E545B08020B078899D9FB3B5B8FAF181B6D90D","2026-06-15T23:23:20Z"
"SP7","C:\Users\Danha\Downloads\Organised Actuarial Past Papers\SP7\Apr24\SP7_April_2024_Exam_Paper.pdf","resources/past-papers/raw/SP7/Apr24/SP7_April_2024_Exam_Paper.pdf","SP7/Apr24/SP7_April_2024_Exam_Paper.pdf",".pdf","173155","E6A8D75227AAAF867024FB5587A3CEF3821EA9C329A409B5918C1DFA58C1CF40","2026-06-15T23:23:20Z"
"SP7","C:\Users\Danha\Downloads\Organised Actuarial Past Papers\SP7\Apr25\SP7_April2025_Exam Paper.pdf","resources/past-papers/raw/SP7/Apr25/SP7_April2025_Exam Paper.pdf","SP7/Apr25/SP7_April2025_Exam Paper.pdf",".pdf","166279","4E0ADE31131D9510B8E14CBD850C3B5D27D48ED21ACD7677AC7D42740B08B69E","2026-06-15T23:23:20Z"
"SP7","C:\Users\Danha\Downloads\Organised Actuarial Past Papers\SP7\Apr25\SP7_April2025_Examiners' Report.pdf","resources/past-papers/raw/SP7/Apr25/SP7_April2025_Examiners' Report.pdf","SP7/Apr25/SP7_April2025_Examiners' Report.pdf",".pdf","703679","51C6570141BAFC494C5DFC02E09C99B55F7A6B7699FAACB57A9623306B979718","2026-06-15T23:23:20Z"
"SP7","C:\Users\Danha\Downloads\Organised Actuarial Past Papers\SP7\Sep20\IandF_SP7_202009_Examiners_Report.pdf","resources/past-papers/raw/SP7/Sep20/IandF_SP7_202009_Examiners_Report.pdf","SP7/Sep20/IandF_SP7_202009_Examiners_Report.pdf",".pdf","182405","47DA832F8E4B75E4C684847F4B951B40B2C850F568E22CF03E703D2610C2AFB5","2026-06-15T23:23:20Z"
"SP7","C:\Users\Danha\Downloads\Organised Actuarial Past Papers\SP7\Sep20\IandF_SP7_202009_ExamPaper.pdf","resources/past-papers/raw/SP7/Sep20/IandF_SP7_202009_ExamPaper.pdf","SP7/Sep20/IandF_SP7_202009_ExamPaper.pdf",".pdf","312369","C2A3B1A4B4D36D05292F16BAC5EBEDCD2A5C9CBCC71C0B4A4FEB174CF28C3F3B","2026-06-15T23:23:20Z"
"SP7","C:\Users\Danha\Downloads\Organised Actuarial Past Papers\SP7\Sep21\IandF_SP7_202109_ Examiner Report.pdf","resources/past-papers/raw/SP7/Sep21/IandF_SP7_202109_ Examiner Report.pdf","SP7/Sep21/IandF_SP7_202109_ Examiner Report.pdf",".pdf","168982","37A07FA64F42F654467793916618B952349747770B2E70D35EA00009544A6F93","2026-06-15T23:23:20Z"
"SP7","C:\Users\Danha\Downloads\Organised Actuarial Past Papers\SP7\Sep21\SP7_221_EXAM_Clean Proof.pdf","resources/past-papers/raw/SP7/Sep21/SP7_221_EXAM_Clean Proof.pdf","SP7/Sep21/SP7_221_EXAM_Clean Proof.pdf",".pdf","180362","61376D977122B73DD0F6B895C8225D5538924E36B038854842EF5FFC2E601A61","2026-06-15T23:23:20Z"
"SP7","C:\Users\Danha\Downloads\Organised Actuarial Past Papers\SP7\Sep22\IandF_SP7_202209_Examiner Report.pdf","resources/past-papers/raw/SP7/Sep22/IandF_SP7_202209_Examiner Report.pdf","SP7/Sep22/IandF_SP7_202209_Examiner Report.pdf",".pdf","171791","54CF1FAD8F3B5BF436B4ED48E25DAD2B58A177BD743F8BC5D17FDA2B48D7CD51","2026-06-15T23:23:20Z"
"SP7","C:\Users\Danha\Downloads\Organised Actuarial Past Papers\SP7\Sep22\SP7_September22_EXAM.pdf","resources/past-papers/raw/SP7/Sep22/SP7_September22_EXAM.pdf","SP7/Sep22/SP7_September22_EXAM.pdf",".pdf","184032","BA918DF1D701E7A8500FEBD981C3F8BF02C35D5ED4FF7E5C97C82BA9417C3218","2026-06-15T23:23:20Z"
"SP7","C:\Users\Danha\Downloads\Organised Actuarial Past Papers\SP7\Sep23\IandF_SP7_202309_Examiner Report.pdf","resources/past-papers/raw/SP7/Sep23/IandF_SP7_202309_Examiner Report.pdf","SP7/Sep23/IandF_SP7_202309_Examiner Report.pdf",".pdf","151535","E35A848DE3412C7DB1B0623D7CE8E979A3A23AAAC186A638A67FBC3C6082A568","2026-06-15T23:23:20Z"
"SP7","C:\Users\Danha\Downloads\Organised Actuarial Past Papers\SP7\Sep23\SP7_September23_EXAM_Clean Proof.pdf","resources/past-papers/raw/SP7/Sep23/SP7_September23_EXAM_Clean Proof.pdf","SP7/Sep23/SP7_September23_EXAM_Clean Proof.pdf",".pdf","157113","2B1FFC797D8DE7FF6006660BFF4D270B7D2F915739AABB8BAAF0CEE27110A443","2026-06-15T23:23:20Z"
"SP7","C:\Users\Danha\Downloads\Organised Actuarial Past Papers\SP7\Sep24\SP7_September 2024_Exam Paper.pdf","resources/past-papers/raw/SP7/Sep24/SP7_September 2024_Exam Paper.pdf","SP7/Sep24/SP7_September 2024_Exam Paper.pdf",".pdf","174982","86E603DC2E30681CB5A2AD4D5C665F5E9BED84F0BD7A2D4433217BA9548F38A5","2026-06-15T23:23:20Z"
"SP7","C:\Users\Danha\Downloads\Organised Actuarial Past Papers\SP7\Sep24\SP7_September 2024_Examiner Report.pdf","resources/past-papers/raw/SP7/Sep24/SP7_September 2024_Examiner Report.pdf","SP7/Sep24/SP7_September 2024_Examiner Report.pdf",".pdf","415028","13FF72E0AE7C3F02B100B6089A004E7F3F0BF5C57BB67A13B2E3E3E5CCC45844","2026-06-15T23:23:20Z"
"SP7","C:\Users\Danha\Downloads\Organised Actuarial Past Papers\SP7\Sep25\SP7_Sept2025_Exam.pdf","resources/past-papers/raw/SP7/Sep25/SP7_Sept2025_Exam.pdf","SP7/Sep25/SP7_Sept2025_Exam.pdf",".pdf","196960","855567F82D52A904B8630727BE804738D8F1F74A68C6077FFD1A748FFA5466C2","2026-06-15T23:23:20Z"
"SP8","C:\Users\Danha\Downloads\Organised Actuarial Past Papers\SP8\Apr21\IandF_SP8_202104_Examiners_Report.pdf","resources/past-papers/raw/SP8/Apr21/IandF_SP8_202104_Examiners_Report.pdf","SP8/Apr21/IandF_SP8_202104_Examiners_Report.pdf",".pdf","198971","0AF3400FDF1892AB88EC1E1AE891E196EB2C85437EEAE062ED15A431B9918C9C","2026-06-15T23:23:20Z"
"SP8","C:\Users\Danha\Downloads\Organised Actuarial Past Papers\SP8\Apr21\SP8_121_EXAM.pdf","resources/past-papers/raw/SP8/Apr21/SP8_121_EXAM.pdf","SP8/Apr21/SP8_121_EXAM.pdf",".pdf","259884","A15FA65FFD392CDA2380A55796D71E980A492786BA1A20789D040855E3EB16D9","2026-06-15T23:23:20Z"
"SP8","C:\Users\Danha\Downloads\Organised Actuarial Past Papers\SP8\Apr22\landF_SP8_202204_Examiner Report.pdf","resources/past-papers/raw/SP8/Apr22/landF_SP8_202204_Examiner Report.pdf","SP8/Apr22/landF_SP8_202204_Examiner Report.pdf",".pdf","213251","25217FB2BD1FE9FA4EC877191FC77865641C56F1B40C4D461B4E78A329B7A9D3","2026-06-15T23:23:20Z"
"SP8","C:\Users\Danha\Downloads\Organised Actuarial Past Papers\SP8\Apr22\SP8_April22_EXAM_Clean Proof.pdf","resources/past-papers/raw/SP8/Apr22/SP8_April22_EXAM_Clean Proof.pdf","SP8/Apr22/SP8_April22_EXAM_Clean Proof.pdf",".pdf","416044","AAFFDA2F0CDC02313EAACDB96D3AD39344C26AB643E9212DB83E0AAD5D2B8BD8","2026-06-15T23:23:20Z"
"SP8","C:\Users\Danha\Downloads\Organised Actuarial Past Papers\SP8\Apr23\IandF_SP8_202304_Examiner Report.pdf","resources/past-papers/raw/SP8/Apr23/IandF_SP8_202304_Examiner Report.pdf","SP8/Apr23/IandF_SP8_202304_Examiner Report.pdf",".pdf","206886","F23081862F01ADFEFB91BC71CB1EA957D69C8BC5472C7F5EB483266A65BA2318","2026-06-15T23:23:20Z"
"SP8","C:\Users\Danha\Downloads\Organised Actuarial Past Papers\SP8\Apr23\SP8_April23_EXAM_Clean Proof.pdf","resources/past-papers/raw/SP8/Apr23/SP8_April23_EXAM_Clean Proof.pdf","SP8/Apr23/SP8_April23_EXAM_Clean Proof.pdf",".pdf","836427","EA327AEBF8A6FEEB97877915D5789BB5EEA0F8A04976631FD6E772BCDCB8EA4E","2026-06-15T23:23:20Z"
"SP8","C:\Users\Danha\Downloads\Organised Actuarial Past Papers\SP8\Apr24\SP8_April 2024_Examiner Report.pdf","resources/past-papers/raw/SP8/Apr24/SP8_April 2024_Examiner Report.pdf","SP8/Apr24/SP8_April 2024_Examiner Report.pdf",".pdf","520241","664AD515AABD5E2528D98F340804256E7435E986A60055A0B3A8735C7B3505F3","2026-06-15T23:23:20Z"
"SP8","C:\Users\Danha\Downloads\Organised Actuarial Past Papers\SP8\Apr24\SP8_April_2024_Exam_Paper.pdf","resources/past-papers/raw/SP8/Apr24/SP8_April_2024_Exam_Paper.pdf","SP8/Apr24/SP8_April_2024_Exam_Paper.pdf",".pdf","168469","DFA01BD1876BE5DDB3BF4E274A3E0642A66A99A083E50CD2475284EEF6C856D8","2026-06-15T23:23:20Z"
"SP8","C:\Users\Danha\Downloads\Organised Actuarial Past Papers\SP8\Apr25\SP8_April2025_Exam Paper.pdf","resources/past-papers/raw/SP8/Apr25/SP8_April2025_Exam Paper.pdf","SP8/Apr25/SP8_April2025_Exam Paper.pdf",".pdf","261486","B9FC4C46EF7DA236E028CE2163B401074BC29093C4AA5D0818216474150E1802","2026-06-15T23:23:20Z"
"SP8","C:\Users\Danha\Downloads\Organised Actuarial Past Papers\SP8\Apr25\SP8_April2025_Examiners' Report.pdf","resources/past-papers/raw/SP8/Apr25/SP8_April2025_Examiners' Report.pdf","SP8/Apr25/SP8_April2025_Examiners' Report.pdf",".pdf","836683","76BA6EF0717D7C8D0B00126282373565401B394887339BF7C941B84CAF8B783D","2026-06-15T23:23:20Z"
"SP8","C:\Users\Danha\Downloads\Organised Actuarial Past Papers\SP8\Sep20\IandF_SP8_202009_Examiners_Report.pdf","resources/past-papers/raw/SP8/Sep20/IandF_SP8_202009_Examiners_Report.pdf","SP8/Sep20/IandF_SP8_202009_Examiners_Report.pdf",".pdf","149114","D2FAF3A104A4F55E79E6C2F932A229DD03A7CA6641A0B2CC52FA287514E376C5","2026-06-15T23:23:20Z"
"SP8","C:\Users\Danha\Downloads\Organised Actuarial Past Papers\SP8\Sep20\IandF_SP8_202009_ExamPaper.pdf","resources/past-papers/raw/SP8/Sep20/IandF_SP8_202009_ExamPaper.pdf","SP8/Sep20/IandF_SP8_202009_ExamPaper.pdf",".pdf","2013586","06C08FB1AE46F1EB4644BD8BF3DE8E5A8908463026F58E1988F0D23DF90D6290","2026-06-15T23:23:20Z"
"SP8","C:\Users\Danha\Downloads\Organised Actuarial Past Papers\SP8\Sep21\IandF_SP8_202109_ Examiner Report.pdf","resources/past-papers/raw/SP8/Sep21/IandF_SP8_202109_ Examiner Report.pdf","SP8/Sep21/IandF_SP8_202109_ Examiner Report.pdf",".pdf","154122","5C681BE46D301D82F548165258585445008AF7F70154A35ED54BE17B32269B4D","2026-06-15T23:23:20Z"
"SP8","C:\Users\Danha\Downloads\Organised Actuarial Past Papers\SP8\Sep21\SP8_221_EXAM_Clean Proof.pdf","resources/past-papers/raw/SP8/Sep21/SP8_221_EXAM_Clean Proof.pdf","SP8/Sep21/SP8_221_EXAM_Clean Proof.pdf",".pdf","749281","CA982B56A652A4994F8961033E1D9981D83BB0F48EA6470B846AA8FFEBB6DF96","2026-06-15T23:23:20Z"
"SP8","C:\Users\Danha\Downloads\Organised Actuarial Past Papers\SP8\Sep22\IandF_SP8_202209_Examiner Report.pdf","resources/past-papers/raw/SP8/Sep22/IandF_SP8_202209_Examiner Report.pdf","SP8/Sep22/IandF_SP8_202209_Examiner Report.pdf",".pdf","225218","998EA249F5A8D48281E8B456BB74C8E0EB4C9F40EB69D2BE94782D7EB0B41325","2026-06-15T23:23:20Z"
"SP8","C:\Users\Danha\Downloads\Organised Actuarial Past Papers\SP8\Sep22\SP8_September22_EXAM.pdf","resources/past-papers/raw/SP8/Sep22/SP8_September22_EXAM.pdf","SP8/Sep22/SP8_September22_EXAM.pdf",".pdf","272698","8BDA7AB994809367CAFC58B4C6467E3BE33C904430033DE65135951ACAFDDB19","2026-06-15T23:23:20Z"
"SP8","C:\Users\Danha\Downloads\Organised Actuarial Past Papers\SP8\Sep23\IandF_SP8_202309_Examiner Report.pdf","resources/past-papers/raw/SP8/Sep23/IandF_SP8_202309_Examiner Report.pdf","SP8/Sep23/IandF_SP8_202309_Examiner Report.pdf",".pdf","143613","A8C3B6B0E1B6AC9863DD48E7CA1EDCFB5EC1E6621398BF34CDE6A82D7191DD8E","2026-06-15T23:23:20Z"
"SP8","C:\Users\Danha\Downloads\Organised Actuarial Past Papers\SP8\Sep23\SP8_September23_EXAM_Clean Proof.pdf","resources/past-papers/raw/SP8/Sep23/SP8_September23_EXAM_Clean Proof.pdf","SP8/Sep23/SP8_September23_EXAM_Clean Proof.pdf",".pdf","632740","202904BE5FDD16FA55068C0F1DFFFA838BDF84ADC76F61841B596D79BD77B499","2026-06-15T23:23:20Z"
"SP8","C:\Users\Danha\Downloads\Organised Actuarial Past Papers\SP8\Sep24\SP8_September 2024_Exam Paper.pdf","resources/past-papers/raw/SP8/Sep24/SP8_September 2024_Exam Paper.pdf","SP8/Sep24/SP8_September 2024_Exam Paper.pdf",".pdf","225200","F737FD9EE070482A0D0A29865CA9C134423003A6AD742245B83BD21D6FF6879F","2026-06-15T23:23:20Z"
"SP8","C:\Users\Danha\Downloads\Organised Actuarial Past Papers\SP8\Sep24\SP8_September 2024_Examiner Report.pdf","resources/past-papers/raw/SP8/Sep24/SP8_September 2024_Examiner Report.pdf","SP8/Sep24/SP8_September 2024_Examiner Report.pdf",".pdf","502764","68B8BD1FE742225649D9FAF4B204A0C346CA34E02560A2524EB31BE2292A29CE","2026-06-15T23:23:20Z"
"SP8","C:\Users\Danha\Downloads\Organised Actuarial Past Papers\SP8\Sep25\SP8_Sept25_Exam.pdf","resources/past-papers/raw/SP8/Sep25/SP8_Sept25_Exam.pdf","SP8/Sep25/SP8_Sept25_Exam.pdf",".pdf","192469","95C014C24B059B508F6BFA165EC071866C352FB9B4F6D0A28E4A3CA6034D7497","2026-06-15T23:23:20Z"
"SP9","C:\Users\Danha\Downloads\Organised Actuarial Past Papers\SP9\Apr21\IandF_SP9_202104_Examiners_Report.pdf","resources/past-papers/raw/SP9/Apr21/IandF_SP9_202104_Examiners_Report.pdf","SP9/Apr21/IandF_SP9_202104_Examiners_Report.pdf",".pdf","173838","FF9AF7037EFD2DDB1F8CA5DE540139A07A11C0B4BBB0D3935FAE321B55CE1E72","2026-06-15T23:23:20Z"
"SP9","C:\Users\Danha\Downloads\Organised Actuarial Past Papers\SP9\Apr21\SP9_121_EXAM.pdf","resources/past-papers/raw/SP9/Apr21/SP9_121_EXAM.pdf","SP9/Apr21/SP9_121_EXAM.pdf",".pdf","225287","BB09D1DB4A545467C596AC167A8B71740BA57F284087C16C51B0A61CF911EBA4","2026-06-15T23:23:20Z"
"SP9","C:\Users\Danha\Downloads\Organised Actuarial Past Papers\SP9\Apr22\IandF_SP9_202204_Examiner Report.pdf","resources/past-papers/raw/SP9/Apr22/IandF_SP9_202204_Examiner Report.pdf","SP9/Apr22/IandF_SP9_202204_Examiner Report.pdf",".pdf","127787","4F85A2A5B99AE41BE400DF12705DE5DFA8736B32273AF7E9874FCECF44159439","2026-06-15T23:23:20Z"
"SP9","C:\Users\Danha\Downloads\Organised Actuarial Past Papers\SP9\Apr22\SP9_April22_EXAM_Clean Proof.pdf","resources/past-papers/raw/SP9/Apr22/SP9_April22_EXAM_Clean Proof.pdf","SP9/Apr22/SP9_April22_EXAM_Clean Proof.pdf",".pdf","217093","932F9E2E291CDE778CF421E59B1E43059B144F5881F79C0C7CF25AEF55D001DE","2026-06-15T23:23:20Z"
"SP9","C:\Users\Danha\Downloads\Organised Actuarial Past Papers\SP9\Apr23\IandF_SP9_202304_Examiner report.pdf","resources/past-papers/raw/SP9/Apr23/IandF_SP9_202304_Examiner report.pdf","SP9/Apr23/IandF_SP9_202304_Examiner report.pdf",".pdf","151497","BD1B024C846D397AA6C10B981A624293C8698DB8BA3CDF84E8CA1877E732C029","2026-06-15T23:23:20Z"
"SP9","C:\Users\Danha\Downloads\Organised Actuarial Past Papers\SP9\Apr23\SP9_April23_EXAM_Clean Proof.pdf","resources/past-papers/raw/SP9/Apr23/SP9_April23_EXAM_Clean Proof.pdf","SP9/Apr23/SP9_April23_EXAM_Clean Proof.pdf",".pdf","223123","61BDB3533B83BE21DDBD5232F94994DE42A524E51298EA707C56BC0B11FA7FF7","2026-06-15T23:23:20Z"
"SP9","C:\Users\Danha\Downloads\Organised Actuarial Past Papers\SP9\Apr24\SP9_April 2024_Examiner Report.pdf","resources/past-papers/raw/SP9/Apr24/SP9_April 2024_Examiner Report.pdf","SP9/Apr24/SP9_April 2024_Examiner Report.pdf",".pdf","440933","B258F214F75544FE5667661ACF833DE0952A65A188D7E89502B58622504BA044","2026-06-15T23:23:20Z"
"SP9","C:\Users\Danha\Downloads\Organised Actuarial Past Papers\SP9\Apr24\SP9_April_2024_Exam_Paper.pdf","resources/past-papers/raw/SP9/Apr24/SP9_April_2024_Exam_Paper.pdf","SP9/Apr24/SP9_April_2024_Exam_Paper.pdf",".pdf","188494","135903CD49B5AABDAF5BBE85BC7861C4442555CAA17082766B269BBDFF4FE2E5","2026-06-15T23:23:20Z"
"SP9","C:\Users\Danha\Downloads\Organised Actuarial Past Papers\SP9\Apr25\SP9_April2025_Exam Paper.pdf","resources/past-papers/raw/SP9/Apr25/SP9_April2025_Exam Paper.pdf","SP9/Apr25/SP9_April2025_Exam Paper.pdf",".pdf","152102","A085165DDFD5438AA5502E0798B7B214F8B0977D620D4BF26DE0649C25C7E7CA","2026-06-15T23:23:20Z"
"SP9","C:\Users\Danha\Downloads\Organised Actuarial Past Papers\SP9\Apr25\SP9_April2025_Examiners' Report.pdf","resources/past-papers/raw/SP9/Apr25/SP9_April2025_Examiners' Report.pdf","SP9/Apr25/SP9_April2025_Examiners' Report.pdf",".pdf","874751","28F1482BDF1DB1F7E440878591761E16E3277F0B490112A93BEC55DB28EC624E","2026-06-15T23:23:20Z"
"SP9","C:\Users\Danha\Downloads\Organised Actuarial Past Papers\SP9\Sep20\IandF_SP9_202009_Examiners_Report.pdf","resources/past-papers/raw/SP9/Sep20/IandF_SP9_202009_Examiners_Report.pdf","SP9/Sep20/IandF_SP9_202009_Examiners_Report.pdf",".pdf","129687","24F3FEFB47E786339277F07DB8A7BA4D7031E6F435CA5E89ACAC759DBA65BDC8","2026-06-15T23:23:20Z"
"SP9","C:\Users\Danha\Downloads\Organised Actuarial Past Papers\SP9\Sep20\IandF_SP9_202009_ExamPaper.pdf","resources/past-papers/raw/SP9/Sep20/IandF_SP9_202009_ExamPaper.pdf","SP9/Sep20/IandF_SP9_202009_ExamPaper.pdf",".pdf","259715","DD63142270A8FBFA508CE3DD6312A86DEA70ABED3FC5769AA3A7A5F727513641","2026-06-15T23:23:20Z"
"SP9","C:\Users\Danha\Downloads\Organised Actuarial Past Papers\SP9\Sep21\IandF_SP9_202109_ Examiner Report.pdf","resources/past-papers/raw/SP9/Sep21/IandF_SP9_202109_ Examiner Report.pdf","SP9/Sep21/IandF_SP9_202109_ Examiner Report.pdf",".pdf","176736","591CB43960A7DB4CC53EF59321245F763BAD13B11429CD7174218DD95BFEA8F5","2026-06-15T23:23:20Z"
"SP9","C:\Users\Danha\Downloads\Organised Actuarial Past Papers\SP9\Sep21\SP9_221_EXAM_Clean Proof.pdf","resources/past-papers/raw/SP9/Sep21/SP9_221_EXAM_Clean Proof.pdf","SP9/Sep21/SP9_221_EXAM_Clean Proof.pdf",".pdf","221944","C41EE02AD9BDC46BA2CB917A5BCD8D2067A5136C2D253407139E943486CF5DAC","2026-06-15T23:23:20Z"
"SP9","C:\Users\Danha\Downloads\Organised Actuarial Past Papers\SP9\Sep22\IandF_SP9_202209_Examiner Report.pdf","resources/past-papers/raw/SP9/Sep22/IandF_SP9_202209_Examiner Report.pdf","SP9/Sep22/IandF_SP9_202209_Examiner Report.pdf",".pdf","150447","73B9616D8988C56EB59AAC932DDA8958F3682BB0DC63F451A11B9DC487BBB4AF","2026-06-15T23:23:20Z"
"SP9","C:\Users\Danha\Downloads\Organised Actuarial Past Papers\SP9\Sep22\SP9_September22_EXAM.pdf","resources/past-papers/raw/SP9/Sep22/SP9_September22_EXAM.pdf","SP9/Sep22/SP9_September22_EXAM.pdf",".pdf","199989","6922FE38A16869913DA37129D573259F0E511349DDD1E68EC91EDAA5182DD1D7","2026-06-15T23:23:20Z"
"SP9","C:\Users\Danha\Downloads\Organised Actuarial Past Papers\SP9\Sep23\IandF_SP9_202309_Examiner Report.pdf","resources/past-papers/raw/SP9/Sep23/IandF_SP9_202309_Examiner Report.pdf","SP9/Sep23/IandF_SP9_202309_Examiner Report.pdf",".pdf","125610","225F4ED1561B2BD1933A3AFDA0C6A5115BEEDFF58BD868D4DC93954BE5EF93ED","2026-06-15T23:23:20Z"
"SP9","C:\Users\Danha\Downloads\Organised Actuarial Past Papers\SP9\Sep23\SP9_September 23_EXAM_Clean Proof.pdf","resources/past-papers/raw/SP9/Sep23/SP9_September 23_EXAM_Clean Proof.pdf","SP9/Sep23/SP9_September 23_EXAM_Clean Proof.pdf",".pdf","196179","BBBA3C43CBA292EC72FEB2550689AC30134E08F2E34CA97AA7D0CF69D7E3157E","2026-06-15T23:23:20Z"
"SP9","C:\Users\Danha\Downloads\Organised Actuarial Past Papers\SP9\Sep24\SP9_September 2024_Exam Paper.pdf","resources/past-papers/raw/SP9/Sep24/SP9_September 2024_Exam Paper.pdf","SP9/Sep24/SP9_September 2024_Exam Paper.pdf",".pdf","179637","30A79420170C17DCE4427D937B6055839B39C7A9D52CA24F913B9602748950B2","2026-06-15T23:23:20Z"
"SP9","C:\Users\Danha\Downloads\Organised Actuarial Past Papers\SP9\Sep24\SP9_September 2024_Examiner Report.pdf","resources/past-papers/raw/SP9/Sep24/SP9_September 2024_Examiner Report.pdf","SP9/Sep24/SP9_September 2024_Examiner Report.pdf",".pdf","378352","82D645CD257494660C0D7B308FFB23A72EFC13656C3D574050D3F4546FE8ACD4","2026-06-15T23:23:20Z"
"SP9","C:\Users\Danha\Downloads\Organised Actuarial Past Papers\SP9\Sep25\SP9_Sept2025_Exam.pdf","resources/past-papers/raw/SP9/Sep25/SP9_Sept2025_Exam.pdf","SP9/Sep25/SP9_Sept2025_Exam.pdf",".pdf","177928","0F2753AF147ECE31A70A70381E232C3DFA8CCFB494C244291A46190FA07D870F","2026-06-15T23:23:20Z"
